year,driverId,driver_first_name,driver_last_name,total_points,races_started,average_grid,average_finish,podiums,wins,best_finish,championship_position,championship_points,championship_wins,target_year,champion_driverId,champion_next_season
1950,427,Maurice,Trintignant,0.0,2,12.5,18.5,0,0,16,63.0,0.0,0.0,1951,579.0,0
1950,498,José Froilán,González,0.0,2,5.5,14.0,0,0,10,57.0,0.0,0.0,1951,579.0,0
1950,501,Harry,Schell,0.0,2,19.0,13.5,0,0,8,33.0,0.0,0.0,1951,579.0,0
1950,509,Jim,Rathmann,0.0,1,28.0,24.0,0,0,24,55.0,0.0,0.0,1951,579.0,0
1950,518,Duane,Carter,0.0,1,13.0,12.0,0,0,12,43.0,0.0,0.0,1951,579.0,0
1950,520,Gene,Hartley,0.0,1,31.0,16.0,0,0,16,47.0,0.0,0.0,1951,579.0,0
1950,526,Troy,Ruttman,0.0,1,24.0,15.0,0,0,15,46.0,0.0,0.0,1951,579.0,0
1950,529,Tony,Bettenhausen,1.0,1,8.5,18.0,0,0,5,21.0,1.0,0.0,1951,579.0,0
1950,537,Dick,Rathmann,0.0,1,18.0,32.0,0,0,32,79.0,0.0,0.0,1951,579.0,0
1950,555,Paul,Russo,0.0,1,19.0,9.0,0,0,9,37.0,0.0,0.0,1951,579.0,0
1950,559,Pat,Flaherty,0.0,1,11.0,10.0,0,0,10,39.0,0.0,0.0,1951,579.0,0
1950,579,Juan,Fangio,27.0,6,2.2857142857142856,7.857142857142857,3,3,1,2.0,27.0,3.0,1951,579.0,1
1950,589,Louis,Chiron,4.0,5,13.4,13.4,1,0,3,10.0,4.0,0.0,1951,579.0,0
1950,593,Johnnie,Parsons,9.0,1,5.0,1.0,1,1,1,6.0,9.0,1.0,1951,579.0,0
1950,611,Sam,Hanks,0.0,1,25.0,30.0,0,0,30,78.0,0.0,0.0,1951,579.0,0
1950,615,Fred,Agabashian,0.0,1,2.0,28.0,0,0,28,76.0,0.0,0.0,1951,579.0,0
1950,619,Bob,Gerard,0.0,2,14.5,6.0,0,0,6,24.0,0.0,0.0,1951,579.0,0
1950,626,Robert,Manzon,3.0,3,11.0,14.0,0,0,4,16.0,3.0,0.0,1951,579.0,0
1950,627,Louis,Rosier,13.0,6,10.142857142857142,6.571428571428571,2,0,3,4.0,13.0,0.0,1951,579.0,0
1950,630,Duke,Dinsmore,0.0,1,7.0,33.0,0,0,33,80.0,0.0,0.0,1951,579.0,0
1950,633,Luigi,Villoresi,0.0,3,4.666666666666667,10.0,0,0,6,25.0,0.0,0.0,1951,579.0,0
1950,640,Toulo,de Graffenried,0.0,4,12.0,11.0,0,0,6,23.0,0.0,0.0,1951,579.0,0
1950,641,Piero,Taruffi,0.0,1,7.0,13.0,0,0,13,61.0,0.0,0.0,1951,579.0,0
1950,642,Nino,Farina,30.0,6,1.8333333333333333,4.166666666666667,3,3,1,1.0,30.0,3.0,1951,579.0,0
1950,647,Alberto,Ascari,11.0,4,5.4,8.6,2,0,2,5.0,11.0,0.0,1951,579.0,0
1950,653,Jimmy,Davies,0.0,1,27.0,17.0,0,0,17,48.0,0.0,0.0,1951,579.0,0
1950,654,Walt,Faulkner,0.0,1,1.0,7.0,0,0,7,31.0,0.0,0.0,1951,579.0,0
1950,658,Jack,McGrath,0.0,1,6.0,14.0,0,0,14,45.0,0.0,0.0,1951,579.0,0
1950,659,Jerry,Hoyt,0.0,1,15.0,21.0,0,0,21,52.0,0.0,0.0,1951,579.0,0
1950,660,Johnny,Claes,0.0,6,17.333333333333332,10.5,0,0,7,28.0,0.0,0.0,1951,579.0,0
1950,661,Peter,Walker,0.0,1,10.0,20.0,0,0,20,68.0,0.0,0.0,1951,579.0,0
1950,666,Tony,Rolt,0.0,1,10.0,20.0,0,0,20,67.0,0.0,0.0,1951,579.0,0
1950,669,Prince,Bira,5.0,4,10.75,12.0,0,0,4,8.0,5.0,0.0,1951,579.0,0
1950,677,Travis,Webb,0.0,1,14.0,20.0,0,0,20,51.0,0.0,0.0,1951,579.0,0
1950,686,Reg,Parnell,4.0,2,7.5,8.0,1,0,3,11.0,4.0,0.0,1951,579.0,0
1950,687,Peter,Whitehead,4.0,3,19.0,10.0,1,0,3,9.0,4.0,0.0,1951,579.0,0
1950,697,Felice,Bonetto,2.0,3,15.0,14.0,0,0,5,19.0,2.0,0.0,1951,579.0,0
1950,701,Bill,Holland,6.0,1,10.0,2.0,1,0,2,7.0,6.0,0.0,1951,579.0,0
1950,704,Yves,Cabantous,3.0,4,6.75,11.0,0,0,4,14.0,3.0,0.0,1951,579.0,0
1950,726,George,Connor,0.0,1,4.0,8.0,0,0,8,34.0,0.0,0.0,1951,579.0,0
1950,729,Bill,Schindler,0.0,1,22.0,26.0,0,0,26,73.0,0.0,0.0,1951,579.0,0
1950,731,Henry,Banks,0.0,1,21.0,25.0,0,0,25,81.0,0.0,0.0,1951,579.0,0
1950,732,Johnny,McDowell,0.0,1,33.0,18.0,0,0,18,49.0,0.0,0.0,1951,579.0,0
1950,740,Franco,Comotti,0.0,1,26.0,20.0,0,0,20,66.0,0.0,0.0,1951,579.0,0
1950,741,Philippe,Étancelin,3.0,6,8.333333333333334,8.833333333333334,0,0,5,18.0,3.0,0.0,1951,579.0,0
1950,747,David,Murray,0.0,2,21.0,11.5,0,0,8,56.0,0.0,0.0,1951,579.0,0
1950,756,Paul,Pietsch,0.0,1,27.0,26.0,0,0,26,72.0,0.0,0.0,1951,579.0,0
1950,762,Franco,Rol,0.0,3,11.0,14.666666666666666,0,0,12,59.0,0.0,0.0,1951,579.0,0
1950,763,Consalvo,Sanesi,0.0,1,4.0,23.0,0,0,23,71.0,0.0,0.0,1951,579.0,0
1950,764,Guy,Mairesse,0.0,1,11.0,11.0,0,0,11,58.0,0.0,0.0,1951,579.0,0
1950,765,Henri,Louveau,0.0,1,16.0,19.0,0,0,19,65.0,0.0,0.0,1951,579.0,0
1950,766,Lee,Wallard,0.0,1,23.0,6.0,0,0,6,27.0,0.0,0.0,1951,579.0,0
1950,768,Mauri,Rose,4.0,1,3.0,3.0,1,0,3,12.0,4.0,0.0,1951,579.0,0
1950,770,Cecil,Green,3.0,1,12.0,4.0,0,0,4,17.0,3.0,0.0,1951,579.0,0
1950,771,Walt,Brown,0.0,1,20.0,19.0,0,0,19,50.0,0.0,0.0,1951,579.0,0
1950,772,Mack,Hellings,0.0,1,26.0,13.0,0,0,13,44.0,0.0,0.0,1951,579.0,0
1950,773,Pierre,Levegh,0.0,3,13.0,10.0,0,0,7,29.0,0.0,0.0,1951,579.0,0
1950,774,Eugène,Chaboud,1.0,2,8.5,8.0,0,0,5,20.0,1.0,0.0,1951,579.0,0
1950,776,Joe,Kelly,0.0,1,19.0,13.0,0,0,13,60.0,0.0,0.0,1951,579.0,0
1950,778,Brian,Shawe Taylor,0.0,1,20.0,10.0,0,0,10,41.0,0.0,0.0,1951,579.0,0
1950,780,Toni,Branca,0.0,2,14.0,10.5,0,0,10,38.0,0.0,0.0,1951,579.0,0
1950,784,David,Hampshire,0.0,2,16.5,12.5,0,0,9,36.0,0.0,0.0,1951,579.0,0
1950,785,Geoff,Crossley,0.0,2,14.5,12.5,0,0,9,35.0,0.0,0.0,1951,579.0,0
1950,786,Luigi,Fagioli,28.0,6,3.5,3.8333333333333335,5,0,2,3.0,24.0,0.0,1951,579.0,0
1950,787,Cuth,Harrison,0.0,3,16.666666666666668,11.0,0,0,7,30.0,0.0,0.0,1951,579.0,0
1950,788,Joe,Fry,0.0,1,20.0,10.0,0,0,10,40.0,0.0,0.0,1951,579.0,0
1950,789,Eugène,Martin,0.0,2,8.0,16.5,0,0,14,62.0,0.0,0.0,1951,579.0,0
1950,790,Leslie,Johnson,0.0,1,12.0,21.0,0,0,21,69.0,0.0,0.0,1951,579.0,0
1950,791,Clemente,Biondetti,0.0,1,25.0,18.0,0,0,18,64.0,0.0,0.0,1951,579.0,0
1950,792,Alfredo,Pián,0.0,1,18.0,21.0,0,0,21,70.0,0.0,0.0,1951,579.0,0
1950,793,Raymond,Sommer,3.0,5,10.2,11.6,0,0,4,15.0,3.0,0.0,1951,579.0,0
1950,794,Joie,Chitwood,1.0,1,9.0,5.0,0,0,5,22.0,1.0,0.0,1951,579.0,0
1950,795,Myron,Fohr,0.0,1,16.0,11.0,0,0,11,42.0,0.0,0.0,1951,579.0,0
1950,796,Walt,Ader,0.0,1,29.0,22.0,0,0,22,53.0,0.0,0.0,1951,579.0,0
1950,797,Jackie,Holmes,0.0,1,30.0,23.0,0,0,23,54.0,0.0,0.0,1951,579.0,0
1950,798,Bayliss,Levrett,0.0,1,17.0,27.0,0,0,27,75.0,0.0,0.0,1951,579.0,0
1950,799,Jimmy,Jackson,0.0,1,32.0,29.0,0,0,29,77.0,0.0,0.0,1951,579.0,0
1950,800,Nello,Pagani,0.0,1,15.0,7.0,0,0,7,32.0,0.0,0.0,1951,579.0,0
1950,801,Charles,Pozzi,0.0,1,15.0,6.0,0,0,6,26.0,0.0,0.0,1951,579.0,0
1950,802,Dorino,Serafini,3.0,1,6.0,2.0,1,0,2,13.0,3.0,0.0,1951,579.0,0
1950,803,Bill,Cantrell,0.0,1,17.0,27.0,0,0,27,74.0,0.0,0.0,1951,579.0,0
1951,427,Maurice,Trintignant,0.0,4,13.75,14.0,0,0,11,45.0,0.0,0.0,1952,647.0,0
1951,429,André,Pilette,0.0,1,12.0,6.0,0,0,6,24.0,0.0,0.0,1952,647.0,0
1951,449,Rodger,Ward,0.0,1,25.0,27.0,0,0,27,78.0,0.0,0.0,1952,647.0,0
1951,475,Stirling,Moss,0.0,1,14.0,8.0,0,0,8,33.0,0.0,0.0,1952,647.0,0
1951,498,José Froilán,González,27.0,6,4.833333333333333,5.0,5,1,1,3.0,24.0,1.0,1952,647.0,0
1951,501,Harry,Schell,0.0,2,19.5,14.0,0,0,12,42.0,0.0,0.0,1952,647.0,0
1951,518,Duane,Carter,0.0,1,4.0,8.0,0,0,8,31.0,0.0,0.0,1952,647.0,0
1951,521,Chuck,Stevenson,0.0,1,19.0,20.0,0,0,20,67.0,0.0,0.0,1952,647.0,0
1951,526,Troy,Ruttman,0.0,1,6.0,23.0,0,0,23,74.0,0.0,0.0,1952,647.0,0
1951,529,Tony,Bettenhausen,0.0,1,9.0,9.0,0,0,9,43.0,0.0,0.0,1952,647.0,0
1951,534,Gene,Force,0.0,1,22.0,11.0,0,0,11,46.0,0.0,0.0,1952,647.0,0
1951,579,Juan,Fangio,37.0,7,2.25,4.625,5,3,1,1.0,31.0,3.0,1952,647.0,0
1951,580,Paco,Godia,0.0,1,17.0,10.0,0,0,10,39.0,0.0,0.0,1952,647.0,0
1951,589,Louis,Chiron,0.0,7,13.0,13.285714285714286,0,0,6,20.0,0.0,0.0,1952,647.0,0
1951,593,Johnnie,Parsons,0.0,1,8.0,21.0,0,0,21,71.0,0.0,0.0,1952,647.0,0
1951,609,André,Simon,0.0,4,13.5,13.5,0,0,6,22.0,0.0,0.0,1952,647.0,0
1951,611,Sam,Hanks,0.0,1,12.0,12.0,0,0,12,47.0,0.0,0.0,1952,647.0,0
1951,612,Andy,Linden,3.0,1,31.0,4.0,0,0,4,14.0,3.0,0.0,1952,647.0,0
1951,615,Fred,Agabashian,0.0,1,11.0,17.0,0,0,17,58.0,0.0,0.0,1952,647.0,0
1951,619,Bob,Gerard,0.0,1,10.0,11.0,0,0,11,40.0,0.0,0.0,1952,647.0,0
1951,622,Chico,Landi,0.0,1,16.0,20.0,0,0,20,66.0,0.0,0.0,1952,647.0,0
1951,626,Robert,Manzon,0.0,4,13.5,12.0,0,0,7,25.0,0.0,0.0,1952,647.0,0
1951,627,Louis,Rosier,3.0,7,12.428571428571429,8.285714285714286,0,0,4,13.0,3.0,0.0,1952,647.0,0
1951,629,Cliff,Griffith,0.0,1,18.0,28.0,0,0,28,79.0,0.0,0.0,1952,647.0,0
1951,630,Duke,Dinsmore,0.0,1,32.0,24.0,0,0,24,75.0,0.0,0.0,1952,647.0,0
1951,633,Luigi,Villoresi,18.0,7,4.285714285714286,6.714285714285714,3,0,3,5.0,15.0,0.0,1952,647.0,0
1951,640,Toulo,de Graffenried,2.0,5,10.4,14.6,0,0,5,16.0,2.0,0.0,1952,647.0,0
1951,641,Piero,Taruffi,10.0,5,6.0,7.6,1,0,2,6.0,10.0,0.0,1952,647.0,0
1951,642,Nino,Farina,22.0,7,3.25,7.875,4,1,1,4.0,19.0,1.0,1952,647.0,0
1951,647,Alberto,Ascari,28.0,7,3.625,6.25,4,2,1,2.0,25.0,2.0,1952,647.0,1
1951,653,Jimmy,Davies,0.0,1,27.0,16.0,0,0,16,53.0,0.0,0.0,1952,647.0,0
1951,654,Walt,Faulkner,0.0,1,14.0,15.0,0,0,15,50.0,0.0,0.0,1952,647.0,0
1951,657,Bill,Vukovich,0.0,1,20.0,29.0,0,0,29,80.0,0.0,0.0,1952,647.0,0
1951,658,Jack,McGrath,2.0,1,3.0,3.0,1,0,3,15.0,2.0,0.0,1952,647.0,0
1951,660,Johnny,Claes,0.0,7,15.571428571428571,12.285714285714286,0,0,7,26.0,0.0,0.0,1952,647.0,0
1951,661,Peter,Walker,0.0,1,19.0,7.0,0,0,7,28.0,0.0,0.0,1952,647.0,0
1951,669,Prince,Bira,0.0,1,19.0,19.0,0,0,19,62.0,0.0,0.0,1952,647.0,0
1951,670,Onofre,Marimón,0.0,1,15.0,21.0,0,0,21,70.0,0.0,0.0,1952,647.0,0
1951,673,Mike,Nazaruk,6.0,1,7.0,2.0,1,0,2,9.0,6.0,0.0,1952,647.0,0
1951,675,Manny,Ayulo,2.0,1,3.0,3.0,1,0,3,19.0,2.0,0.0,1952,647.0,0
1951,680,Jacques,Swaters,0.0,2,22.0,12.5,0,0,10,38.0,0.0,0.0,1952,647.0,0
1951,686,Reg,Parnell,5.0,3,12.333333333333334,10.0,0,0,4,10.0,5.0,0.0,1952,647.0,0
1951,687,Peter,Whitehead,0.0,4,14.0,16.5,0,0,9,36.0,0.0,0.0,1952,647.0,0
1951,697,Felice,Bonetto,7.0,4,8.0,6.5,1,0,3,8.0,7.0,0.0,1952,647.0,0
1951,699,Duke,Nalon,0.0,1,1.0,10.0,0,0,10,44.0,0.0,0.0,1952,647.0,0
1951,700,Carl,Scarborough,0.0,1,15.0,18.0,0,0,18,61.0,0.0,0.0,1952,647.0,0
1951,704,Yves,Cabantous,2.0,6,12.166666666666666,11.166666666666666,0,0,5,17.0,2.0,0.0,1952,647.0,0
1951,708,Duncan,Hamilton,0.0,2,15.5,13.5,0,0,12,41.0,0.0,0.0,1952,647.0,0
1951,721,Peter,Hirt,0.0,1,16.0,21.0,0,0,21,69.0,0.0,0.0,1952,647.0,0
1951,723,Rudi,Fischer,0.0,2,9.0,8.5,0,0,6,21.0,0.0,0.0,1952,647.0,0
1951,725,George,Abecassis,0.0,1,20.0,17.0,0,0,17,57.0,0.0,0.0,1952,647.0,0
1951,726,George,Connor,0.0,1,21.0,30.0,0,0,30,81.0,0.0,0.0,1952,647.0,0
1951,728,Joe,James,0.0,1,30.0,33.0,0,0,33,84.0,0.0,0.0,1952,647.0,0
1951,729,Bill,Schindler,0.0,1,16.0,13.0,0,0,13,48.0,0.0,0.0,1952,647.0,0
1951,731,Henry,Banks,0.0,1,17.0,6.0,0,0,6,23.0,0.0,0.0,1952,647.0,0
1951,732,Johnny,McDowell,0.0,1,26.0,32.0,0,0,32,83.0,0.0,0.0,1952,647.0,0
1951,733,Chet,Miller,0.0,1,28.0,25.0,0,0,25,76.0,0.0,0.0,1952,647.0,0
1951,734,Bobby,Ball,2.0,1,29.0,5.0,0,0,5,18.0,2.0,0.0,1952,647.0,0
1951,741,Philippe,Étancelin,0.0,5,13.2,12.8,0,0,8,30.0,0.0,0.0,1952,647.0,0
1951,747,David,Murray,0.0,1,15.0,18.0,0,0,18,60.0,0.0,0.0,1952,647.0,0
1951,756,Paul,Pietsch,0.0,1,7.0,16.0,0,0,16,56.0,0.0,0.0,1952,647.0,0
1951,762,Franco,Rol,0.0,1,18.0,9.0,0,0,9,37.0,0.0,0.0,1952,647.0,0
1951,763,Consalvo,Sanesi,3.0,4,5.25,7.75,0,0,4,12.0,3.0,0.0,1952,647.0,0
1951,764,Guy,Mairesse,0.0,2,20.0,11.5,0,0,9,35.0,0.0,0.0,1952,647.0,0
1951,765,Henri,Louveau,0.0,1,11.0,16.0,0,0,16,55.0,0.0,0.0,1952,647.0,0
1951,766,Lee,Wallard,9.0,1,2.0,1.0,1,1,1,7.0,9.0,1.0,1952,647.0,0
1951,767,Carl,Forberg,0.0,1,24.0,7.0,0,0,7,27.0,0.0,0.0,1952,647.0,0
1951,768,Mauri,Rose,0.0,1,5.0,14.0,0,0,14,49.0,0.0,0.0,1952,647.0,0
1951,769,Bill,Mackey,0.0,1,33.0,19.0,0,0,19,63.0,0.0,0.0,1952,647.0,0
1951,770,Cecil,Green,0.0,1,10.0,22.0,0,0,22,72.0,0.0,0.0,1952,647.0,0
1951,771,Walt,Brown,0.0,1,13.0,26.0,0,0,26,77.0,0.0,0.0,1952,647.0,0
1951,772,Mack,Hellings,0.0,1,23.0,31.0,0,0,31,82.0,0.0,0.0,1952,647.0,0
1951,773,Pierre,Levegh,0.0,3,17.333333333333332,10.333333333333334,0,0,8,29.0,0.0,0.0,1952,647.0,0
1951,774,Eugène,Chaboud,0.0,1,14.0,8.0,0,0,8,32.0,0.0,0.0,1952,647.0,0
1951,775,Aldo,Gordini,0.0,1,17.0,15.0,0,0,15,51.0,0.0,0.0,1952,647.0,0
1951,776,Joe,Kelly,0.0,1,18.0,15.0,0,0,15,52.0,0.0,0.0,1952,647.0,0
1951,777,Philip,Fotheringham-Parker,0.0,1,16.0,17.0,0,0,17,59.0,0.0,0.0,1952,647.0,0
1951,778,Brian,Shawe Taylor,0.0,1,12.0,8.0,0,0,8,34.0,0.0,0.0,1952,647.0,0
1951,779,John,James,0.0,1,17.0,20.0,0,0,20,64.0,0.0,0.0,1952,647.0,0
1951,780,Toni,Branca,0.0,1,17.0,21.0,0,0,21,68.0,0.0,0.0,1952,647.0,0
1951,781,Ken,Richardson,0.0,1,10.0,22.0,0,0,22,73.0,0.0,0.0,1952,647.0,0
1951,782,Juan,Jover,0.0,1,18.0,20.0,0,0,20,65.0,0.0,0.0,1952,647.0,0
1951,783,Georges,Grignard,0.0,1,16.0,16.0,0,0,16,54.0,0.0,0.0,1952,647.0,0
1951,786,Luigi,Fagioli,4.0,1,4.0,6.0,1,1,1,11.0,4.0,1.0,1952,647.0,0
1952,427,Maurice,Trintignant,2.0,5,7.8,16.2,0,0,5,17.0,2.0,0.0,1953,647.0,0
1952,449,Rodger,Ward,0.0,1,22.0,23.0,0,0,23,89.0,0.0,0.0,1953,647.0,0
1952,456,Roy,Salvadori,0.0,1,19.0,8.0,0,0,8,41.0,0.0,0.0,1953,647.0,0
1952,475,Stirling,Moss,0.0,5,10.8,17.2,0,0,11,73.0,0.0,0.0,1953,647.0,0
1952,498,José Froilán,González,6.5,1,5.0,2.0,1,0,2,9.0,6.5,0.0,1953,647.0,0
1952,501,Harry,Schell,0.0,3,18.25,15.5,0,0,11,66.0,0.0,0.0,1953,647.0,0
1952,509,Jim,Rathmann,6.0,1,10.0,2.0,1,0,2,10.0,6.0,0.0,1953,647.0,0
1952,513,Eddie,Johnson,0.0,1,24.0,16.0,0,0,16,65.0,0.0,0.0,1953,647.0,0
1952,518,Duane,Carter,3.0,1,6.0,4.0,0,0,4,15.0,3.0,0.0,1953,647.0,0
1952,520,Gene,Hartley,0.0,1,18.0,28.0,0,0,28,98.0,0.0,0.0,1953,647.0,0
1952,521,Chuck,Stevenson,0.0,1,11.0,18.0,0,0,18,68.0,0.0,0.0,1953,647.0,0
1952,525,Jimmy,Bryan,0.0,1,21.0,6.0,0,0,6,27.0,0.0,0.0,1953,647.0,0
1952,526,Troy,Ruttman,8.0,1,7.0,1.0,1,1,1,7.0,8.0,1.0,1953,647.0,0
1952,529,Tony,Bettenhausen,0.0,1,30.0,24.0,0,0,24,91.0,0.0,0.0,1953,647.0,0
1952,554,Jean,Behra,6.0,6,7.333333333333333,11.166666666666666,1,0,3,11.0,6.0,0.0,1953,647.0,0
1952,578,Mike,Hawthorn,10.0,5,8.6,8.8,1,0,3,5.0,10.0,0.0,1953,647.0,0
1952,581,Peter,Collins,0.0,5,7.8,18.8,0,0,6,26.0,0.0,0.0,1953,647.0,0
1952,592,Jimmy,Reece,0.0,1,23.0,7.0,0,0,7,32.0,0.0,0.0,1953,647.0,0
1952,593,Johnnie,Parsons,0.0,1,31.0,10.0,0,0,10,50.0,0.0,0.0,1953,647.0,0
1952,609,André,Simon,0.0,2,6.0,8.0,0,0,6,25.0,0.0,0.0,1953,647.0,0
1952,611,Sam,Hanks,4.0,1,5.0,3.0,1,0,3,12.0,4.0,0.0,1953,647.0,0
1952,612,Andy,Linden,0.0,1,2.0,33.0,0,0,33,104.0,0.0,0.0,1953,647.0,0
1952,615,Fred,Agabashian,0.0,1,1.0,27.0,0,0,27,96.0,0.0,0.0,1953,647.0,0
1952,622,Chico,Landi,0.0,2,17.0,8.5,0,0,8,36.0,0.0,0.0,1953,647.0,0
1952,625,Élie,Bayol,0.0,1,10.0,24.0,0,0,24,90.0,0.0,0.0,1953,647.0,0
1952,626,Robert,Manzon,9.0,7,4.714285714285714,11.714285714285714,1,0,3,6.0,9.0,0.0,1953,647.0,0
1952,627,Louis,Rosier,0.0,4,15.75,16.75,0,0,10,48.0,0.0,0.0,1953,647.0,0
1952,628,Bob,Sweikert,0.0,1,32.0,26.0,0,0,26,95.0,0.0,0.0,1953,647.0,0
1952,629,Cliff,Griffith,0.0,1,9.0,9.0,0,0,9,44.0,0.0,0.0,1953,647.0,0
1952,632,Paul,Frère,2.0,3,10.666666666666666,15.333333333333334,0,0,5,18.0,2.0,0.0,1953,647.0,0
1952,633,Luigi,Villoresi,8.0,2,3.0,3.0,2,0,3,8.0,8.0,0.0,1953,647.0,0
1952,640,Toulo,de Graffenried,0.0,4,12.75,16.75,0,0,6,24.0,0.0,0.0,1953,647.0,0
1952,641,Piero,Taruffi,22.0,6,3.6666666666666665,5.666666666666667,3,1,1,3.0,22.0,1.0,1953,647.0,0
1952,642,Nino,Farina,27.0,7,2.125,5.375,4,0,2,2.0,24.0,0.0,1953,647.0,0
1952,647,Alberto,Ascari,53.5,7,3.7142857142857144,5.285714285714286,6,6,1,1.0,36.0,6.0,1953,647.0,1
1952,651,Lance,Macklin,0.0,6,13.0,14.666666666666666,0,0,8,34.0,0.0,0.0,1953,647.0,0
1952,656,Art,Cross,2.0,1,20.0,5.0,0,0,5,20.0,2.0,0.0,1953,647.0,0
1952,657,Bill,Vukovich,1.0,1,8.0,17.0,0,0,17,22.0,1.0,0.0,1953,647.0,0
1952,658,Jack,McGrath,0.0,1,3.0,11.0,0,0,11,53.0,0.0,0.0,1953,647.0,0
1952,660,Johnny,Claes,0.0,5,18.8,17.0,0,0,8,37.0,0.0,0.0,1953,647.0,0
1952,663,Ken,Wharton,3.0,4,10.5,10.5,0,0,4,13.0,3.0,0.0,1953,647.0,0
1952,664,Kenneth,McAlpine,0.0,2,9.5,19.0,0,0,16,64.0,0.0,0.0,1953,647.0,0
1952,669,Prince,Bira,0.0,4,11.5,10.75,0,0,9,46.0,0.0,0.0,1953,647.0,0
1952,675,Manny,Ayulo,0.0,1,28.0,20.0,0,0,20,70.0,0.0,0.0,1953,647.0,0
1952,677,Travis,Webb,0.0,1,29.0,22.0,0,0,22,88.0,0.0,0.0,1953,647.0,0
1952,686,Reg,Parnell,0.0,1,6.0,7.0,0,0,7,31.0,0.0,0.0,1953,647.0,0
1952,687,Peter,Whitehead,0.0,3,11.0,18.333333333333332,0,0,10,47.0,0.0,0.0,1953,647.0,0
1952,688,Eric,Brandon,0.0,4,16.75,12.5,0,0,8,35.0,0.0,0.0,1953,647.0,0
1952,689,Alan,Brown,2.0,4,12.25,12.0,0,0,5,16.0,2.0,0.0,1953,647.0,0
1952,692,Theo,Helfrich,0.0,1,18.0,27.0,0,0,27,97.0,0.0,0.0,1953,647.0,0
1952,697,Felice,Bonetto,2.0,2,11.5,15.0,0,0,5,19.0,2.0,0.0,1953,647.0,0
1952,699,Duke,Nalon,0.0,1,4.0,25.0,0,0,25,93.0,0.0,0.0,1953,647.0,0
1952,702,Bob,Scott,0.0,1,25.0,29.0,0,0,29,101.0,0.0,0.0,1953,647.0,0
1952,703,Arthur,Legat,0.0,1,21.0,13.0,0,0,13,59.0,0.0,0.0,1953,647.0,0
1952,704,Yves,Cabantous,0.0,1,10.0,10.0,0,0,10,49.0,0.0,0.0,1953,647.0,0
1952,705,Tony,Crook,0.0,1,25.0,21.0,0,0,21,71.0,0.0,0.0,1953,647.0,0
1952,708,Duncan,Hamilton,0.0,2,10.5,15.5,0,0,7,30.0,0.0,0.0,1953,647.0,0
1952,709,Ernst,Klodwig,0.0,1,29.0,12.0,0,0,12,55.0,0.0,0.0,1953,647.0,0
1952,710,Rudolf,Krause,0.0,1,23.0,20.0,0,0,20,83.0,0.0,0.0,1953,647.0,0
1952,712,Willi,Heeks,0.0,1,9.0,14.0,0,0,14,75.0,0.0,0.0,1953,647.0,0
1952,715,Günther,Bechem,0.0,1,30.0,18.0,0,0,18,81.0,0.0,0.0,1953,647.0,0
1952,717,Hans,von Stuck,0.0,2,7.0,25.5,0,0,18,80.0,0.0,0.0,1953,647.0,0
1952,720,Max,de Terra,0.0,1,21.0,21.0,0,0,21,85.0,0.0,0.0,1953,647.0,0
1952,721,Peter,Hirt,0.0,3,20.0,16.0,0,0,7,28.0,0.0,0.0,1953,647.0,0
1952,722,Piero,Carini,0.0,2,23.0,24.5,0,0,20,82.0,0.0,0.0,1953,647.0,0
1952,723,Rudi,Fischer,10.0,5,11.8,10.4,2,0,2,4.0,10.0,0.0,1953,647.0,0
1952,724,Toni,Ulmen,0.0,2,15.5,13.5,0,0,8,38.0,0.0,0.0,1953,647.0,0
1952,725,George,Abecassis,0.0,1,10.0,17.0,0,0,17,78.0,0.0,0.0,1953,647.0,0
1952,726,George,Connor,0.0,1,14.0,8.0,0,0,8,40.0,0.0,0.0,1953,647.0,0
1952,727,Jim,Rigsby,0.0,1,26.0,12.0,0,0,12,56.0,0.0,0.0,1953,647.0,0
1952,728,Joe,James,0.0,1,16.0,13.0,0,0,13,58.0,0.0,0.0,1953,647.0,0
1952,729,Bill,Schindler,0.0,1,15.0,14.0,0,0,14,61.0,0.0,0.0,1953,647.0,0
1952,730,George,Fonder,0.0,1,13.0,15.0,0,0,15,63.0,0.0,0.0,1953,647.0,0
1952,731,Henry,Banks,0.0,1,12.0,19.0,0,0,19,69.0,0.0,0.0,1953,647.0,0
1952,732,Johnny,McDowell,0.0,1,33.0,21.0,0,0,21,72.0,0.0,0.0,1953,647.0,0
1952,733,Chet,Miller,0.0,1,27.0,30.0,0,0,30,102.0,0.0,0.0,1953,647.0,0
1952,734,Bobby,Ball,0.0,1,17.0,32.0,0,0,32,103.0,0.0,0.0,1953,647.0,0
1952,735,Charles,de Tornaco,0.0,3,10.0,15.333333333333334,0,0,7,29.0,0.0,0.0,1953,647.0,0
1952,736,Roger,Laurent,0.0,2,18.5,9.0,0,0,6,23.0,0.0,0.0,1953,647.0,0
1952,737,Robert,O'Brien,0.0,1,22.0,14.0,0,0,14,60.0,0.0,0.0,1953,647.0,0
1952,738,Tony,Gaze,0.0,4,14.0,21.75,0,0,15,62.0,0.0,0.0,1953,647.0,0
1952,739,Robin,Montgomerie-Charrington,0.0,1,15.0,16.0,0,0,16,77.0,0.0,0.0,1953,647.0,0
1952,740,Franco,Comotti,0.0,1,16.0,12.0,0,0,12,54.0,0.0,0.0,1953,647.0,0
1952,741,Philippe,Étancelin,0.0,1,18.0,8.0,0,0,8,39.0,0.0,0.0,1953,647.0,0
1952,742,Dennis,Poore,3.0,2,13.5,8.0,0,0,4,14.0,3.0,0.0,1953,647.0,0
1952,743,Eric,Thompson,2.0,1,9.0,5.0,0,0,5,21.0,2.0,0.0,1953,647.0,0
1952,744,Ken,Downing,0.0,2,9.0,11.0,0,0,9,42.0,0.0,0.0,1953,647.0,0
1952,745,Graham,Whitehead,0.0,1,12.0,12.0,0,0,12,57.0,0.0,0.0,1953,647.0,0
1952,746,Gino,Bianco,0.0,4,20.25,20.75,0,0,17,67.0,0.0,0.0,1953,647.0,0
1952,747,David,Murray,0.0,1,22.0,28.0,0,0,28,99.0,0.0,0.0,1953,647.0,0
1952,748,Eitel,Cantoni,0.0,3,25.333333333333332,20.333333333333332,0,0,11,51.0,0.0,0.0,1953,647.0,0
1952,749,Bill,Aston,0.0,3,7.0,28.333333333333332,0,0,22,87.0,0.0,0.0,1953,647.0,0
1952,750,Adolf,Brudes,0.0,1,19.0,16.0,0,0,16,76.0,0.0,0.0,1953,647.0,0
1952,751,Fritz,Riess,0.0,1,12.0,7.0,0,0,7,33.0,0.0,0.0,1953,647.0,0
1952,752,Helmut,Niedermayr,0.0,1,22.0,9.0,0,0,9,45.0,0.0,0.0,1953,647.0,0
1952,753,Hans,Klenk,0.0,1,8.0,11.0,0,0,11,52.0,0.0,0.0,1953,647.0,0
1952,754,Marcel,Balsa,0.0,1,25.0,17.0,0,0,17,79.0,0.0,0.0,1953,647.0,0
1952,755,Rudolf,Schoeller,0.0,1,24.0,21.0,0,0,21,86.0,0.0,0.0,1953,647.0,0
1952,756,Paul,Pietsch,0.0,1,7.0,24.0,0,0,24,92.0,0.0,0.0,1953,647.0,0
1952,757,Josef,Peters,0.0,1,20.0,28.0,0,0,28,100.0,0.0,0.0,1953,647.0,0
1952,758,Dries,van der Lof,0.0,1,14.0,12.0,0,0,12,74.0,0.0,0.0,1953,647.0,0
1952,759,Jan,Flinterman,0.0,1,15.5,13.0,0,0,9,43.0,0.0,0.0,1953,647.0,0
1952,760,Piero,Dusio,0.0,1,0.0,34.0,0,0,34,105.0,0.0,0.0,1953,647.0,0
1952,761,Alberto,Crespo,0.0,1,0.0,26.0,0,0,26,94.0,0.0,0.0,1953,647.0,0
1952,762,Franco,Rol,0.0,1,16.0,20.0,0,0,20,84.0,0.0,0.0,1953,647.0,0
1953,427,Maurice,Trintignant,4.0,8,9.375,13.75,0,0,5,12.0,4.0,0.0,1954,579.0,0
1953,429,André,Pilette,0.0,1,18.0,11.0,0,0,11,52.0,0.0,0.0,1954,579.0,0
1953,431,Edgar,Barth,0.0,1,24.0,20.0,0,0,20,88.0,0.0,0.0,1954,579.0,0
1953,449,Rodger,Ward,0.0,1,10.0,16.0,0,0,16,68.0,0.0,0.0,1954,579.0,0
1953,455,Wolfgang,Seidel,0.0,1,29.0,16.0,0,0,16,67.0,0.0,0.0,1954,579.0,0
1953,456,Roy,Salvadori,0.0,5,17.0,23.4,0,0,18,81.0,0.0,0.0,1954,579.0,0
1953,475,Stirling,Moss,0.0,4,11.0,11.25,0,0,6,20.0,0.0,0.0,1954,579.0,0
1953,478,Hans,Herrmann,0.0,1,14.0,9.0,0,0,9,42.0,0.0,0.0,1954,579.0,0
1953,486,Jack,Fairman,0.0,2,24.5,19.0,0,0,17,79.0,0.0,0.0,1954,579.0,0
1953,496,Carlos,Menditeguy,0.0,1,10.0,14.0,0,0,14,76.0,0.0,0.0,1954,579.0,0
1953,498,José Froilán,González,14.5,5,5.5,7.5,3,0,3,6.0,13.5,0.0,1954,579.0,0
1953,501,Harry,Schell,0.0,7,11.857142857142858,15.428571428571429,0,0,7,24.0,0.0,0.0,1954,579.0,0
1953,509,Jim,Rathmann,0.0,1,26.5,11.0,0,0,7,28.0,0.0,0.0,1954,579.0,0
1953,512,Johnny,Thomson,0.0,1,25.5,25.5,0,0,19,84.0,0.0,0.0,1954,579.0,0
1953,513,Eddie,Johnson,0.0,1,25.0,7.0,0,0,7,30.0,0.0,0.0,1954,579.0,0
1953,518,Duane,Carter,2.0,1,18.0,13.5,1,0,3,13.0,2.0,0.0,1954,579.0,0
1953,520,Gene,Hartley,0.0,1,9.5,18.5,0,0,9,40.0,0.0,0.0,1954,579.0,0
1953,521,Chuck,Stevenson,0.0,1,9.666666666666666,20.333333333333332,0,0,9,39.0,0.0,0.0,1954,579.0,0
1953,525,Jimmy,Bryan,0.0,1,31.0,14.0,0,0,14,61.0,0.0,0.0,1954,579.0,0
1953,528,Don,Freeland,0.0,1,15.0,27.0,0,0,27,102.0,0.0,0.0,1954,579.0,0
1953,529,Tony,Bettenhausen,0.0,1,6.0,9.0,0,0,9,41.0,0.0,0.0,1954,579.0,0
1953,554,Jean,Behra,0.0,6,15.0,15.333333333333334,0,0,6,21.0,0.0,0.0,1954,579.0,0
1953,555,Paul,Russo,1.5,1,9.5,14.5,0,0,4,18.0,1.5,0.0,1954,579.0,0
1953,556,Jimmy,Daywalt,0.0,1,21.0,6.0,0,0,6,23.0,0.0,0.0,1954,579.0,0
1953,559,Pat,Flaherty,0.0,1,24.0,22.0,0,0,22,92.0,0.0,0.0,1954,579.0,0
1953,577,Luigi,Musso,0.0,1,12.0,7.0,0,0,7,32.0,0.0,0.0,1954,579.0,0
1953,578,Mike,Hawthorn,27.0,8,5.75,3.75,3,1,1,4.0,19.0,1.0,1954,579.0,0
1953,579,Juan,Fangio,29.5,8,3.8,7.8,4,1,1,2.0,28.0,1.0,1954,579.0,1
1953,581,Peter,Collins,0.0,4,18.0,13.75,0,0,8,33.0,0.0,0.0,1954,579.0,0
1953,589,Louis,Chiron,0.0,2,25.0,12.5,0,0,10,46.0,0.0,0.0,1954,579.0,0
1953,593,Johnnie,Parsons,0.0,1,8.0,26.0,0,0,26,99.0,0.0,0.0,1954,579.0,0
1953,611,Sam,Hanks,2.0,1,9.0,3.0,1,0,3,14.0,2.0,0.0,1954,579.0,0
1953,612,Andy,Linden,0.0,1,7.333333333333333,24.0,0,0,16,65.0,0.0,0.0,1954,579.0,0
1953,613,Marshall,Teague,0.0,1,22.0,18.0,0,0,18,82.0,0.0,0.0,1954,579.0,0
1953,615,Fred,Agabashian,1.5,1,2.0,4.0,0,0,4,19.0,1.5,0.0,1954,579.0,0
1953,619,Bob,Gerard,0.0,1,12.0,11.0,0,0,11,49.0,0.0,0.0,1954,579.0,0
1953,620,Umberto,Maglioli,0.0,1,11.0,8.0,0,0,8,36.0,0.0,0.0,1954,579.0,0
1953,622,Chico,Landi,0.0,2,20.5,18.0,0,0,10,71.0,0.0,0.0,1954,579.0,0
1953,625,Élie,Bayol,0.0,2,14.0,23.0,0,0,19,83.0,0.0,0.0,1954,579.0,0
1953,626,Robert,Manzon,0.0,1,8.0,10.0,0,0,10,72.0,0.0,0.0,1954,579.0,0
1953,627,Louis,Rosier,0.0,7,15.428571428571429,11.285714285714286,0,0,7,25.0,0.0,0.0,1954,579.0,0
1953,628,Bob,Sweikert,0.0,1,29.0,20.0,0,0,20,90.0,0.0,0.0,1954,579.0,0
1953,630,Duke,Dinsmore,0.0,1,10.0,16.0,0,0,16,66.0,0.0,0.0,1954,579.0,0
1953,632,Paul,Frère,0.0,2,13.5,14.0,0,0,10,47.0,0.0,0.0,1954,579.0,0
1953,633,Luigi,Villoresi,17.0,8,4.333333333333333,7.444444444444445,3,0,2,5.0,17.0,0.0,1954,579.0,0
1953,640,Toulo,de Graffenried,7.0,7,11.285714285714286,10.142857142857142,0,0,4,8.0,7.0,0.0,1954,579.0,0
1953,642,Nino,Farina,32.0,8,3.875,5.25,5,1,1,3.0,26.0,1.0,1954,579.0,0
1953,643,Roberto,Mieres,0.0,3,19.666666666666668,15.0,0,0,6,22.0,0.0,0.0,1954,579.0,0
1953,644,Sergio,Mantovani,0.0,1,12.0,7.0,0,0,7,31.0,0.0,0.0,1954,579.0,0
1953,647,Alberto,Ascari,46.5,8,1.7777777777777777,5.666666666666667,5,5,1,1.0,34.5,5.0,1954,579.0,0
1953,649,Pablo,Birger,0.0,1,14.0,15.0,0,0,15,77.0,0.0,0.0,1954,579.0,0
1953,651,Lance,Macklin,0.0,6,17.0,20.0,0,0,13,75.0,0.0,0.0,1954,579.0,0
1953,653,Jimmy,Davies,0.0,1,32.0,10.0,0,0,10,48.0,0.0,0.0,1954,579.0,0
1953,654,Walt,Faulkner,0.0,1,14.0,17.0,0,0,17,69.0,0.0,0.0,1954,579.0,0
1953,655,Cal,Niday,0.0,1,30.0,30.0,0,0,30,106.0,0.0,0.0,1954,579.0,0
1953,656,Art,Cross,6.0,1,12.0,2.0,1,0,2,10.0,6.0,0.0,1954,579.0,0
1953,657,Bill,Vukovich,9.0,1,1.0,1.0,1,1,1,7.0,9.0,1.0,1954,579.0,0
1953,658,Jack,McGrath,2.0,1,3.0,5.0,0,0,5,17.0,2.0,0.0,1954,579.0,0
1953,659,Jerry,Hoyt,0.0,1,7.0,23.0,0,0,23,96.0,0.0,0.0,1954,579.0,0
1953,660,Johnny,Claes,0.0,5,20.6,17.4,0,0,12,53.0,0.0,0.0,1954,579.0,0
1953,663,Ken,Wharton,0.0,5,14.2,14.8,0,0,7,26.0,0.0,0.0,1954,579.0,0
1953,664,Kenneth,McAlpine,0.0,4,15.25,18.25,0,0,11,57.0,0.0,0.0,1954,579.0,0
1953,666,Tony,Rolt,0.0,1,10.0,12.0,0,0,12,74.0,0.0,0.0,1954,579.0,0
1953,667,John,Fitch,0.0,1,26.0,28.0,0,0,28,104.0,0.0,0.0,1954,579.0,0
1953,669,Prince,Bira,0.0,4,17.0,15.5,0,0,7,27.0,0.0,0.0,1954,579.0,0
1953,670,Onofre,Marimón,4.0,6,8.0,12.666666666666666,1,0,3,11.0,4.0,0.0,1954,579.0,0
1953,673,Mike,Nazaruk,0.0,1,23.0,21.0,0,0,21,91.0,0.0,0.0,1954,579.0,0
1953,675,Manny,Ayulo,0.0,1,4.0,13.0,0,0,13,58.0,0.0,0.0,1954,579.0,0
1953,677,Travis,Webb,0.0,1,18.0,19.0,0,0,19,87.0,0.0,0.0,1954,579.0,0
1953,679,Ernie,McCoy,0.0,1,20.0,8.0,0,0,8,37.0,0.0,0.0,1954,579.0,0
1953,680,Jacques,Swaters,0.0,2,16.0,13.0,0,0,7,29.0,0.0,0.0,1954,579.0,0
1953,681,Georges,Berger,0.0,1,20.0,19.0,0,0,19,85.0,0.0,0.0,1954,579.0,0
1953,687,Peter,Whitehead,0.0,1,14.0,9.0,0,0,9,45.0,0.0,0.0,1954,579.0,0
1953,689,Alan,Brown,0.0,4,18.5,13.5,0,0,9,38.0,0.0,0.0,1954,579.0,0
1953,690,Rodney,Nuckey,0.0,1,20.0,11.0,0,0,11,51.0,0.0,0.0,1954,579.0,0
1953,691,Hermann,Lang,2.0,1,11.0,5.0,0,0,5,16.0,2.0,0.0,1954,579.0,0
1953,692,Theo,Helfrich,0.0,1,28.0,12.0,0,0,12,55.0,0.0,0.0,1954,579.0,0
1953,693,Fred,Wacker,0.0,1,15.0,9.0,0,0,9,44.0,0.0,0.0,1954,579.0,0
1953,695,Oscar,Gálvez,2.0,1,9.0,5.0,0,0,5,15.0,2.0,0.0,1954,579.0,0
1953,696,John,Barber,0.0,1,16.0,8.0,0,0,8,34.0,0.0,0.0,1954,579.0,0
1953,697,Felice,Bonetto,6.5,7,8.875,9.75,1,0,3,9.0,6.5,0.0,1954,579.0,0
1953,698,Adolfo,Cruz,0.0,1,13.0,16.0,0,0,16,78.0,0.0,0.0,1954,579.0,0
1953,699,Duke,Nalon,0.0,1,26.0,11.0,0,0,11,50.0,0.0,0.0,1954,579.0,0
1953,700,Carl,Scarborough,0.0,1,19.0,12.0,0,0,12,56.0,0.0,0.0,1954,579.0,0
1953,701,Bill,Holland,0.0,1,28.0,15.0,0,0,15,63.0,0.0,0.0,1954,579.0,0
1953,702,Bob,Scott,0.0,1,15.0,21.5,0,0,12,54.0,0.0,0.0,1954,579.0,0
1953,703,Arthur,Legat,0.0,1,19.0,20.0,0,0,20,89.0,0.0,0.0,1954,579.0,0
1953,704,Yves,Cabantous,0.0,2,23.0,14.5,0,0,14,59.0,0.0,0.0,1954,579.0,0
1953,705,Tony,Crook,0.0,1,25.0,27.0,0,0,27,100.0,0.0,0.0,1954,579.0,0
1953,706,Jimmy,Stewart,0.0,1,15.0,11.0,0,0,11,73.0,0.0,0.0,1954,579.0,0
1953,707,Ian,Stewart,0.0,1,20.0,22.0,0,0,22,94.0,0.0,0.0,1954,579.0,0
1953,708,Duncan,Hamilton,0.0,1,17.0,24.0,0,0,24,98.0,0.0,0.0,1954,579.0,0
1953,709,Ernst,Klodwig,0.0,1,32.0,15.0,0,0,15,64.0,0.0,0.0,1954,579.0,0
1953,710,Rudolf,Krause,0.0,1,26.0,14.0,0,0,14,62.0,0.0,0.0,1954,579.0,0
1953,711,Oswald,Karch,0.0,1,34.0,22.0,0,0,22,93.0,0.0,0.0,1954,579.0,0
1953,712,Willi,Heeks,0.0,1,18.0,23.0,0,0,23,95.0,0.0,0.0,1954,579.0,0
1953,713,Theo,Fitzau,0.0,1,21.0,27.0,0,0,27,101.0,0.0,0.0,1954,579.0,0
1953,714,Kurt,Adolff,0.0,1,27.0,28.0,0,0,28,103.0,0.0,0.0,1954,579.0,0
1953,715,Günther,Bechem,0.0,1,30.0,29.0,0,0,29,105.0,0.0,0.0,1954,579.0,0
1953,716,Erwin,Bauer,0.0,1,33.0,32.0,0,0,32,107.0,0.0,0.0,1954,579.0,0
1953,717,Hans,von Stuck,0.0,2,26.0,23.5,0,0,14,60.0,0.0,0.0,1954,579.0,0
1953,718,Ernst,Loof,0.0,1,31.0,34.0,0,0,34,108.0,0.0,0.0,1954,579.0,0
1953,719,Albert,Scherrer,0.0,1,18.0,9.0,0,0,9,43.0,0.0,0.0,1954,579.0,0
1953,720,Max,de Terra,0.0,1,19.0,8.0,0,0,8,35.0,0.0,0.0,1954,579.0,0
1953,721,Peter,Hirt,0.0,1,17.0,17.0,0,0,17,80.0,0.0,0.0,1954,579.0,0
1953,722,Piero,Carini,0.0,1,20.0,24.0,0,0,24,97.0,0.0,0.0,1954,579.0,0
1953,797,Jackie,Holmes,0.0,1,18.0,19.0,0,0,19,86.0,0.0,0.0,1954,579.0,0
1953,804,Johnny,Mantz,0.0,1,14.0,17.0,0,0,17,70.0,0.0,0.0,1954,579.0,0
1954,427,Maurice,Trintignant,17.0,8,7.25,6.25,2,0,2,4.0,17.0,0.0,1955,579.0,0
1954,429,André,Pilette,2.0,3,13.333333333333334,11.333333333333334,0,0,5,19.0,2.0,0.0,1955,579.0,0
1954,449,Rodger,Ward,0.0,1,16.0,22.0,0,0,22,85.0,0.0,0.0,1955,579.0,0
1954,456,Roy,Salvadori,0.0,2,8.5,17.0,0,0,15,74.0,0.0,0.0,1955,579.0,0
1954,475,Stirling,Moss,4.0,6,4.666666666666667,12.833333333333334,1,0,3,15.0,4.0,0.0,1955,579.0,0
1954,478,Hans,Herrmann,8.0,5,7.0,9.6,1,0,3,7.0,8.0,0.0,1955,579.0,0
1954,496,Carlos,Menditeguy,0.0,1,9.0,18.0,0,0,18,78.0,0.0,0.0,1955,579.0,0
1954,498,José Froilán,González,26.64,7,4.333333333333333,6.666666666666667,5,1,1,2.0,25.14,1.0,1955,579.0,0
1954,501,Harry,Schell,0.0,6,13.166666666666666,10.833333333333334,0,0,6,26.0,0.0,0.0,1955,579.0,0
1954,509,Jim,Rathmann,0.0,1,19.0,24.0,0,0,20,79.0,0.0,0.0,1955,579.0,0
1954,512,Johnny,Thomson,0.0,1,4.0,24.0,0,0,24,88.0,0.0,0.0,1955,579.0,0
1954,513,Eddie,Johnson,0.0,1,16.0,22.0,0,0,22,83.0,0.0,0.0,1955,579.0,0
1954,518,Duane,Carter,1.5,1,9.5,9.5,0,0,4,23.0,1.5,0.0,1955,579.0,0
1954,519,Bill,Homeier,0.0,1,18.0,33.0,0,0,33,97.0,0.0,0.0,1955,579.0,0
1954,520,Gene,Hartley,0.0,1,17.0,23.0,0,0,23,66.0,0.0,0.0,1955,579.0,0
1954,521,Chuck,Stevenson,0.0,1,5.0,12.0,0,0,12,51.0,0.0,0.0,1955,579.0,0
1954,525,Jimmy,Bryan,6.0,1,3.0,2.0,1,0,2,10.0,6.0,0.0,1955,579.0,0
1954,526,Troy,Ruttman,1.5,1,11.0,4.0,0,0,4,24.0,1.5,0.0,1955,579.0,0
1954,528,Don,Freeland,0.0,1,6.0,7.0,0,0,7,35.0,0.0,0.0,1955,579.0,0
1954,529,Tony,Bettenhausen,0.0,1,14.5,22.0,0,0,15,57.0,0.0,0.0,1955,579.0,0
1954,541,Ron,Flockhart,0.0,1,10.0,20.0,0,0,20,80.0,0.0,0.0,1955,579.0,0
1954,547,Horace,Gould,0.0,1,20.0,15.0,0,0,15,58.0,0.0,0.0,1955,579.0,0
1954,554,Jean,Behra,0.0,8,12.375,13.25,0,0,6,28.0,0.0,0.0,1955,579.0,0
1954,555,Paul,Russo,0.0,1,32.0,8.0,0,0,8,39.0,0.0,0.0,1955,579.0,0
1954,556,Jimmy,Daywalt,0.0,1,3.0,25.5,0,0,24,87.0,0.0,0.0,1955,579.0,0
1954,559,Pat,Flaherty,0.0,1,28.0,28.0,0,0,28,89.0,0.0,0.0,1955,579.0,0
1954,577,Luigi,Musso,6.0,3,9.333333333333334,11.666666666666666,1,0,2,9.0,6.0,0.0,1955,579.0,0
1954,578,Mike,Hawthorn,24.64,8,4.888888888888889,7.666666666666667,4,1,1,3.0,24.64,1.0,1955,579.0,0
1954,579,Juan,Fangio,57.14,8,1.5,1.625,7,6,1,1.0,42.0,6.0,1955,579.0,1
1954,580,Paco,Godia,0.0,1,13.0,6.0,0,0,6,31.0,0.0,0.0,1955,579.0,0
1954,581,Peter,Collins,0.0,3,9.0,18.333333333333332,0,0,7,34.0,0.0,0.0,1955,579.0,0
1954,592,Jimmy,Reece,0.0,1,7.0,17.0,0,0,17,61.0,0.0,0.0,1955,579.0,0
1954,593,Johnnie,Parsons,0.0,1,21.0,21.5,0,0,11,47.0,0.0,0.0,1955,579.0,0
1954,596,Ed,Elisian,0.0,1,31.0,18.0,0,0,18,63.0,0.0,0.0,1955,579.0,0
1954,597,Pat,O'Connor,0.0,1,12.0,21.0,0,0,21,82.0,0.0,0.0,1955,579.0,0
1954,611,Sam,Hanks,0.0,1,18.5,15.5,0,0,11,45.0,0.0,0.0,1955,579.0,0
1954,612,Andy,Linden,0.0,1,18.0,20.0,0,0,11,46.0,0.0,0.0,1955,579.0,0
1954,613,Marshall,Teague,0.0,1,12.5,19.0,0,0,15,56.0,0.0,0.0,1955,579.0,0
1954,615,Fred,Agabashian,0.0,1,24.0,6.0,0,0,6,30.0,0.0,0.0,1955,579.0,0
1954,619,Bob,Gerard,0.0,1,18.0,10.0,0,0,10,41.0,0.0,0.0,1955,579.0,0
1954,620,Umberto,Maglioli,2.0,3,12.0,6.333333333333333,1,0,3,18.0,2.0,0.0,1955,579.0,0
1954,625,Élie,Bayol,2.0,1,15.0,5.0,0,0,5,21.0,2.0,0.0,1955,579.0,0
1954,626,Robert,Manzon,4.0,6,11.833333333333334,15.833333333333334,1,0,3,14.0,4.0,0.0,1955,579.0,0
1954,627,Louis,Rosier,0.0,6,18.166666666666668,13.0,0,0,7,33.0,0.0,0.0,1955,579.0,0
1954,628,Bob,Sweikert,0.0,1,9.0,14.0,0,0,14,54.0,0.0,0.0,1955,579.0,0
1954,632,Paul,Frère,0.0,3,11.0,10.666666666666666,0,0,7,67.0,0.0,0.0,1955,579.0,0
1954,633,Luigi,Villoresi,2.0,5,12.4,16.2,0,0,5,20.0,2.0,0.0,1955,579.0,0
1954,638,Ottorino,Volonterio,0.0,1,21.0,11.0,0,0,11,68.0,0.0,0.0,1955,579.0,0
1954,640,Toulo,de Graffenried,0.0,2,17.0,9.5,0,0,8,36.0,0.0,0.0,1955,579.0,0
1954,641,Piero,Taruffi,0.0,1,13.0,6.0,0,0,6,32.0,0.0,0.0,1955,579.0,0
1954,642,Nino,Farina,6.0,2,2.0,5.0,1,0,2,8.0,6.0,0.0,1955,579.0,0
1954,643,Roberto,Mieres,6.0,8,14.125,10.625,0,0,4,11.0,6.0,0.0,1955,579.0,0
1954,644,Sergio,Mantovani,4.0,6,9.0,9.666666666666666,0,0,5,16.0,4.0,0.0,1955,579.0,0
1954,645,Clemar,Bucci,0.0,4,14.0,18.25,0,0,13,70.0,0.0,0.0,1955,579.0,0
1954,647,Alberto,Ascari,1.0,4,12.6,19.4,0,0,12,25.0,1.0,0.0,1955,579.0,0
1954,648,Karl,Kling,12.0,6,8.666666666666666,6.833333333333333,1,0,2,5.0,12.0,0.0,1955,579.0,0
1954,650,Jacques,Pollet,0.0,2,17.0,17.0,0,0,14,71.0,0.0,0.0,1955,579.0,0
1954,651,Lance,Macklin,0.0,1,15.0,17.0,0,0,17,75.0,0.0,0.0,1955,579.0,0
1954,653,Jimmy,Davies,0.0,1,18.5,15.5,0,0,11,44.0,0.0,0.0,1955,579.0,0
1954,654,Walt,Faulkner,0.0,1,5.0,12.0,0,0,12,50.0,0.0,0.0,1955,579.0,0
1954,655,Cal,Niday,0.0,1,13.0,10.0,0,0,10,42.0,0.0,0.0,1955,579.0,0
1954,656,Art,Cross,0.0,1,27.0,11.0,0,0,11,49.0,0.0,0.0,1955,579.0,0
1954,657,Bill,Vukovich,8.0,1,19.0,1.0,1,1,1,6.0,8.0,1.0,1955,579.0,0
1954,658,Jack,McGrath,5.0,1,1.0,3.0,1,0,3,12.0,5.0,0.0,1955,579.0,0
1954,659,Jerry,Hoyt,0.0,1,31.0,17.0,0,0,8,38.0,0.0,0.0,1955,579.0,0
1954,663,Ken,Wharton,0.0,5,13.8,11.4,0,0,6,27.0,0.0,0.0,1955,579.0,0
1954,665,Leslie,Marr,0.0,1,22.0,13.0,0,0,13,53.0,0.0,0.0,1955,579.0,0
1954,669,Prince,Bira,3.0,6,12.166666666666666,9.5,0,0,4,17.0,3.0,0.0,1955,579.0,0
1954,670,Onofre,Marimón,4.14,5,10.2,11.4,1,0,3,13.0,4.14,0.0,1955,579.0,0
1954,671,Roger,Loyer,0.0,1,16.0,14.0,0,0,14,73.0,0.0,0.0,1955,579.0,0
1954,672,Jorge,Daponte,0.0,2,18.5,13.0,0,0,11,43.0,0.0,0.0,1955,579.0,0
1954,673,Mike,Nazaruk,2.0,1,14.0,5.0,0,0,5,22.0,2.0,0.0,1955,579.0,0
1954,674,Larry,Crockett,0.0,1,25.0,9.0,0,0,9,40.0,0.0,0.0,1955,579.0,0
1954,675,Manny,Ayulo,0.0,1,22.0,13.0,0,0,13,52.0,0.0,0.0,1955,579.0,0
1954,676,Frank,Armi,0.0,1,33.0,19.0,0,0,19,65.0,0.0,0.0,1955,579.0,0
1954,677,Travis,Webb,0.0,1,29.0,30.0,0,0,30,93.0,0.0,0.0,1955,579.0,0
1954,678,Len,Duncan,0.0,1,26.0,31.0,0,0,31,95.0,0.0,0.0,1955,579.0,0
1954,679,Ernie,McCoy,0.0,1,20.0,16.0,0,0,16,60.0,0.0,0.0,1955,579.0,0
1954,680,Jacques,Swaters,0.0,3,16.333333333333332,13.0,0,0,8,37.0,0.0,0.0,1955,579.0,0
1954,681,Georges,Berger,0.0,1,20.0,18.0,0,0,18,77.0,0.0,0.0,1955,579.0,0
1954,682,Don,Beauman,0.0,1,17.0,11.0,0,0,11,48.0,0.0,0.0,1955,579.0,0
1954,683,Leslie,Thorne,0.0,1,23.0,14.0,0,0,14,55.0,0.0,0.0,1955,579.0,0
1954,684,Bill,Whitehouse,0.0,1,19.0,17.0,0,0,17,76.0,0.0,0.0,1955,579.0,0
1954,685,John,Riseley-Prichard,0.0,1,21.0,22.0,0,0,22,84.0,0.0,0.0,1955,579.0,0
1954,686,Reg,Parnell,0.0,1,14.0,23.0,0,0,23,86.0,0.0,0.0,1955,579.0,0
1954,687,Peter,Whitehead,0.0,1,24.0,28.0,0,0,28,90.0,0.0,0.0,1955,579.0,0
1954,688,Eric,Brandon,0.0,1,25.0,29.0,0,0,29,91.0,0.0,0.0,1955,579.0,0
1954,689,Alan,Brown,0.0,1,26.0,31.0,0,0,31,94.0,0.0,0.0,1955,579.0,0
1954,690,Rodney,Nuckey,0.0,1,29.0,32.0,0,0,32,96.0,0.0,0.0,1955,579.0,0
1954,691,Hermann,Lang,0.0,1,13.0,12.0,0,0,12,69.0,0.0,0.0,1955,579.0,0
1954,692,Theo,Helfrich,0.0,1,21.0,14.0,0,0,14,72.0,0.0,0.0,1955,579.0,0
1954,693,Fred,Wacker,0.0,2,16.5,10.0,0,0,6,29.0,0.0,0.0,1955,579.0,0
1954,694,Giovanni,de Riu,0.0,1,21.0,21.0,0,0,21,81.0,0.0,0.0,1955,579.0,0
1954,702,Bob,Scott,0.0,1,27.0,21.5,0,0,18,62.0,0.0,0.0,1955,579.0,0
1954,730,George,Fonder,0.0,1,29.5,25.0,0,0,19,64.0,0.0,0.0,1955,579.0,0
1954,799,Jimmy,Jackson,0.0,1,8.0,15.0,0,0,15,59.0,0.0,0.0,1955,579.0,0
1954,805,Danny,Kladis,0.0,1,29.0,30.0,0,0,30,92.0,0.0,0.0,1955,579.0,0
1955,356,Jack,Brabham,0.0,1,25.0,12.0,0,0,12,50.0,0.0,0.0,1956,579.0,0
1955,427,Maurice,Trintignant,11.33,6,9.375,6.625,3,1,1,4.0,11.33,1.0,1956,579.0,0
1955,449,Rodger,Ward,0.0,1,30.0,28.0,0,0,28,79.0,0.0,0.0,1956,579.0,0
1955,456,Roy,Salvadori,0.0,1,20.0,16.0,0,0,16,60.0,0.0,0.0,1956,579.0,0
1955,475,Stirling,Moss,23.0,6,4.142857142857143,6.428571428571429,3,1,1,2.0,23.0,1.0,1956,579.0,0
1955,478,Hans,Herrmann,1.0,2,5.0,13.5,0,0,4,22.0,1.0,0.0,1956,579.0,0
1955,486,Jack,Fairman,0.0,1,21.0,25.0,0,0,25,76.0,0.0,0.0,1956,579.0,0
1955,496,Carlos,Menditeguy,2.0,2,16.333333333333332,11.666666666666666,0,0,5,19.0,2.0,0.0,1956,579.0,0
1955,498,José Froilán,González,2.0,1,1.0,2.0,1,0,2,17.0,2.0,0.0,1956,579.0,0
1955,501,Harry,Schell,0.0,5,12.25,11.875,0,0,6,26.0,0.0,0.0,1956,579.0,0
1955,509,Jim,Rathmann,0.0,1,20.0,14.0,0,0,14,46.0,0.0,0.0,1956,579.0,0
1955,512,Johnny,Thomson,3.0,1,33.0,4.0,0,0,4,16.0,3.0,0.0,1956,579.0,0
1955,513,Eddie,Johnson,0.0,1,32.0,13.0,0,0,13,45.0,0.0,0.0,1956,579.0,0
1955,518,Duane,Carter,0.0,1,18.0,11.0,0,0,11,43.0,0.0,0.0,1956,579.0,0
1955,519,Bill,Homeier,1.0,1,7.0,5.0,0,0,5,24.0,1.0,0.0,1956,579.0,0
1955,523,Shorty,Templeman,0.0,1,31.0,18.0,0,0,18,63.0,0.0,0.0,1956,579.0,0
1955,525,Jimmy,Bryan,0.0,1,11.0,24.0,0,0,24,75.0,0.0,0.0,1956,579.0,0
1955,528,Don,Freeland,0.0,1,21.0,15.0,0,0,15,57.0,0.0,0.0,1956,579.0,0
1955,529,Tony,Bettenhausen,3.0,1,2.0,2.0,1,0,2,13.0,3.0,0.0,1956,579.0,0
1955,532,Eddie,Russo,0.0,1,13.0,22.0,0,0,22,71.0,0.0,0.0,1956,579.0,0
1955,533,Johnny,Boyd,0.0,1,26.0,29.0,0,0,29,80.0,0.0,0.0,1956,579.0,0
1955,538,Al,Herman,0.0,1,16.0,7.0,0,0,7,32.0,0.0,0.0,1956,579.0,0
1955,547,Horace,Gould,0.0,3,19.333333333333332,14.666666666666666,0,0,13,51.0,0.0,0.0,1956,579.0,0
1955,554,Jean,Behra,6.0,6,7.9,9.5,1,0,3,9.0,6.0,0.0,1956,579.0,0
1955,555,Paul,Russo,3.0,1,2.0,2.0,1,0,2,14.0,3.0,0.0,1956,579.0,0
1955,556,Jimmy,Daywalt,0.0,1,17.0,9.0,0,0,9,39.0,0.0,0.0,1956,579.0,0
1955,558,Al,Keller,0.0,1,22.0,27.0,0,0,27,78.0,0.0,0.0,1956,579.0,0
1955,559,Pat,Flaherty,0.0,1,12.0,10.0,0,0,10,41.0,0.0,0.0,1956,579.0,0
1955,561,Ray,Crawford,0.0,1,23.0,23.0,0,0,23,73.0,0.0,0.0,1956,579.0,0
1955,563,Chuck,Weyant,0.0,1,25.0,12.0,0,0,12,44.0,0.0,0.0,1956,579.0,0
1955,577,Luigi,Musso,6.0,6,10.714285714285714,8.857142857142858,1,0,3,10.0,6.0,0.0,1956,579.0,0
1955,578,Mike,Hawthorn,0.0,5,10.4,10.6,0,0,6,27.0,0.0,0.0,1956,579.0,0
1955,579,Juan,Fangio,41.0,6,1.6666666666666667,3.5,5,4,1,1.0,40.0,4.0,1956,579.0,1
1955,581,Peter,Collins,0.0,2,17.5,15.5,0,0,14,55.0,0.0,0.0,1956,579.0,0
1955,586,Luigi,Piotti,0.0,1,0.0,23.0,0,0,23,74.0,0.0,0.0,1956,579.0,0
1955,589,Louis,Chiron,0.0,1,19.0,6.0,0,0,6,28.0,0.0,0.0,1956,579.0,0
1955,592,Jimmy,Reece,0.0,1,15.0,33.0,0,0,33,84.0,0.0,0.0,1956,579.0,0
1955,593,Johnnie,Parsons,0.0,1,27.0,21.0,0,0,21,70.0,0.0,0.0,1956,579.0,0
1955,596,Ed,Elisian,0.0,1,29.0,30.0,0,0,30,81.0,0.0,0.0,1956,579.0,0
1955,597,Pat,O'Connor,0.0,1,19.0,8.0,0,0,8,36.0,0.0,0.0,1956,579.0,0
1955,607,Cesare,Perdisa,2.0,2,9.0,7.0,1,0,3,18.0,2.0,0.0,1956,579.0,0
1955,608,Eugenio,Castellotti,12.0,6,7.428571428571429,8.571428571428571,2,0,2,3.0,12.0,0.0,1956,579.0,0
1955,609,André,Simon,0.0,2,9.0,19.5,0,0,17,61.0,0.0,0.0,1956,579.0,0
1955,611,Sam,Hanks,0.0,1,6.0,19.0,0,0,19,64.0,0.0,0.0,1956,579.0,0
1955,612,Andy,Linden,0.0,1,8.0,6.0,0,0,6,29.0,0.0,0.0,1956,579.0,0
1955,615,Fred,Agabashian,0.0,1,4.0,32.0,0,0,32,83.0,0.0,0.0,1956,579.0,0
1955,620,Umberto,Maglioli,1.33,2,8.5,4.5,1,0,3,21.0,1.33,0.0,1956,579.0,0
1955,623,Alberto,Uria,0.0,1,21.0,14.0,0,0,14,56.0,0.0,0.0,1956,579.0,0
1955,624,Hernando,da Silva Ramos,0.0,3,16.666666666666668,13.0,0,0,8,34.0,0.0,0.0,1956,579.0,0
1955,625,Élie,Bayol,0.0,2,15.5,15.0,0,0,14,54.0,0.0,0.0,1956,579.0,0
1955,626,Robert,Manzon,0.0,3,11.666666666666666,17.666666666666668,0,0,13,52.0,0.0,0.0,1956,579.0,0
1955,627,Louis,Rosier,0.0,3,14.0,12.333333333333334,0,0,9,37.0,0.0,0.0,1956,579.0,0
1955,628,Bob,Sweikert,8.0,1,14.0,1.0,1,1,1,7.0,8.0,1.0,1956,579.0,0
1955,631,Keith,Andrews,0.0,1,28.0,20.0,0,0,20,67.0,0.0,0.0,1956,579.0,0
1955,632,Paul,Frère,3.0,2,11.5,6.0,0,0,4,15.0,3.0,0.0,1956,579.0,0
1955,633,Luigi,Villoresi,2.0,3,9.5,14.5,0,0,5,20.0,2.0,0.0,1956,579.0,0
1955,641,Piero,Taruffi,9.0,4,7.25,7.25,1,0,2,6.0,9.0,0.0,1956,579.0,0
1955,642,Nino,Farina,10.33,4,5.8,6.6,3,0,2,5.0,10.33,0.0,1956,579.0,0
1955,643,Roberto,Mieres,7.0,6,9.166666666666666,7.5,0,0,4,8.0,7.0,0.0,1956,579.0,0
1955,644,Sergio,Mantovani,0.0,1,18.5,7.5,0,0,7,31.0,0.0,0.0,1956,579.0,0
1955,645,Clemar,Bucci,0.0,1,20.0,9.0,0,0,9,47.0,0.0,0.0,1956,579.0,0
1955,646,Jesús,Iglesias,0.0,1,17.0,10.0,0,0,10,48.0,0.0,0.0,1956,579.0,0
1955,647,Alberto,Ascari,0.0,2,2.0,13.0,0,0,11,49.0,0.0,0.0,1956,579.0,0
1955,648,Karl,Kling,5.0,5,5.333333333333333,10.166666666666666,1,0,3,11.0,5.0,0.0,1956,579.0,0
1955,649,Pablo,Birger,0.0,1,9.0,20.0,0,0,20,68.0,0.0,0.0,1956,579.0,0
1955,650,Jacques,Pollet,0.0,3,17.0,10.666666666666666,0,0,7,30.0,0.0,0.0,1956,579.0,0
1955,651,Lance,Macklin,0.0,2,8.0,14.5,0,0,8,35.0,0.0,0.0,1956,579.0,0
1955,652,Ted,Whiteaway,0.0,1,0.0,22.0,0,0,22,72.0,0.0,0.0,1956,579.0,0
1955,653,Jimmy,Davies,4.0,1,10.0,3.0,1,0,3,12.0,4.0,0.0,1956,579.0,0
1955,654,Walt,Faulkner,1.0,1,7.0,5.0,0,0,5,23.0,1.0,0.0,1956,579.0,0
1955,655,Cal,Niday,0.0,1,9.0,16.0,0,0,16,59.0,0.0,0.0,1956,579.0,0
1955,656,Art,Cross,0.0,1,24.0,17.0,0,0,17,62.0,0.0,0.0,1956,579.0,0
1955,657,Bill,Vukovich,1.0,1,5.0,25.0,0,0,25,25.0,1.0,0.0,1956,579.0,0
1955,658,Jack,McGrath,0.0,1,3.0,26.0,0,0,26,77.0,0.0,0.0,1956,579.0,0
1955,659,Jerry,Hoyt,0.0,1,1.0,31.0,0,0,31,82.0,0.0,0.0,1956,579.0,0
1955,660,Johnny,Claes,0.0,2,8.0,12.5,0,0,11,42.0,0.0,0.0,1956,579.0,0
1955,661,Peter,Walker,0.0,2,12.0,17.5,0,0,16,58.0,0.0,0.0,1956,579.0,0
1955,662,Mike,Sparken,0.0,1,23.0,7.0,0,0,7,33.0,0.0,0.0,1956,579.0,0
1955,663,Ken,Wharton,0.0,2,16.0,14.5,0,0,9,38.0,0.0,0.0,1956,579.0,0
1955,664,Kenneth,McAlpine,0.0,1,17.0,13.0,0,0,13,53.0,0.0,0.0,1956,579.0,0
1955,665,Leslie,Marr,0.0,1,19.0,20.0,0,0,20,69.0,0.0,0.0,1956,579.0,0
1955,666,Tony,Rolt,0.0,1,14.0,19.0,0,0,19,66.0,0.0,0.0,1956,579.0,0
1955,667,John,Fitch,0.0,1,20.0,9.0,0,0,9,40.0,0.0,0.0,1956,579.0,0
1955,668,Jean,Lucas,0.0,1,22.0,19.0,0,0,19,65.0,0.0,0.0,1956,579.0,0
1956,347,Jo,Bonnier,0.0,1,8.0,20.0,0,0,20,65.0,0.0,0.0,1957,579.0,0
1956,356,Jack,Brabham,0.0,1,28.0,26.0,0,0,26,79.0,0.0,0.0,1957,579.0,0
1956,427,Maurice,Trintignant,0.0,5,11.6,14.2,0,0,10,54.0,0.0,0.0,1957,579.0,0
1956,429,André,Pilette,0.0,4,11.5,11.0,0,0,6,28.0,0.0,0.0,1957,579.0,0
1956,449,Rodger,Ward,0.0,1,15.0,8.0,0,0,8,36.0,0.0,0.0,1957,579.0,0
1956,456,Roy,Salvadori,0.0,3,10.0,15.333333333333334,0,0,11,41.0,0.0,0.0,1957,579.0,0
1956,475,Stirling,Moss,28.0,7,5.777777777777778,6.666666666666667,4,2,1,2.0,27.0,2.0,1957,579.0,0
1956,476,Wolfgang,von Trips,0.0,1,0.0,25.0,0,0,25,77.0,0.0,0.0,1957,579.0,0
1956,479,Tony,Brooks,0.0,2,4.5,18.0,0,0,17,62.0,0.0,0.0,1957,579.0,0
1956,482,Olivier,Gendebien,2.0,2,10.5,9.5,0,0,5,23.0,2.0,0.0,1957,579.0,0
1956,483,Giorgio,Scarlatti,0.0,2,8.5,17.0,0,0,15,60.0,0.0,0.0,1957,579.0,0
1956,486,Jack,Fairman,5.0,2,18.5,4.5,0,0,4,10.0,5.0,0.0,1957,579.0,0
1956,496,Carlos,Menditeguy,0.0,1,6.0,10.0,0,0,10,55.0,0.0,0.0,1957,579.0,0
1956,498,José Froilán,González,0.0,2,5.5,20.0,0,0,12,56.0,0.0,0.0,1957,579.0,0
1956,501,Harry,Schell,3.0,6,6.857142857142857,11.857142857142858,0,0,4,17.0,3.0,0.0,1957,579.0,0
1956,506,Bruce,Halford,0.0,3,17.666666666666668,14.666666666666666,0,0,6,61.0,0.0,0.0,1957,579.0,0
1956,509,Jim,Rathmann,0.0,1,2.0,20.0,0,0,20,67.0,0.0,0.0,1957,579.0,0
1956,512,Johnny,Thomson,0.0,1,18.0,32.0,0,0,32,85.0,0.0,0.0,1957,579.0,0
1956,513,Eddie,Johnson,0.0,1,32.0,15.0,0,0,15,47.0,0.0,0.0,1957,579.0,0
1956,514,Bob,Veith,0.0,1,23.0,7.0,0,0,7,35.0,0.0,0.0,1957,579.0,0
1956,516,Bob,Christie,0.0,1,25.0,13.0,0,0,13,45.0,0.0,0.0,1957,579.0,0
1956,520,Gene,Hartley,0.0,1,22.0,11.0,0,0,11,43.0,0.0,0.0,1957,579.0,0
1956,525,Jimmy,Bryan,0.0,1,19.0,19.0,0,0,19,51.0,0.0,0.0,1957,579.0,0
1956,526,Troy,Ruttman,0.0,1,11.0,31.0,0,0,31,84.0,0.0,0.0,1957,579.0,0
1956,528,Don,Freeland,4.0,1,26.0,3.0,1,0,3,14.0,4.0,0.0,1957,579.0,0
1956,529,Tony,Bettenhausen,0.0,1,5.0,22.0,0,0,22,69.0,0.0,0.0,1957,579.0,0
1956,532,Eddie,Russo,0.0,1,14.0,23.0,0,0,23,72.0,0.0,0.0,1957,579.0,0
1956,533,Johnny,Boyd,0.0,1,12.0,30.0,0,0,30,83.0,0.0,0.0,1957,579.0,0
1956,537,Dick,Rathmann,2.0,1,4.0,5.0,0,0,5,24.0,2.0,0.0,1957,579.0,0
1956,538,Al,Herman,0.0,1,27.0,28.0,0,0,28,81.0,0.0,0.0,1957,579.0,0
1956,541,Ron,Flockhart,4.0,2,21.5,15.0,1,0,3,13.0,4.0,0.0,1957,579.0,0
1956,547,Horace,Gould,2.0,4,14.5,10.75,0,0,5,22.0,2.0,0.0,1957,579.0,0
1956,554,Jean,Behra,22.0,7,7.25,6.125,5,0,2,4.0,22.0,0.0,1957,579.0,0
1956,555,Paul,Russo,1.0,1,8.0,33.0,0,0,33,27.0,1.0,0.0,1957,579.0,0
1956,556,Jimmy,Daywalt,0.0,1,16.0,24.0,0,0,24,73.0,0.0,0.0,1957,579.0,0
1956,558,Al,Keller,0.0,1,28.0,14.0,0,0,14,46.0,0.0,0.0,1957,579.0,0
1956,559,Pat,Flaherty,8.0,1,1.0,1.0,1,1,1,5.0,8.0,1.0,1957,579.0,0
1956,561,Ray,Crawford,0.0,1,17.0,29.0,0,0,29,82.0,0.0,0.0,1957,579.0,0
1956,562,Jack,Turner,0.0,1,24.0,25.0,0,0,25,76.0,0.0,0.0,1957,579.0,0
1956,577,Luigi,Musso,4.0,4,4.75,9.75,1,1,1,11.0,4.0,1.0,1957,579.0,0
1956,578,Mike,Hawthorn,4.0,4,4.25,12.25,1,0,3,12.0,4.0,0.0,1957,579.0,0
1956,579,Juan,Fangio,34.5,7,2.7,4.5,5,3,1,1.0,30.0,3.0,1957,579.0,1
1956,580,Paco,Godia,6.0,5,17.8,7.6,0,0,4,9.0,6.0,0.0,1957,579.0,0
1956,581,Peter,Collins,25.0,7,6.125,5.75,5,2,1,3.0,25.0,2.0,1957,579.0,0
1956,583,Gerino,Gerini,1.5,2,14.0,7.0,0,0,4,25.0,1.5,0.0,1957,579.0,0
1956,585,Paul,Emery,0.0,1,23.0,25.0,0,0,25,75.0,0.0,0.0,1957,579.0,0
1956,586,Luigi,Piotti,0.0,3,9.0,12.333333333333334,0,0,6,29.0,0.0,0.0,1957,579.0,0
1956,589,Louis,Chiron,0.0,1,0.0,18.0,0,0,18,63.0,0.0,0.0,1957,579.0,0
1956,592,Jimmy,Reece,0.0,1,21.0,9.0,0,0,9,39.0,0.0,0.0,1957,579.0,0
1956,593,Johnnie,Parsons,3.0,1,6.0,4.0,0,0,4,18.0,3.0,0.0,1957,579.0,0
1956,594,Johnnie,Tolan,0.0,1,31.0,21.0,0,0,21,68.0,0.0,0.0,1957,579.0,0
1956,595,Billy,Garrett,0.0,1,29.0,16.0,0,0,16,48.0,0.0,0.0,1957,579.0,0
1956,596,Ed,Elisian,0.0,1,14.0,23.0,0,0,23,70.0,0.0,0.0,1957,579.0,0
1956,597,Pat,O'Connor,0.0,1,3.0,18.0,0,0,18,50.0,0.0,0.0,1957,579.0,0
1956,606,Alfonso,de Portago,3.0,4,9.6,11.8,1,0,2,15.0,3.0,0.0,1957,579.0,0
1956,607,Cesare,Perdisa,3.0,5,8.8,8.4,1,0,3,16.0,3.0,0.0,1957,579.0,0
1956,608,Eugenio,Castellotti,7.5,7,3.0,10.11111111111111,1,0,2,6.0,7.5,0.0,1957,579.0,0
1956,609,André,Simon,0.0,2,22.5,10.5,0,0,9,38.0,0.0,0.0,1957,579.0,0
1956,610,Les,Leston,0.0,1,20.0,23.0,0,0,23,71.0,0.0,0.0,1957,579.0,0
1956,611,Sam,Hanks,6.0,1,13.0,2.0,1,0,2,8.0,6.0,0.0,1957,579.0,0
1956,612,Andy,Linden,0.0,1,9.0,27.0,0,0,27,80.0,0.0,0.0,1957,579.0,0
1956,615,Fred,Agabashian,0.0,1,7.0,12.0,0,0,12,44.0,0.0,0.0,1957,579.0,0
1956,619,Bob,Gerard,0.0,1,22.0,11.0,0,0,11,42.0,0.0,0.0,1957,579.0,0
1956,620,Umberto,Maglioli,0.0,3,14.666666666666666,17.0,0,0,13,57.0,0.0,0.0,1957,579.0,0
1956,622,Chico,Landi,1.5,1,11.0,4.0,0,0,4,26.0,1.5,0.0,1957,579.0,0
1956,623,Alberto,Uria,0.0,1,13.0,6.0,0,0,6,33.0,0.0,0.0,1957,579.0,0
1956,624,Hernando,da Silva Ramos,2.0,4,18.2,13.2,0,0,5,21.0,2.0,0.0,1957,579.0,0
1956,625,Élie,Bayol,0.0,1,11.0,6.0,0,0,6,30.0,0.0,0.0,1957,579.0,0
1956,626,Robert,Manzon,0.0,5,16.6,13.2,0,0,9,37.0,0.0,0.0,1957,579.0,0
1956,627,Louis,Rosier,2.0,5,15.6,10.0,0,0,5,19.0,2.0,0.0,1957,579.0,0
1956,628,Bob,Sweikert,0.0,1,10.0,6.0,0,0,6,32.0,0.0,0.0,1957,579.0,0
1956,629,Cliff,Griffith,0.0,1,30.0,10.0,0,0,10,40.0,0.0,0.0,1957,579.0,0
1956,630,Duke,Dinsmore,0.0,1,33.0,17.0,0,0,17,49.0,0.0,0.0,1957,579.0,0
1956,631,Keith,Andrews,0.0,1,20.0,26.0,0,0,26,78.0,0.0,0.0,1957,579.0,0
1956,632,Paul,Frère,6.0,1,8.0,2.0,1,0,2,7.0,6.0,0.0,1957,579.0,0
1956,633,Luigi,Villoresi,2.0,5,13.6,11.4,0,0,5,20.0,2.0,0.0,1957,579.0,0
1956,634,Piero,Scotti,0.0,1,12.0,13.0,0,0,13,58.0,0.0,0.0,1957,579.0,0
1956,635,Colin,Chapman,0.0,1,5.0,20.0,0,0,20,66.0,0.0,0.0,1957,579.0,0
1956,636,Desmond,Titterington,0.0,1,11.0,14.0,0,0,14,59.0,0.0,0.0,1957,579.0,0
1956,637,Archie,Scott Brown,0.0,1,10.0,24.0,0,0,24,74.0,0.0,0.0,1957,579.0,0
1956,638,Ottorino,Volonterio,0.0,1,19.0,7.0,0,0,7,52.0,0.0,0.0,1957,579.0,0
1956,639,André,Milhoux,0.0,1,21.0,8.0,0,0,8,53.0,0.0,0.0,1957,579.0,0
1956,640,Toulo,de Graffenried,0.0,1,19.0,7.0,0,0,7,34.0,0.0,0.0,1957,579.0,0
1956,641,Piero,Taruffi,0.0,1,4.0,18.0,0,0,18,64.0,0.0,0.0,1957,579.0,0
1956,806,Óscar,González,0.0,1,13.0,6.0,0,0,6,31.0,0.0,0.0,1957,579.0,0
1957,347,Jo,Bonnier,0.0,4,13.0,13.25,0,0,7,27.0,0.0,0.0,1958,578.0,0
1957,356,Jack,Brabham,0.0,5,15.0,10.5,0,0,6,23.0,0.0,0.0,1958,578.0,0
1957,418,Masten,Gregory,10.0,4,9.5,4.75,1,0,3,6.0,10.0,0.0,1958,578.0,0
1957,427,Maurice,Trintignant,5.0,3,7.666666666666667,7.0,0,0,4,13.0,5.0,0.0,1958,578.0,0
1957,430,Carel Godin,de Beaufort,0.0,1,20.0,14.0,0,0,14,46.0,0.0,0.0,1958,578.0,0
1957,431,Edgar,Barth,0.0,1,12.0,12.0,0,0,12,42.0,0.0,0.0,1958,578.0,0
1957,449,Rodger,Ward,0.0,1,24.0,30.0,0,0,30,73.0,0.0,0.0,1958,578.0,0
1957,456,Roy,Salvadori,2.0,5,10.0,12.6,0,0,5,18.0,2.0,0.0,1958,578.0,0
1957,459,Tony,Marsh,0.0,1,22.0,15.0,0,0,15,49.0,0.0,0.0,1958,578.0,0
1957,475,Stirling,Moss,25.0,6,2.7142857142857144,6.142857142857143,3,3,1,2.0,25.0,3.0,1958,578.0,0
1957,476,Wolfgang,von Trips,4.0,3,9.333333333333334,5.333333333333333,1,0,3,14.0,4.0,0.0,1958,578.0,0
1957,478,Hans,Herrmann,0.0,2,5.5,17.0,0,0,16,57.0,0.0,0.0,1958,578.0,0
1957,479,Tony,Brooks,11.0,5,3.6666666666666665,7.5,2,1,1,5.0,11.0,1.0,1958,578.0,0
1957,483,Giorgio,Scarlatti,1.0,4,12.25,7.25,0,0,5,20.0,1.0,0.0,1958,578.0,0
1957,484,Brian,Naylor,0.0,1,17.0,13.0,0,0,13,45.0,0.0,0.0,1958,578.0,0
1957,486,Jack,Fairman,0.0,1,16.0,14.0,0,0,14,55.0,0.0,0.0,1958,578.0,0
1957,496,Carlos,Menditeguy,4.0,4,8.75,9.5,1,0,3,15.0,4.0,0.0,1958,578.0,0
1957,498,José Froilán,González,1.0,1,10.0,5.0,0,0,5,22.0,1.0,0.0,1958,578.0,0
1957,501,Harry,Schell,10.0,7,7.888888888888889,8.444444444444445,1,0,3,7.0,10.0,0.0,1958,578.0,0
1957,506,Bruce,Halford,0.0,3,14.666666666666666,12.0,0,0,10,38.0,0.0,0.0,1958,578.0,0
1957,509,Jim,Rathmann,7.0,1,32.0,2.0,1,0,2,10.0,7.0,0.0,1958,578.0,0
1957,512,Johnny,Thomson,0.0,1,11.0,12.0,0,0,12,43.0,0.0,0.0,1958,578.0,0
1957,513,Eddie,Johnson,0.0,1,20.0,25.0,0,0,25,68.0,0.0,0.0,1958,578.0,0
1957,514,Bob,Veith,0.0,1,16.0,9.0,0,0,9,34.0,0.0,0.0,1958,578.0,0
1957,516,Bob,Christie,0.0,1,33.0,13.0,0,0,13,44.0,0.0,0.0,1958,578.0,0
1957,520,Gene,Hartley,0.0,1,14.0,10.0,0,0,10,37.0,0.0,0.0,1958,578.0,0
1957,525,Jimmy,Bryan,4.0,1,15.0,3.0,1,0,3,16.0,4.0,0.0,1958,578.0,0
1957,526,Troy,Ruttman,0.0,1,3.0,31.0,0,0,31,74.0,0.0,0.0,1958,578.0,0
1957,527,Eddie,Sachs,0.0,1,2.0,23.0,0,0,23,66.0,0.0,0.0,1958,578.0,0
1957,528,Don,Freeland,0.0,1,21.0,17.0,0,0,17,51.0,0.0,0.0,1958,578.0,0
1957,529,Tony,Bettenhausen,0.0,1,22.0,15.0,0,0,15,48.0,0.0,0.0,1958,578.0,0
1957,532,Eddie,Russo,0.0,1,26.0,32.0,0,0,32,75.0,0.0,0.0,1958,578.0,0
1957,533,Johnny,Boyd,0.0,1,5.0,6.0,0,0,6,24.0,0.0,0.0,1958,578.0,0
1957,538,Al,Herman,0.0,1,30.0,21.0,0,0,21,62.0,0.0,0.0,1958,578.0,0
1957,541,Ron,Flockhart,0.0,2,11.0,12.0,0,0,9,52.0,0.0,0.0,1958,578.0,0
1957,547,Horace,Gould,0.0,6,14.666666666666666,15.833333333333334,0,0,10,35.0,0.0,0.0,1958,578.0,0
1957,549,Ivor,Bueb,0.0,2,17.5,9.5,0,0,8,30.0,0.0,0.0,1958,578.0,0
1957,554,Jean,Behra,6.0,6,3.1666666666666665,8.333333333333334,1,0,2,11.0,6.0,0.0,1958,578.0,0
1957,555,Paul,Russo,3.0,1,10.0,4.0,0,0,4,17.0,3.0,0.0,1958,578.0,0
1957,556,Jimmy,Daywalt,0.0,1,29.0,28.0,0,0,28,71.0,0.0,0.0,1958,578.0,0
1957,558,Al,Keller,0.0,1,8.0,27.0,0,0,27,70.0,0.0,0.0,1958,578.0,0
1957,560,Bill,Cheesbourg,0.0,1,23.0,26.0,0,0,26,69.0,0.0,0.0,1958,578.0,0
1957,562,Jack,Turner,0.0,1,19.0,11.0,0,0,11,40.0,0.0,0.0,1958,578.0,0
1957,563,Chuck,Weyant,0.0,1,25.0,14.0,0,0,14,47.0,0.0,0.0,1958,578.0,0
1957,565,Mike,Magill,0.0,1,18.0,24.0,0,0,24,67.0,0.0,0.0,1958,578.0,0
1957,573,Alessandro,de Tomaso,0.0,1,12.0,9.0,0,0,9,33.0,0.0,0.0,1958,578.0,0
1957,577,Luigi,Musso,16.0,6,6.5,6.166666666666667,2,0,2,3.0,16.0,0.0,1958,578.0,0
1957,578,Mike,Hawthorn,13.0,6,6.428571428571429,7.142857142857143,2,0,2,4.0,13.0,0.0,1958,578.0,1
1957,579,Juan,Fangio,46.0,7,2.0,3.0,6,4,1,1.0,40.0,4.0,1958,578.0,0
1957,580,Paco,Godia,0.0,3,16.0,12.333333333333334,0,0,9,32.0,0.0,0.0,1958,578.0,0
1957,581,Peter,Collins,8.0,6,6.375,8.375,2,0,3,9.0,8.0,0.0,1958,578.0,0
1957,586,Luigi,Piotti,0.0,4,11.0,16.0,0,0,10,36.0,0.0,0.0,1958,578.0,0
1957,590,Stuart,Lewis-Evans,5.0,6,7.833333333333333,9.666666666666666,0,0,4,12.0,5.0,0.0,1958,578.0,0
1957,592,Jimmy,Reece,0.0,1,6.0,18.0,0,0,18,59.0,0.0,0.0,1958,578.0,0
1957,593,Johnnie,Parsons,0.0,1,17.0,16.0,0,0,16,50.0,0.0,0.0,1958,578.0,0
1957,594,Johnnie,Tolan,0.0,1,31.0,20.0,0,0,20,61.0,0.0,0.0,1958,578.0,0
1957,596,Ed,Elisian,0.0,1,7.0,29.0,0,0,29,72.0,0.0,0.0,1958,578.0,0
1957,597,Pat,O'Connor,0.0,1,1.0,8.0,0,0,8,31.0,0.0,0.0,1958,578.0,0
1957,601,Dick,Gibson,0.0,1,24.0,23.0,0,0,23,65.0,0.0,0.0,1958,578.0,0
1957,606,Alfonso,de Portago,1.0,1,10.0,5.0,0,0,5,21.0,1.0,0.0,1958,578.0,0
1957,607,Cesare,Perdisa,0.0,1,11.0,6.0,0,0,6,26.0,0.0,0.0,1958,578.0,0
1957,608,Eugenio,Castellotti,0.0,1,4.0,11.0,0,0,11,53.0,0.0,0.0,1958,578.0,0
1957,609,André,Simon,0.0,2,8.0,15.0,0,0,11,39.0,0.0,0.0,1958,578.0,0
1957,610,Les,Leston,0.0,2,6.0,18.0,0,0,15,56.0,0.0,0.0,1958,578.0,0
1957,611,Sam,Hanks,8.0,1,13.0,1.0,1,1,1,8.0,8.0,1.0,1958,578.0,0
1957,612,Andy,Linden,2.0,1,12.0,5.0,0,0,5,19.0,2.0,0.0,1958,578.0,0
1957,613,Marshall,Teague,0.0,1,28.0,7.0,0,0,7,29.0,0.0,0.0,1958,578.0,0
1957,614,Don,Edmunds,0.0,1,27.0,19.0,0,0,19,60.0,0.0,0.0,1958,578.0,0
1957,615,Fred,Agabashian,0.0,1,4.0,22.0,0,0,22,63.0,0.0,0.0,1958,578.0,0
1957,616,Elmer,George,0.0,1,9.0,33.0,0,0,33,76.0,0.0,0.0,1958,578.0,0
1957,617,Mike,MacDowel,0.0,1,15.0,7.0,0,0,7,28.0,0.0,0.0,1958,578.0,0
1957,618,Herbert,MacKay-Fraser,0.0,1,12.0,11.0,0,0,11,54.0,0.0,0.0,1958,578.0,0
1957,619,Bob,Gerard,0.0,1,18.0,6.0,0,0,6,25.0,0.0,0.0,1958,578.0,0
1957,620,Umberto,Maglioli,0.0,1,15.0,17.0,0,0,17,58.0,0.0,0.0,1958,578.0,0
1957,621,Paul,England,0.0,1,23.0,22.0,0,0,22,64.0,0.0,0.0,1958,578.0,0
1957,638,Ottorino,Volonterio,0.0,1,16.0,11.0,0,0,11,41.0,0.0,0.0,1958,578.0,0
1958,289,Graham,Hill,0.0,9,14.88888888888889,13.444444444444445,0,0,6,25.0,0.0,0.0,1959,356.0,0
1958,347,Jo,Bonnier,3.0,9,14.11111111111111,11.555555555555555,0,0,4,20.0,3.0,0.0,1959,356.0,0
1958,356,Jack,Brabham,3.0,9,11.0,11.0,0,0,4,18.0,3.0,0.0,1959,356.0,1
1958,360,Bruce,McLaren,0.0,2,16.5,9.0,0,0,5,24.0,0.0,0.0,1959,356.0,0
1958,403,Phil,Hill,9.0,4,8.75,5.5,2,0,3,10.0,9.0,0.0,1959,356.0,0
1958,418,Masten,Gregory,0.0,4,10.25,11.25,0,0,4,22.0,0.0,0.0,1959,356.0,0
1958,427,Maurice,Trintignant,12.0,9,9.555555555555555,10.11111111111111,2,1,1,7.0,12.0,1.0,1959,356.0,0
1958,430,Carel Godin,de Beaufort,0.0,2,16.0,15.0,0,0,11,44.0,0.0,0.0,1959,356.0,0
1958,431,Edgar,Barth,0.0,1,13.0,6.0,0,0,6,27.0,0.0,0.0,1959,356.0,0
1958,437,Ian,Burgess,0.0,2,13.5,10.0,0,0,7,29.0,0.0,0.0,1959,356.0,0
1958,449,Rodger,Ward,0.0,1,11.0,20.0,0,0,20,66.0,0.0,0.0,1959,356.0,0
1958,455,Wolfgang,Seidel,0.0,3,18.0,18.0,0,0,14,52.0,0.0,0.0,1959,356.0,0
1958,456,Roy,Salvadori,15.0,9,9.777777777777779,6.555555555555555,2,0,2,4.0,15.0,0.0,1959,356.0,0
1958,459,Tony,Marsh,0.0,1,14.0,8.0,0,0,8,35.0,0.0,0.0,1959,356.0,0
1958,475,Stirling,Moss,41.0,10,4.0,8.5,5,4,1,2.0,41.0,4.0,1959,356.0,0
1958,476,Wolfgang,von Trips,9.0,6,10.0,8.0,1,0,3,11.0,9.0,0.0,1959,356.0,0
1958,477,Cliff,Allison,3.0,9,14.444444444444445,10.222222222222221,0,0,4,19.0,3.0,0.0,1959,356.0,0
1958,478,Hans,Herrmann,0.0,3,18.666666666666668,13.333333333333334,0,0,9,37.0,0.0,0.0,1959,356.0,0
1958,479,Tony,Brooks,24.0,9,4.9,10.5,3,3,1,3.0,24.0,3.0,1959,356.0,0
1958,482,Olivier,Gendebien,0.0,3,5.666666666666667,14.333333333333334,0,0,6,26.0,0.0,0.0,1959,356.0,0
1958,483,Giorgio,Scarlatti,0.0,2,15.0,13.0,0,0,12,51.0,0.0,0.0,1959,356.0,0
1958,484,Brian,Naylor,0.0,1,25.0,23.0,0,0,23,71.0,0.0,0.0,1959,356.0,0
1958,486,Jack,Fairman,0.0,2,15.0,14.0,0,0,8,33.0,0.0,0.0,1959,356.0,0
1958,496,Carlos,Menditeguy,0.0,1,6.0,7.0,0,0,7,31.0,0.0,0.0,1959,356.0,0
1958,501,Harry,Schell,14.0,10,7.3,8.1,1,0,2,6.0,14.0,0.0,1959,356.0,0
1958,502,Alan,Stacey,0.0,1,20.0,18.0,0,0,18,62.0,0.0,0.0,1959,356.0,0
1958,509,Jim,Rathmann,2.0,1,20.0,5.0,0,0,5,21.0,2.0,0.0,1959,356.0,0
1958,510,Paul,Goldsmith,0.0,1,16.0,30.0,0,0,30,84.0,0.0,0.0,1959,356.0,0
1958,512,Johnny,Thomson,0.0,1,22.0,23.0,0,0,23,73.0,0.0,0.0,1959,356.0,0
1958,513,Eddie,Johnson,0.0,1,26.0,9.0,0,0,9,39.0,0.0,0.0,1959,356.0,0
1958,514,Bob,Veith,0.0,1,4.0,26.0,0,0,26,77.0,0.0,0.0,1959,356.0,0
1958,516,Bob,Christie,0.0,1,17.0,14.0,0,0,14,53.0,0.0,0.0,1959,356.0,0
1958,523,Shorty,Templeman,0.0,1,23.0,19.0,0,0,19,64.0,0.0,0.0,1959,356.0,0
1958,525,Jimmy,Bryan,8.0,1,7.0,1.0,1,1,1,13.0,8.0,1.0,1959,356.0,0
1958,526,Troy,Ruttman,0.0,2,9.0,18.0,0,0,10,41.0,0.0,0.0,1959,356.0,0
1958,527,Eddie,Sachs,0.0,1,18.0,22.0,0,0,22,70.0,0.0,0.0,1959,356.0,0
1958,528,Don,Freeland,0.0,1,13.0,7.0,0,0,7,30.0,0.0,0.0,1959,356.0,0
1958,529,Tony,Bettenhausen,4.0,1,9.0,4.0,0,0,4,17.0,4.0,0.0,1959,356.0,0
1958,531,Anthony,Foyt,0.0,1,12.0,16.0,0,0,16,55.0,0.0,0.0,1959,356.0,0
1958,533,Johnny,Boyd,4.0,1,8.0,3.0,1,0,3,16.0,4.0,0.0,1959,356.0,0
1958,536,Len,Sutton,0.0,1,27.0,32.0,0,0,32,86.0,0.0,0.0,1959,356.0,0
1958,537,Dick,Rathmann,0.0,1,1.0,27.0,0,0,27,78.0,0.0,0.0,1959,356.0,0
1958,539,Dempsey,Wilson,0.0,1,32.0,15.0,0,0,15,54.0,0.0,0.0,1959,356.0,0
1958,541,Ron,Flockhart,0.0,2,5.0,22.666666666666668,0,0,17,57.0,0.0,0.0,1959,356.0,0
1958,543,Giulio,Cabianca,0.0,2,10.0,16.5,0,0,9,50.0,0.0,0.0,1959,356.0,0
1958,547,Horace,Gould,0.0,3,3.3333333333333335,17.666666666666668,0,0,9,38.0,0.0,0.0,1959,356.0,0
1958,549,Ivor,Bueb,0.0,2,16.5,14.0,0,0,11,43.0,0.0,0.0,1959,356.0,0
1958,551,Maria,de Filippis,0.0,4,13.75,13.75,0,0,8,40.0,0.0,0.0,1959,356.0,0
1958,553,André,Testut,0.0,1,0.0,23.0,0,0,23,72.0,0.0,0.0,1959,356.0,0
1958,554,Jean,Behra,9.0,10,6.2,12.0,1,0,3,12.0,9.0,0.0,1959,356.0,0
1958,555,Paul,Russo,0.0,1,14.0,18.0,0,0,18,61.0,0.0,0.0,1959,356.0,0
1958,558,Al,Keller,0.0,1,21.0,11.0,0,0,11,45.0,0.0,0.0,1959,356.0,0
1958,560,Bill,Cheesbourg,0.0,1,33.0,10.0,0,0,10,42.0,0.0,0.0,1959,356.0,0
1958,562,Jack,Turner,0.0,1,10.0,25.0,0,0,25,76.0,0.0,0.0,1959,356.0,0
1958,563,Chuck,Weyant,0.0,1,29.0,24.0,0,0,24,74.0,0.0,0.0,1959,356.0,0
1958,564,Jud,Larson,0.0,1,19.0,8.0,0,0,8,34.0,0.0,0.0,1959,356.0,0
1958,565,Mike,Magill,0.0,1,31.0,17.0,0,0,17,58.0,0.0,0.0,1959,356.0,0
1958,566,Carroll,Shelby,0.0,4,14.0,12.2,0,0,4,23.0,0.0,0.0,1959,356.0,0
1958,577,Luigi,Musso,12.0,5,6.2,8.8,2,0,2,8.0,12.0,0.0,1959,356.0,0
1958,578,Mike,Hawthorn,49.0,10,2.7,4.2,7,1,1,1.0,42.0,1.0,1959,356.0,0
1958,579,Juan,Fangio,7.0,2,4.5,4.0,0,0,4,14.0,7.0,0.0,1959,356.0,0
1958,580,Paco,Godia,0.0,4,9.5,16.5,0,0,8,32.0,0.0,0.0,1959,356.0,0
1958,581,Peter,Collins,14.0,7,5.714285714285714,8.857142857142858,2,1,1,5.0,14.0,1.0,1959,356.0,0
1958,582,Ken,Kavanagh,0.0,1,0.0,18.0,0,0,18,59.0,0.0,0.0,1959,356.0,0
1958,583,Gerino,Gerini,0.0,5,13.8,13.8,0,0,9,36.0,0.0,0.0,1959,356.0,0
1958,584,Bruce,Kessler,0.0,1,0.0,20.0,0,0,20,65.0,0.0,0.0,1959,356.0,0
1958,585,Paul,Emery,0.0,1,0.0,21.0,0,0,21,67.0,0.0,0.0,1959,356.0,0
1958,586,Luigi,Piotti,0.0,1,0.0,25.0,0,0,25,75.0,0.0,0.0,1959,356.0,0
1958,587,Bernie,Ecclestone,0.0,1,0.0,28.0,0,0,28,79.0,0.0,0.0,1959,356.0,0
1958,588,Luigi,Taramazzo,0.0,1,0.0,29.0,0,0,29,82.0,0.0,0.0,1959,356.0,0
1958,589,Louis,Chiron,0.0,1,0.0,30.0,0,0,30,83.0,0.0,0.0,1959,356.0,0
1958,590,Stuart,Lewis-Evans,11.0,8,5.75,10.25,2,0,3,9.0,11.0,0.0,1959,356.0,0
1958,591,George,Amick,6.0,1,25.0,2.0,1,0,2,15.0,6.0,0.0,1959,356.0,0
1958,592,Jimmy,Reece,0.0,1,3.0,6.0,0,0,6,28.0,0.0,0.0,1959,356.0,0
1958,593,Johnnie,Parsons,0.0,1,6.0,12.0,0,0,12,46.0,0.0,0.0,1959,356.0,0
1958,594,Johnnie,Tolan,0.0,1,30.0,13.0,0,0,13,47.0,0.0,0.0,1959,356.0,0
1958,595,Billy,Garrett,0.0,1,15.0,21.0,0,0,21,68.0,0.0,0.0,1959,356.0,0
1958,596,Ed,Elisian,0.0,1,2.0,28.0,0,0,28,80.0,0.0,0.0,1959,356.0,0
1958,597,Pat,O'Connor,0.0,1,5.0,29.0,0,0,29,81.0,0.0,0.0,1959,356.0,0
1958,598,Jerry,Unser,0.0,1,24.0,31.0,0,0,31,85.0,0.0,0.0,1959,356.0,0
1958,599,Art,Bisch,0.0,1,28.0,33.0,0,0,33,87.0,0.0,0.0,1959,356.0,0
1958,600,Christian,Goethals,0.0,1,23.0,16.0,0,0,16,56.0,0.0,0.0,1959,356.0,0
1958,601,Dick,Gibson,0.0,1,18.0,22.0,0,0,22,69.0,0.0,0.0,1959,356.0,0
1958,602,Robert,La Caze,0.0,1,23.0,14.0,0,0,14,48.0,0.0,0.0,1959,356.0,0
1958,603,André,Guelfi,0.0,1,25.0,15.0,0,0,15,49.0,0.0,0.0,1959,356.0,0
1958,604,François,Picard,0.0,1,24.0,18.0,0,0,18,60.0,0.0,0.0,1959,356.0,0
1958,605,Tom,Bridger,0.0,1,22.0,19.0,0,0,19,63.0,0.0,0.0,1959,356.0,0
1959,289,Graham,Hill,0.0,7,11.0,13.428571428571429,0,0,7,25.0,0.0,0.0,1960,356.0,0
1959,347,Jo,Bonnier,10.0,7,6.714285714285714,10.857142857142858,1,1,1,8.0,10.0,1.0,1960,356.0,0
1959,353,Pete,Lovely,0.0,1,0.0,22.0,0,0,22,67.0,0.0,0.0,1960,356.0,0
1959,356,Jack,Brabham,34.0,8,2.375,4.625,5,2,1,1.0,31.0,2.0,1960,356.0,1
1959,360,Bruce,McLaren,16.5,7,9.571428571428571,7.142857142857143,2,1,1,6.0,16.5,1.0,1960,356.0,0
1959,364,Dan,Gurney,13.0,4,6.25,6.0,2,0,2,7.0,13.0,0.0,1960,356.0,0
1959,376,Lucien,Bianchi,0.0,1,0.0,20.0,0,0,20,60.0,0.0,0.0,1960,356.0,0
1959,387,Mike,Parkes,0.0,1,0.0,27.0,0,0,27,78.0,0.0,0.0,1960,356.0,0
1959,401,Trevor,Taylor,0.0,1,0.0,29.0,0,0,29,83.0,0.0,0.0,1960,356.0,0
1959,403,Phil,Hill,20.0,7,6.571428571428571,6.142857142857143,3,0,2,4.0,20.0,0.0,1960,356.0,0
1959,404,Innes,Ireland,5.0,6,12.666666666666666,12.166666666666666,0,0,4,14.0,5.0,0.0,1960,356.0,0
1959,418,Masten,Gregory,10.0,6,6.333333333333333,8.833333333333334,2,0,2,9.0,10.0,0.0,1960,356.0,0
1959,427,Maurice,Trintignant,19.0,8,7.875,5.75,2,0,2,5.0,19.0,0.0,1960,356.0,0
1959,430,Carel Godin,de Beaufort,0.0,2,17.0,9.5,0,0,9,32.0,0.0,0.0,1960,356.0,0
1959,432,Mário de Araújo,Cabral,0.0,1,14.0,10.0,0,0,10,36.0,0.0,0.0,1960,356.0,0
1959,437,Ian,Burgess,0.0,4,15.75,14.0,0,0,6,22.0,0.0,0.0,1960,356.0,0
1959,441,Tim,Parnell,0.0,1,0.0,30.0,0,0,30,85.0,0.0,0.0,1960,356.0,0
1959,449,Rodger,Ward,8.0,2,12.5,5.5,1,1,1,10.0,8.0,1.0,1960,356.0,0
1959,456,Roy,Salvadori,0.0,7,11.285714285714286,10.285714285714286,0,0,6,20.0,0.0,0.0,1960,356.0,0
1959,462,Colin,Davis,0.0,2,17.5,15.5,0,0,11,38.0,0.0,0.0,1960,356.0,0
1959,465,Keith,Greene,0.0,1,0.0,25.0,0,0,25,75.0,0.0,0.0,1960,356.0,0
1959,475,Stirling,Moss,25.5,8,2.5,7.875,3,2,1,3.0,25.5,2.0,1960,356.0,0
1959,476,Wolfgang,von Trips,0.0,2,9.0,10.0,0,0,6,23.0,0.0,0.0,1960,356.0,0
1959,477,Cliff,Allison,2.0,5,12.6,10.2,0,0,5,17.0,2.0,0.0,1960,356.0,0
1959,478,Hans,Herrmann,0.0,2,15.0,14.5,0,0,9,49.0,0.0,0.0,1960,356.0,0
1959,479,Tony,Brooks,27.0,8,5.875,9.25,4,2,1,2.0,27.0,2.0,1960,356.0,0
1959,481,Henry,Taylor,0.0,1,21.0,11.0,0,0,11,40.0,0.0,0.0,1960,356.0,0
1959,482,Olivier,Gendebien,3.0,2,8.5,5.0,0,0,4,15.0,3.0,0.0,1960,356.0,0
1959,483,Giorgio,Scarlatti,0.0,3,11.0,12.666666666666666,0,0,8,29.0,0.0,0.0,1960,356.0,0
1959,484,Brian,Naylor,0.0,1,14.0,22.0,0,0,22,68.0,0.0,0.0,1960,356.0,0
1959,486,Jack,Fairman,0.0,2,13.5,17.5,0,0,17,53.0,0.0,0.0,1960,356.0,0
1959,501,Harry,Schell,5.0,8,6.75,8.25,0,0,4,13.0,5.0,0.0,1960,356.0,0
1959,502,Alan,Stacey,0.0,2,12.0,12.5,0,0,8,30.0,0.0,0.0,1960,356.0,0
1959,505,Chris,Bristow,0.0,1,16.0,10.0,0,0,10,35.0,0.0,0.0,1960,356.0,0
1959,506,Bruce,Halford,0.0,1,16.0,16.0,0,0,16,52.0,0.0,0.0,1960,356.0,0
1959,509,Jim,Rathmann,6.0,1,3.0,2.0,1,0,2,11.0,6.0,0.0,1960,356.0,0
1959,510,Paul,Goldsmith,2.0,1,16.0,5.0,0,0,5,19.0,2.0,0.0,1960,356.0,0
1959,511,Don,Branson,0.0,1,10.0,24.0,0,0,24,72.0,0.0,0.0,1960,356.0,0
1959,512,Johnny,Thomson,5.0,1,1.0,3.0,1,0,3,12.0,5.0,0.0,1960,356.0,0
1959,513,Eddie,Johnson,0.0,1,8.0,8.0,0,0,8,31.0,0.0,0.0,1960,356.0,0
1959,514,Bob,Veith,0.0,1,7.0,12.0,0,0,12,42.0,0.0,0.0,1960,356.0,0
1959,516,Bob,Christie,0.0,1,24.0,25.0,0,0,25,74.0,0.0,0.0,1960,356.0,0
1959,517,Red,Amick,0.0,1,26.0,31.0,0,0,31,86.0,0.0,0.0,1960,356.0,0
1959,518,Duane,Carter,0.0,1,12.0,7.0,0,0,7,27.0,0.0,0.0,1960,356.0,0
1959,520,Gene,Hartley,0.0,1,9.0,11.0,0,0,11,39.0,0.0,0.0,1960,356.0,0
1959,522,Bobby,Grim,0.0,1,5.0,26.0,0,0,26,76.0,0.0,0.0,1960,356.0,0
1959,525,Jimmy,Bryan,0.0,1,20.0,33.0,0,0,33,88.0,0.0,0.0,1960,356.0,0
1959,527,Eddie,Sachs,0.0,1,2.0,17.0,0,0,17,54.0,0.0,0.0,1960,356.0,0
1959,528,Don,Freeland,0.0,1,25.0,22.0,0,0,22,66.0,0.0,0.0,1960,356.0,0
1959,529,Tony,Bettenhausen,3.0,1,15.0,4.0,0,0,4,16.0,3.0,0.0,1960,356.0,0
1959,531,Anthony,Foyt,0.0,1,17.0,10.0,0,0,10,37.0,0.0,0.0,1960,356.0,0
1959,533,Johnny,Boyd,0.0,1,11.0,6.0,0,0,6,24.0,0.0,0.0,1960,356.0,0
1959,535,Jim,McWithey,0.0,1,33.0,16.0,0,0,16,48.0,0.0,0.0,1960,356.0,0
1959,536,Len,Sutton,0.0,1,22.0,32.0,0,0,32,87.0,0.0,0.0,1960,356.0,0
1959,537,Dick,Rathmann,0.0,1,4.0,20.0,0,0,20,61.0,0.0,0.0,1960,356.0,0
1959,538,Al,Herman,0.0,1,23.0,13.0,0,0,13,44.0,0.0,0.0,1960,356.0,0
1959,540,Mike,Taylor,0.0,1,24.0,23.0,0,0,23,71.0,0.0,0.0,1960,356.0,0
1959,541,Ron,Flockhart,0.0,5,12.0,10.0,0,0,6,21.0,0.0,0.0,1960,356.0,0
1959,542,David,Piper,0.0,1,22.0,21.0,0,0,21,64.0,0.0,0.0,1960,356.0,0
1959,543,Giulio,Cabianca,0.0,1,21.0,15.0,0,0,15,47.0,0.0,0.0,1960,356.0,0
1959,549,Ivor,Bueb,0.0,2,9.0,15.0,0,0,13,43.0,0.0,0.0,1960,356.0,0
1959,550,Alain,de Changy,0.0,1,0.0,19.0,0,0,19,58.0,0.0,0.0,1960,356.0,0
1959,551,Maria,de Filippis,0.0,1,0.0,21.0,0,0,21,63.0,0.0,0.0,1960,356.0,0
1959,552,Jean,Lucienbonnet,0.0,1,0.0,23.0,0,0,23,70.0,0.0,0.0,1960,356.0,0
1959,553,André,Testut,0.0,1,0.0,24.0,0,0,24,73.0,0.0,0.0,1960,356.0,0
1959,554,Jean,Behra,2.0,3,3.6666666666666665,9.666666666666666,0,0,5,18.0,2.0,0.0,1960,356.0,0
1959,555,Paul,Russo,0.0,1,27.0,9.0,0,0,9,33.0,0.0,0.0,1960,356.0,0
1959,556,Jimmy,Daywalt,0.0,1,13.0,14.0,0,0,14,45.0,0.0,0.0,1960,356.0,0
1959,557,Chuck,Arnold,0.0,1,21.0,15.0,0,0,15,46.0,0.0,0.0,1960,356.0,0
1959,558,Al,Keller,0.0,1,28.0,18.0,0,0,18,55.0,0.0,0.0,1960,356.0,0
1959,559,Pat,Flaherty,0.0,1,18.0,19.0,0,0,19,59.0,0.0,0.0,1960,356.0,0
1959,560,Bill,Cheesbourg,0.0,1,30.0,21.0,0,0,21,62.0,0.0,0.0,1960,356.0,0
1959,561,Ray,Crawford,0.0,1,32.0,23.0,0,0,23,69.0,0.0,0.0,1960,356.0,0
1959,562,Jack,Turner,0.0,1,14.0,27.0,0,0,27,79.0,0.0,0.0,1960,356.0,0
1959,563,Chuck,Weyant,0.0,1,29.0,28.0,0,0,28,81.0,0.0,0.0,1960,356.0,0
1959,564,Jud,Larson,0.0,1,19.0,29.0,0,0,29,82.0,0.0,0.0,1960,356.0,0
1959,565,Mike,Magill,0.0,1,31.0,30.0,0,0,30,84.0,0.0,0.0,1960,356.0,0
1959,566,Carroll,Shelby,0.0,4,12.0,11.5,0,0,8,28.0,0.0,0.0,1960,356.0,0
1959,567,Fritz,d'Orey,0.0,3,18.333333333333332,12.666666666666666,0,0,10,34.0,0.0,0.0,1960,356.0,0
1959,568,Azdrubal,Fontes,0.0,1,0.0,22.0,0,0,22,65.0,0.0,0.0,1960,356.0,0
1959,569,Peter,Ashdown,0.0,1,23.0,12.0,0,0,12,41.0,0.0,0.0,1960,356.0,0
1959,570,Bill,Moss,0.0,1,0.0,26.0,0,0,26,77.0,0.0,0.0,1960,356.0,0
1959,571,Dennis,Taylor,0.0,1,0.0,28.0,0,0,28,80.0,0.0,0.0,1960,356.0,0
1959,572,Harry,Blanchard,0.0,1,16.0,7.0,0,0,7,26.0,0.0,0.0,1960,356.0,0
1959,573,Alessandro,de Tomaso,0.0,1,14.0,11.0,0,0,11,50.0,0.0,0.0,1960,356.0,0
1959,574,George,Constantine,0.0,1,15.0,16.0,0,0,16,51.0,0.0,0.0,1960,356.0,0
1959,575,Bob,Said,0.0,1,13.0,18.0,0,0,18,56.0,0.0,0.0,1960,356.0,0
1959,576,Phil,Cade,0.0,1,0.0,19.0,0,0,19,57.0,0.0,0.0,1960,356.0,0
1960,289,Graham,Hill,4.0,8,5.125,12.75,1,0,3,15.0,4.0,0.0,1961,403.0,0
1960,341,John,Surtees,6.0,4,8.25,12.5,1,0,2,12.0,6.0,0.0,1961,403.0,0
1960,347,Jo,Bonnier,4.0,8,6.125,10.875,0,0,5,18.0,4.0,0.0,1961,403.0,0
1960,353,Pete,Lovely,0.0,1,20.0,11.0,0,0,11,49.0,0.0,0.0,1961,403.0,0
1960,356,Jack,Brabham,43.0,8,2.75,4.5,5,5,1,1.0,43.0,5.0,1961,403.0,0
1960,360,Bruce,McLaren,37.0,8,9.125,4.125,6,1,1,2.0,34.0,1.0,1961,403.0,0
1960,364,Dan,Gurney,0.0,7,7.0,13.714285714285714,0,0,10,41.0,0.0,0.0,1961,403.0,0
1960,373,Jim,Clark,8.0,6,8.666666666666666,9.5,1,0,3,10.0,8.0,0.0,1961,403.0,0
1960,376,Lucien,Bianchi,1.0,3,15.666666666666666,12.666666666666666,0,0,6,24.0,1.0,0.0,1961,403.0,0
1960,386,Richie,Ginther,8.0,4,10.75,8.75,1,0,2,9.0,8.0,0.0,1961,403.0,0
1960,398,Vic,Wilson,0.0,1,16.0,15.0,0,0,15,83.0,0.0,0.0,1961,403.0,0
1960,403,Phil,Hill,16.0,9,7.666666666666667,7.0,2,1,1,5.0,16.0,1.0,1961,403.0,1
1960,404,Innes,Ireland,18.0,8,5.375,6.125,3,0,2,4.0,18.0,0.0,1961,403.0,0
1960,418,Masten,Gregory,0.0,6,9.666666666666666,14.5,0,0,9,37.0,0.0,0.0,1961,403.0,0
1960,427,Maurice,Trintignant,0.0,6,16.5,13.0,1,0,3,28.0,0.0,0.0,1961,403.0,0
1960,430,Carel Godin,de Beaufort,0.0,1,18.0,8.0,0,0,8,34.0,0.0,0.0,1961,403.0,0
1960,431,Edgar,Barth,0.0,1,12.0,7.0,0,0,7,29.0,0.0,0.0,1961,403.0,0
1960,432,Mário de Araújo,Cabral,0.0,1,15.0,9.0,0,0,9,78.0,0.0,0.0,1961,403.0,0
1960,435,Willy,Mairesse,4.0,3,9.0,9.666666666666666,1,0,3,16.0,4.0,0.0,1961,403.0,0
1960,437,Ian,Burgess,0.0,4,16.25,18.25,0,0,10,43.0,0.0,0.0,1961,403.0,0
1960,439,Nasif,Estéfano,0.0,1,20.0,14.0,0,0,14,56.0,0.0,0.0,1961,403.0,0
1960,440,Jim,Hall,0.0,1,12.0,7.0,0,0,7,30.0,0.0,0.0,1961,403.0,0
1960,449,Rodger,Ward,6.0,1,3.0,2.0,1,0,2,14.0,6.0,0.0,1961,403.0,0
1960,455,Wolfgang,Seidel,0.0,1,13.0,9.0,0,0,9,39.0,0.0,0.0,1961,403.0,0
1960,456,Roy,Salvadori,0.0,4,10.0,15.0,0,0,8,32.0,0.0,0.0,1961,403.0,0
1960,465,Keith,Greene,0.0,1,22.0,24.0,0,0,24,91.0,0.0,0.0,1961,403.0,0
1960,475,Stirling,Moss,19.0,6,2.7142857142857144,7.428571428571429,3,2,1,3.0,19.0,2.0,1961,403.0,0
1960,476,Wolfgang,von Trips,10.0,9,9.11111111111111,7.0,0,0,4,7.0,10.0,0.0,1961,403.0,0
1960,477,Cliff,Allison,6.0,2,3.5,10.0,1,0,2,13.0,6.0,0.0,1961,403.0,0
1960,478,Hans,Herrmann,1.0,1,10.0,6.0,0,0,6,26.0,1.0,0.0,1961,403.0,0
1960,479,Tony,Brooks,7.0,7,8.285714285714286,12.428571428571429,0,0,4,11.0,7.0,0.0,1961,403.0,0
1960,481,Henry,Taylor,3.0,4,14.0,8.25,0,0,4,19.0,3.0,0.0,1961,403.0,0
1960,482,Olivier,Gendebien,10.0,5,9.6,6.6,2,0,2,6.0,10.0,0.0,1961,403.0,0
1960,483,Giorgio,Scarlatti,0.0,3,7.666666666666667,19.333333333333332,0,0,14,81.0,0.0,0.0,1961,403.0,0
1960,484,Brian,Naylor,0.0,4,10.5,15.5,0,0,11,53.0,0.0,0.0,1961,403.0,0
1960,486,Jack,Fairman,0.0,1,15.0,23.0,0,0,23,90.0,0.0,0.0,1961,403.0,0
1960,491,Alfonso,Thiele,0.0,1,9.0,12.0,0,0,12,80.0,0.0,0.0,1961,403.0,0
1960,494,Lloyd,Ruby,0.0,1,12.0,7.0,0,0,7,31.0,0.0,0.0,1961,403.0,0
1960,496,Carlos,Menditeguy,3.0,1,12.0,4.0,0,0,4,22.0,3.0,0.0,1961,403.0,0
1960,497,Alberto Rodriguez,Larreta,0.0,1,15.0,9.0,0,0,9,38.0,0.0,0.0,1961,403.0,0
1960,498,José Froilán,González,0.0,1,11.0,10.0,0,0,10,46.0,0.0,0.0,1961,403.0,0
1960,499,Roberto,Bonomi,0.0,1,17.0,11.0,0,0,11,48.0,0.0,0.0,1961,403.0,0
1960,500,Gino,Munaron,0.0,4,17.75,14.25,0,0,13,52.0,0.0,0.0,1961,403.0,0
1960,501,Harry,Schell,0.0,1,9.0,15.0,0,0,15,82.0,0.0,0.0,1961,403.0,0
1960,502,Alan,Stacey,0.0,4,13.0,12.25,0,0,8,77.0,0.0,0.0,1961,403.0,0
1960,503,Ettore,Chimeri,0.0,1,21.0,20.0,0,0,20,88.0,0.0,0.0,1961,403.0,0
1960,504,Antonio,Creus,0.0,1,22.0,21.0,0,0,21,89.0,0.0,0.0,1961,403.0,0
1960,505,Chris,Bristow,0.0,3,6.666666666666667,13.333333333333334,0,0,11,79.0,0.0,0.0,1961,403.0,0
1960,506,Bruce,Halford,0.0,2,7.5,12.5,0,0,8,33.0,0.0,0.0,1961,403.0,0
1960,507,Chuck,Daigh,0.0,6,13.0,17.833333333333332,0,0,10,42.0,0.0,0.0,1961,403.0,0
1960,508,Lance,Reventlow,0.0,4,4.0,21.25,0,0,17,85.0,0.0,0.0,1961,403.0,0
1960,509,Jim,Rathmann,8.0,1,2.0,1.0,1,1,1,8.0,8.0,1.0,1961,403.0,0
1960,510,Paul,Goldsmith,4.0,1,26.0,3.0,1,0,3,17.0,4.0,0.0,1961,403.0,0
1960,511,Don,Branson,3.0,1,8.0,4.0,0,0,4,20.0,3.0,0.0,1961,403.0,0
1960,512,Johnny,Thomson,2.0,1,17.0,5.0,0,0,5,23.0,2.0,0.0,1961,403.0,0
1960,513,Eddie,Johnson,1.0,1,7.0,6.0,0,0,6,27.0,1.0,0.0,1961,403.0,0
1960,514,Bob,Veith,0.0,1,25.0,8.0,0,0,8,36.0,0.0,0.0,1961,403.0,0
1960,515,Bud,Tingelstad,0.0,1,28.0,9.0,0,0,9,40.0,0.0,0.0,1961,403.0,0
1960,516,Bob,Christie,0.0,1,14.0,10.0,0,0,10,44.0,0.0,0.0,1961,403.0,0
1960,517,Red,Amick,0.0,1,22.0,11.0,0,0,11,47.0,0.0,0.0,1961,403.0,0
1960,518,Duane,Carter,0.0,1,27.0,12.0,0,0,12,51.0,0.0,0.0,1961,403.0,0
1960,519,Bill,Homeier,0.0,1,31.0,13.0,0,0,13,55.0,0.0,0.0,1961,403.0,0
1960,520,Gene,Hartley,0.0,1,24.0,14.0,0,0,14,57.0,0.0,0.0,1961,403.0,0
1960,521,Chuck,Stevenson,0.0,1,9.0,15.0,0,0,15,58.0,0.0,0.0,1961,403.0,0
1960,522,Bobby,Grim,0.0,1,21.0,16.0,0,0,16,59.0,0.0,0.0,1961,403.0,0
1960,523,Shorty,Templeman,0.0,1,19.0,17.0,0,0,17,60.0,0.0,0.0,1961,403.0,0
1960,524,Jim,Hurtubise,0.0,1,23.0,18.0,0,0,18,61.0,0.0,0.0,1961,403.0,0
1960,525,Jimmy,Bryan,0.0,1,10.0,19.0,0,0,19,62.0,0.0,0.0,1961,403.0,0
1960,526,Troy,Ruttman,0.0,1,6.0,20.0,0,0,20,63.0,0.0,0.0,1961,403.0,0
1960,527,Eddie,Sachs,0.0,1,1.0,21.0,0,0,21,64.0,0.0,0.0,1961,403.0,0
1960,528,Don,Freeland,0.0,1,11.0,22.0,0,0,22,65.0,0.0,0.0,1961,403.0,0
1960,529,Tony,Bettenhausen,0.0,1,18.0,23.0,0,0,23,66.0,0.0,0.0,1961,403.0,0
1960,530,Wayne,Weiler,0.0,1,15.0,24.0,0,0,24,67.0,0.0,0.0,1961,403.0,0
1960,531,Anthony,Foyt,0.0,1,16.0,25.0,0,0,25,68.0,0.0,0.0,1961,403.0,0
1960,532,Eddie,Russo,0.0,1,29.0,26.0,0,0,26,69.0,0.0,0.0,1961,403.0,0
1960,533,Johnny,Boyd,0.0,1,13.0,27.0,0,0,27,70.0,0.0,0.0,1961,403.0,0
1960,534,Gene,Force,0.0,1,20.0,28.0,0,0,28,71.0,0.0,0.0,1961,403.0,0
1960,535,Jim,McWithey,0.0,1,32.0,29.0,0,0,29,72.0,0.0,0.0,1961,403.0,0
1960,536,Len,Sutton,0.0,1,5.0,30.0,0,0,30,73.0,0.0,0.0,1961,403.0,0
1960,537,Dick,Rathmann,0.0,1,4.0,31.0,0,0,31,74.0,0.0,0.0,1961,403.0,0
1960,538,Al,Herman,0.0,1,30.0,32.0,0,0,32,75.0,0.0,0.0,1961,403.0,0
1960,539,Dempsey,Wilson,0.0,1,33.0,33.0,0,0,33,76.0,0.0,0.0,1961,403.0,0
1960,540,Mike,Taylor,0.0,1,19.0,19.0,0,0,19,87.0,0.0,0.0,1961,403.0,0
1960,541,Ron,Flockhart,1.0,2,17.5,13.5,0,0,6,25.0,1.0,0.0,1961,403.0,0
1960,542,David,Piper,0.0,2,22.5,17.0,0,0,12,50.0,0.0,0.0,1961,403.0,0
1960,543,Giulio,Cabianca,3.0,1,4.0,4.0,0,0,4,21.0,3.0,0.0,1961,403.0,0
1960,544,Piero,Drogo,0.0,1,15.0,8.0,0,0,8,35.0,0.0,0.0,1961,403.0,0
1960,545,Fred,Gamble,0.0,1,14.0,10.0,0,0,10,45.0,0.0,0.0,1961,403.0,0
1960,546,Arthur,Owen,0.0,1,11.0,16.0,0,0,16,84.0,0.0,0.0,1961,403.0,0
1960,547,Horace,Gould,0.0,1,0.0,17.0,0,0,17,86.0,0.0,0.0,1961,403.0,0
1960,548,Bob,Drake,0.0,1,22.0,13.0,0,0,13,54.0,0.0,0.0,1961,403.0,0
1961,289,Graham,Hill,3.0,8,6.875,14.5,0,0,5,16.0,3.0,0.0,1962,289.0,1
1961,341,John,Surtees,4.0,8,10.0,15.25,0,0,5,12.0,4.0,0.0,1962,289.0,0
1961,347,Jo,Bonnier,3.0,8,8.5,10.75,0,0,5,15.0,3.0,0.0,1962,289.0,0
1961,356,Jack,Brabham,4.0,8,9.375,16.0,0,0,4,11.0,4.0,0.0,1962,289.0,0
1961,360,Bruce,McLaren,11.0,8,11.0,7.75,1,0,3,8.0,11.0,0.0,1962,289.0,0
1961,364,Dan,Gurney,21.0,8,8.75,5.125,3,0,2,4.0,21.0,0.0,1962,289.0,0
1961,373,Jim,Clark,11.0,8,8.5,10.625,2,0,3,7.0,11.0,0.0,1962,289.0,0
1961,376,Lucien,Bianchi,0.0,4,18.0,19.75,0,0,19,44.0,0.0,0.0,1962,289.0,0
1961,385,Lorenzo,Bandini,0.0,4,19.5,14.0,0,0,8,20.0,0.0,0.0,1962,289.0,0
1961,386,Richie,Ginther,16.0,7,4.571428571428571,7.142857142857143,3,0,2,5.0,16.0,0.0,1962,289.0,0
1961,394,Giancarlo,Baghetti,9.0,3,12.333333333333334,14.0,1,1,1,9.0,9.0,1.0,1962,289.0,0
1961,401,Trevor,Taylor,0.0,1,16.0,13.0,0,0,13,33.0,0.0,0.0,1962,289.0,0
1961,403,Phil,Hill,38.0,7,2.0,3.0,6,2,1,1.0,34.0,2.0,1962,289.0,0
1961,404,Innes,Ireland,12.0,7,8.285714285714286,14.285714285714286,1,1,1,6.0,12.0,1.0,1962,289.0,0
1961,408,Tony,Maggs,0.0,2,23.0,12.0,0,0,11,29.0,0.0,0.0,1962,289.0,0
1961,418,Masten,Gregory,0.0,8,9.666666666666666,16.0,0,0,10,25.0,0.0,0.0,1962,289.0,0
1961,424,Roberto,Bussinello,0.0,1,24.0,29.0,0,0,29,53.0,0.0,0.0,1962,289.0,0
1961,425,Nino,Vaccarella,0.0,1,20.0,19.0,0,0,19,46.0,0.0,0.0,1962,289.0,0
1961,427,Maurice,Trintignant,0.0,5,20.4,12.4,0,0,7,18.0,0.0,0.0,1962,289.0,0
1961,428,Bernard,Collomb,0.0,2,23.5,21.0,0,0,19,45.0,0.0,0.0,1962,289.0,0
1961,429,André,Pilette,0.0,1,0.0,33.0,0,0,33,59.0,0.0,0.0,1962,289.0,0
1961,430,Carel Godin,de Beaufort,0.0,6,16.333333333333332,13.333333333333334,0,0,7,19.0,0.0,0.0,1962,289.0,0
1961,431,Edgar,Barth,0.0,2,0.0,30.5,0,0,27,51.0,0.0,0.0,1962,289.0,0
1961,433,Walt,Hansgen,0.0,1,14.0,18.0,0,0,18,43.0,0.0,0.0,1962,289.0,0
1961,434,Hap,Sharp,0.0,1,17.0,10.0,0,0,10,28.0,0.0,0.0,1962,289.0,0
1961,435,Willy,Mairesse,0.0,3,17.333333333333332,18.333333333333332,0,0,17,41.0,0.0,0.0,1962,289.0,0
1961,436,John,Campbell-Jones,0.0,1,0.0,33.0,0,0,33,58.0,0.0,0.0,1962,289.0,0
1961,437,Ian,Burgess,0.0,5,14.6,16.2,0,0,12,31.0,0.0,0.0,1962,289.0,0
1961,440,Jim,Hall,0.0,1,18.0,13.0,0,0,13,38.0,0.0,0.0,1962,289.0,0
1961,441,Tim,Parnell,0.0,2,28.0,18.0,0,0,10,27.0,0.0,0.0,1962,289.0,0
1961,444,Roberto,Lippi,0.0,1,32.0,31.0,0,0,31,56.0,0.0,0.0,1962,289.0,0
1961,447,Gaetano,Starrabba,0.0,1,30.0,15.0,0,0,15,40.0,0.0,0.0,1962,289.0,0
1961,453,Jackie,Lewis,3.0,5,16.0,15.0,0,0,4,13.0,3.0,0.0,1962,289.0,0
1961,454,Ricardo,Rodríguez,0.0,1,2.0,17.0,0,0,17,42.0,0.0,0.0,1962,289.0,0
1961,455,Wolfgang,Seidel,0.0,5,14.6,24.0,0,0,17,37.0,0.0,0.0,1962,289.0,0
1961,456,Roy,Salvadori,2.0,5,14.6,8.4,0,0,6,17.0,2.0,0.0,1962,289.0,0
1961,459,Tony,Marsh,0.0,3,15.666666666666666,20.333333333333332,0,0,15,34.0,0.0,0.0,1962,289.0,0
1961,460,Gerry,Ashmore,0.0,3,25.333333333333332,25.333333333333332,0,0,16,36.0,0.0,0.0,1962,289.0,0
1961,465,Keith,Greene,0.0,1,26.0,15.0,0,0,15,35.0,0.0,0.0,1962,289.0,0
1961,467,Ernesto,Prinoth,0.0,1,0.0,37.0,0,0,37,61.0,0.0,0.0,1962,289.0,0
1961,468,Roger,Penske,0.0,1,16.0,8.0,0,0,8,22.0,0.0,0.0,1962,289.0,0
1961,475,Stirling,Moss,21.0,8,6.555555555555555,10.88888888888889,2,2,1,3.0,21.0,2.0,1962,289.0,0
1961,476,Wolfgang,von Trips,33.0,7,3.142857142857143,8.142857142857142,4,2,1,2.0,33.0,2.0,1962,289.0,0
1961,477,Cliff,Allison,0.0,2,7.5,16.5,0,0,8,21.0,0.0,0.0,1962,289.0,0
1961,478,Hans,Herrmann,0.0,4,9.25,16.5,0,0,9,23.0,0.0,0.0,1962,289.0,0
1961,479,Tony,Brooks,6.0,8,8.375,12.25,1,0,3,10.0,6.0,0.0,1962,289.0,0
1961,480,Michael,May,0.0,4,9.0,23.25,0,0,11,30.0,0.0,0.0,1962,289.0,0
1961,481,Henry,Taylor,0.0,5,13.0,18.8,0,0,10,26.0,0.0,0.0,1962,289.0,0
1961,482,Olivier,Gendebien,3.0,5,3.6,19.4,0,0,4,14.0,3.0,0.0,1962,289.0,0
1961,483,Giorgio,Scarlatti,0.0,1,26.0,21.0,0,0,21,48.0,0.0,0.0,1962,289.0,0
1961,484,Brian,Naylor,0.0,2,15.5,27.0,0,0,23,49.0,0.0,0.0,1962,289.0,0
1961,485,Juan Manuel,Bordeu,0.0,1,0.0,28.0,0,0,28,52.0,0.0,0.0,1962,289.0,0
1961,486,Jack,Fairman,0.0,2,23.0,22.0,0,0,19,50.0,0.0,0.0,1962,289.0,0
1961,487,Massimo,Natili,0.0,2,14.0,32.5,0,0,30,54.0,0.0,0.0,1962,289.0,0
1961,488,Peter,Monteverdi,0.0,1,0.0,30.0,0,0,30,55.0,0.0,0.0,1962,289.0,0
1961,489,Renato,Pirocchi,0.0,2,14.5,21.5,0,0,12,32.0,0.0,0.0,1962,289.0,0
1961,490,Geoff,Duke,0.0,1,0.0,32.0,0,0,32,57.0,0.0,0.0,1962,289.0,0
1961,491,Alfonso,Thiele,0.0,1,0.0,36.0,0,0,36,60.0,0.0,0.0,1962,289.0,0
1961,492,Menato,Boffa,0.0,1,0.0,38.0,0,0,38,62.0,0.0,0.0,1962,289.0,0
1961,493,Peter,Ryan,0.0,1,13.0,9.0,0,0,9,24.0,0.0,0.0,1962,289.0,0
1961,494,Lloyd,Ruby,0.0,1,19.0,14.0,0,0,14,39.0,0.0,0.0,1962,289.0,0
1961,495,Ken,Miles,0.0,1,0.0,20.0,0,0,20,47.0,0.0,0.0,1962,289.0,0
1962,289,Graham,Hill,52.0,9,2.3333333333333335,3.0,6,4,1,1.0,42.0,4.0,1963,373.0,0
1962,340,John,Love,0.0,1,12.0,8.0,0,0,8,22.0,0.0,0.0,1963,373.0,0
1962,341,John,Surtees,19.0,9,7.444444444444445,9.444444444444445,2,0,2,4.0,19.0,0.0,1963,373.0,0
1962,346,Jo,Siffert,0.0,6,8.166666666666666,17.833333333333332,0,0,10,27.0,0.0,0.0,1963,373.0,0
1962,347,Jo,Bonnier,3.0,8,8.875,11.625,0,0,5,15.0,3.0,0.0,1963,373.0,0
1962,356,Jack,Brabham,9.0,8,8.75,10.0,0,0,4,9.0,9.0,0.0,1963,373.0,0
1962,360,Bruce,McLaren,32.0,9,4.444444444444445,5.888888888888889,5,1,1,3.0,27.0,1.0,1963,373.0,0
1962,364,Dan,Gurney,15.0,8,4.625,10.0,2,1,1,5.0,15.0,1.0,1963,373.0,0
1962,368,Sam,Tingle,0.0,1,0.0,21.0,0,0,21,52.0,0.0,0.0,1963,373.0,0
1962,373,Jim,Clark,30.0,9,2.7777777777777777,7.777777777777778,3,3,1,2.0,30.0,3.0,1963,373.0,1
1962,376,Lucien,Bianchi,0.0,2,21.5,12.5,0,0,9,24.0,0.0,0.0,1963,373.0,0
1962,385,Lorenzo,Bandini,4.0,3,15.0,11.333333333333334,1,0,3,12.0,4.0,0.0,1963,373.0,0
1962,386,Richie,Ginther,10.0,9,7.444444444444445,9.777777777777779,2,0,2,8.0,10.0,0.0,1963,373.0,0
1962,394,Giancarlo,Baghetti,5.0,4,14.25,9.5,0,0,4,11.0,5.0,0.0,1963,373.0,0
1962,397,Peter,Arundell,0.0,1,0.0,18.0,0,0,18,41.0,0.0,0.0,1963,373.0,0
1962,401,Trevor,Taylor,6.0,9,12.333333333333334,12.88888888888889,1,0,2,10.0,6.0,0.0,1963,373.0,0
1962,403,Phil,Hill,14.0,6,10.166666666666666,9.0,3,0,2,6.0,14.0,0.0,1963,373.0,0
1962,404,Innes,Ireland,2.0,8,6.875,12.5,0,0,5,16.0,2.0,0.0,1963,373.0,0
1962,408,Tony,Maggs,13.0,9,13.222222222222221,7.333333333333333,2,0,2,7.0,13.0,0.0,1963,373.0,0
1962,410,Neville,Lederle,1.0,1,10.0,6.0,0,0,6,19.0,1.0,0.0,1963,373.0,0
1962,411,Doug,Serrurier,0.0,1,14.0,13.0,0,0,13,37.0,0.0,0.0,1963,373.0,0
1962,413,Ernie,Pieterse,0.0,1,13.0,10.0,0,0,10,28.0,0.0,0.0,1963,373.0,0
1962,418,Masten,Gregory,1.0,7,8.285714285714286,12.571428571428571,0,0,6,18.0,1.0,0.0,1963,373.0,0
1962,424,Roberto,Bussinello,0.0,1,0.0,23.0,0,0,23,54.0,0.0,0.0,1963,373.0,0
1962,425,Nino,Vaccarella,0.0,3,9.666666666666666,15.0,0,0,9,23.0,0.0,0.0,1963,373.0,0
1962,427,Maurice,Trintignant,0.0,8,10.625,16.5,0,0,7,20.0,0.0,0.0,1963,373.0,0
1962,428,Bernard,Collomb,0.0,1,22.0,25.0,0,0,25,56.0,0.0,0.0,1963,373.0,0
1962,430,Carel Godin,de Beaufort,2.0,9,13.222222222222221,11.666666666666666,0,0,6,17.0,2.0,0.0,1963,373.0,0
1962,434,Hap,Sharp,0.0,1,15.0,11.0,0,0,11,33.0,0.0,0.0,1963,373.0,0
1962,435,Willy,Mairesse,3.0,3,6.666666666666667,8.0,0,0,4,14.0,3.0,0.0,1963,373.0,0
1962,436,John,Campbell-Jones,0.0,2,9.5,17.5,0,0,11,32.0,0.0,0.0,1963,373.0,0
1962,437,Ian,Burgess,0.0,4,8.0,17.5,0,0,11,30.0,0.0,0.0,1963,373.0,0
1962,438,Tony,Settember,0.0,3,13.333333333333334,16.666666666666668,0,0,11,31.0,0.0,0.0,1963,373.0,0
1962,439,Nasif,Estéfano,0.0,1,0.0,30.0,0,0,30,59.0,0.0,0.0,1963,373.0,0
1962,440,Jim,Hall,0.0,1,0.0,20.0,0,0,20,47.0,0.0,0.0,1963,373.0,0
1962,442,Kurt,Kuhnke,0.0,1,0.0,31.0,0,0,31,61.0,0.0,0.0,1963,373.0,0
1962,444,Roberto,Lippi,0.0,1,0.0,28.0,0,0,28,58.0,0.0,0.0,1963,373.0,0
1962,445,Günther,Seiffert,0.0,1,0.0,30.0,0,0,30,60.0,0.0,0.0,1963,373.0,0
1962,446,Carlo,Abate,0.0,1,0.0,21.0,0,0,21,50.0,0.0,0.0,1963,373.0,0
1962,453,Jackie,Lewis,0.0,6,9.833333333333334,14.5,0,0,8,21.0,0.0,0.0,1963,373.0,0
1962,454,Ricardo,Rodríguez,4.0,5,7.8,11.2,0,0,4,13.0,4.0,0.0,1963,373.0,0
1962,455,Wolfgang,Seidel,0.0,3,13.666666666666666,20.666666666666668,0,0,14,38.0,0.0,0.0,1963,373.0,0
1962,456,Roy,Salvadori,0.0,9,9.666666666666666,17.11111111111111,0,0,11,36.0,0.0,0.0,1963,373.0,0
1962,457,Ben,Pon,0.0,1,10.0,20.0,0,0,20,48.0,0.0,0.0,1963,373.0,0
1962,458,Rob,Slotemaker,0.0,1,0.0,21.0,0,0,21,51.0,0.0,0.0,1963,373.0,0
1962,459,Tony,Marsh,0.0,4,0.0,23.75,0,0,19,43.0,0.0,0.0,1963,373.0,0
1962,460,Gerry,Ashmore,0.0,2,0.0,23.5,0,0,23,53.0,0.0,0.0,1963,373.0,0
1962,461,Heinz,Schiller,0.0,2,10.0,24.5,0,0,24,55.0,0.0,0.0,1963,373.0,0
1962,462,Colin,Davis,0.0,1,0.0,20.0,0,0,20,46.0,0.0,0.0,1963,373.0,0
1962,463,Jay,Chamberlain,0.0,3,6.666666666666667,24.333333333333332,0,0,15,35.0,0.0,0.0,1963,373.0,0
1962,464,Tony,Shelly,0.0,3,6.0,23.333333333333332,0,0,21,49.0,0.0,0.0,1963,373.0,0
1962,465,Keith,Greene,0.0,3,4.75,22.5,0,0,20,45.0,0.0,0.0,1963,373.0,0
1962,466,Heini,Walter,0.0,1,14.0,14.0,0,0,14,34.0,0.0,0.0,1963,373.0,0
1962,467,Ernesto,Prinoth,0.0,1,0.0,27.0,0,0,27,57.0,0.0,0.0,1963,373.0,0
1962,468,Roger,Penske,0.0,1,13.0,9.0,0,0,9,26.0,0.0,0.0,1963,373.0,0
1962,469,Rob,Schroeder,0.0,1,17.0,10.0,0,0,10,29.0,0.0,0.0,1963,373.0,0
1962,470,Timmy,Mayer,0.0,1,12.0,16.0,0,0,16,40.0,0.0,0.0,1963,373.0,0
1962,471,Bruce,Johnstone,0.0,1,17.0,9.0,0,0,9,25.0,0.0,0.0,1963,373.0,0
1962,472,Mike,Harris,0.0,1,15.0,15.0,0,0,15,39.0,0.0,0.0,1963,373.0,0
1962,473,Gary,Hocking,0.0,1,0.0,18.0,0,0,18,42.0,0.0,0.0,1963,373.0,0
1962,474,Syd,van der Vyver,0.0,1,0.0,19.0,0,0,19,44.0,0.0,0.0,1963,373.0,0
1963,278,Chris,Amon,0.0,8,11.375,15.0,0,0,7,18.0,0.0,0.0,1964,341.0,0
1963,289,Graham,Hill,29.0,10,2.6,7.1,5,2,1,2.0,29.0,2.0,1964,341.0,0
1963,305,Mike,Hailwood,0.0,3,11.666666666666666,13.666666666666666,0,0,8,22.0,0.0,0.0,1964,341.0,0
1963,310,Paddy,Driver,0.0,1,0.0,21.0,0,0,21,48.0,0.0,0.0,1964,341.0,0
1963,340,John,Love,0.0,1,13.0,9.0,0,0,9,24.0,0.0,0.0,1964,341.0,0
1963,341,John,Surtees,22.0,10,3.9,9.9,3,1,1,4.0,22.0,1.0,1964,341.0,1
1963,345,Pedro,Rodríguez,0.0,2,16.5,15.5,0,0,15,40.0,0.0,0.0,1964,341.0,0
1963,346,Jo,Siffert,1.0,9,12.88888888888889,11.333333333333334,0,0,6,15.0,1.0,0.0,1964,341.0,0
1963,347,Jo,Bonnier,6.0,10,10.9,8.5,0,0,5,11.0,6.0,0.0,1964,341.0,0
1963,356,Jack,Brabham,14.0,10,6.7,9.1,1,0,2,7.0,14.0,0.0,1964,341.0,0
1963,360,Bruce,McLaren,17.0,10,6.7,10.7,3,0,2,6.0,17.0,0.0,1964,341.0,0
1963,362,Peter,de Klerk,0.0,1,16.0,15.0,0,0,15,42.0,0.0,0.0,1964,341.0,0
1963,364,Dan,Gurney,19.0,10,5.8,8.9,3,0,2,5.0,19.0,0.0,1964,341.0,0
1963,368,Sam,Tingle,0.0,1,17.0,20.0,0,0,20,46.0,0.0,0.0,1964,341.0,0
1963,373,Jim,Clark,73.0,10,2.0,2.0,9,7,1,1.0,54.0,7.0,1964,341.0,0
1963,374,Mike,Spence,0.0,1,9.0,13.0,0,0,13,33.0,0.0,0.0,1964,341.0,0
1963,375,Ludovico,Scarfiotti,1.0,3,3.6666666666666665,16.0,0,0,6,17.0,1.0,0.0,1964,341.0,0
1963,376,Lucien,Bianchi,0.0,1,16.0,11.0,0,0,11,37.0,0.0,0.0,1964,341.0,0
1963,382,Moisés,Solana,0.0,1,11.0,11.0,0,0,11,29.0,0.0,0.0,1964,341.0,0
1963,383,Bob,Anderson,0.0,2,17.5,12.0,0,0,12,30.0,0.0,0.0,1964,341.0,0
1963,385,Lorenzo,Bandini,6.0,9,6.555555555555555,13.88888888888889,0,0,5,10.0,6.0,0.0,1964,341.0,0
1963,386,Richie,Ginther,34.0,10,6.6,6.2,5,0,2,3.0,29.0,0.0,1964,341.0,0
1963,394,Giancarlo,Baghetti,0.0,9,11.222222222222221,20.333333333333332,0,0,15,35.0,0.0,0.0,1964,341.0,0
1963,397,Peter,Arundell,0.0,2,0.0,21.0,0,0,21,47.0,0.0,0.0,1964,341.0,0
1963,401,Trevor,Taylor,1.0,9,10.222222222222221,13.444444444444445,0,0,6,16.0,1.0,0.0,1964,341.0,0
1963,403,Phil,Hill,0.0,9,9.88888888888889,17.555555555555557,0,0,11,26.0,0.0,0.0,1964,341.0,0
1963,404,Innes,Ireland,6.0,9,6.666666666666667,14.666666666666666,0,0,4,9.0,6.0,0.0,1964,341.0,0
1963,407,David,Prophet,0.0,1,14.0,16.0,0,0,16,43.0,0.0,0.0,1964,341.0,0
1963,408,Tony,Maggs,9.0,10,9.4,9.9,1,0,2,8.0,9.0,0.0,1964,341.0,0
1963,409,Trevor,Blokdyk,0.0,1,19.0,12.0,0,0,12,31.0,0.0,0.0,1964,341.0,0
1963,410,Neville,Lederle,0.0,1,0.0,22.0,0,0,22,51.0,0.0,0.0,1964,341.0,0
1963,411,Doug,Serrurier,0.0,1,18.0,11.0,0,0,11,28.0,0.0,0.0,1964,341.0,0
1963,412,Brausch,Niemann,0.0,1,15.0,14.0,0,0,14,34.0,0.0,0.0,1964,341.0,0
1963,413,Ernie,Pieterse,0.0,1,12.0,19.0,0,0,19,45.0,0.0,0.0,1964,341.0,0
1963,418,Masten,Gregory,0.0,6,12.5,18.166666666666668,0,0,11,27.0,0.0,0.0,1964,341.0,0
1963,420,Ian,Raby,0.0,3,6.333333333333333,21.333333333333332,0,0,17,44.0,0.0,0.0,1964,341.0,0
1963,423,Gerhard,Mitter,3.0,3,10.333333333333334,17.333333333333332,0,0,4,12.0,3.0,0.0,1964,341.0,0
1963,427,Maurice,Trintignant,0.0,3,16.333333333333332,9.666666666666666,0,0,8,21.0,0.0,0.0,1964,341.0,0
1963,428,Bernard,Collomb,0.0,2,10.5,13.5,0,0,10,25.0,0.0,0.0,1964,341.0,0
1963,429,André,Pilette,0.0,2,0.0,25.0,0,0,23,53.0,0.0,0.0,1964,341.0,0
1963,430,Carel Godin,de Beaufort,2.0,9,14.666666666666666,12.444444444444445,0,0,6,14.0,2.0,0.0,1964,341.0,0
1963,432,Mário de Araújo,Cabral,0.0,2,10.0,18.0,0,0,14,38.0,0.0,0.0,1964,341.0,0
1963,433,Walt,Hansgen,0.0,2,0.0,22.5,0,0,22,49.0,0.0,0.0,1964,341.0,0
1963,434,Hap,Sharp,0.0,2,17.0,13.0,0,0,7,19.0,0.0,0.0,1964,341.0,0
1963,435,Willy,Mairesse,0.0,3,5.666666666666667,16.333333333333332,0,0,11,36.0,0.0,0.0,1964,341.0,0
1963,436,John,Campbell-Jones,0.0,2,11.5,16.5,0,0,13,32.0,0.0,0.0,1964,341.0,0
1963,437,Ian,Burgess,0.0,7,5.571428571428571,21.714285714285715,0,0,15,41.0,0.0,0.0,1964,341.0,0
1963,438,Tony,Settember,0.0,7,11.285714285714286,18.571428571428573,0,0,8,23.0,0.0,0.0,1964,341.0,0
1963,439,Nasif,Estéfano,0.0,3,0.0,23.666666666666668,0,0,23,52.0,0.0,0.0,1964,341.0,0
1963,440,Jim,Hall,3.0,9,15.333333333333334,9.11111111111111,0,0,5,13.0,3.0,0.0,1964,341.0,0
1963,441,Tim,Parnell,0.0,1,0.0,25.0,0,0,25,56.0,0.0,0.0,1964,341.0,0
1963,442,Kurt,Kuhnke,0.0,1,0.0,26.0,0,0,26,58.0,0.0,0.0,1964,341.0,0
1963,443,Ernesto,Brambilla,0.0,1,0.0,26.0,0,0,26,57.0,0.0,0.0,1964,341.0,0
1963,444,Roberto,Lippi,0.0,1,0.0,28.0,0,0,28,59.0,0.0,0.0,1964,341.0,0
1963,445,Günther,Seiffert,0.0,1,0.0,31.0,0,0,31,60.0,0.0,0.0,1964,341.0,0
1963,446,Carlo,Abate,0.0,1,0.0,32.0,0,0,32,61.0,0.0,0.0,1964,341.0,0
1963,447,Gaetano,Starrabba,0.0,1,0.0,33.0,0,0,33,62.0,0.0,0.0,1964,341.0,0
1963,448,Peter,Broeker,0.0,1,21.0,7.0,0,0,7,20.0,0.0,0.0,1964,341.0,0
1963,449,Rodger,Ward,0.0,1,17.0,14.0,0,0,14,39.0,0.0,0.0,1964,341.0,0
1963,450,Ernie,de Vos,0.0,1,0.0,24.0,0,0,24,54.0,0.0,0.0,1964,341.0,0
1963,451,Frank,Dochnal,0.0,1,0.0,22.0,0,0,22,50.0,0.0,0.0,1964,341.0,0
1963,452,Thomas,Monarch,0.0,1,0.0,25.0,0,0,25,55.0,0.0,0.0,1964,341.0,0
1964,278,Chris,Amon,2.0,9,10.88888888888889,14.333333333333334,0,0,5,16.0,2.0,0.0,1965,373.0,0
1964,289,Graham,Hill,41.0,10,3.5,6.8,5,2,1,2.0,39.0,2.0,1965,373.0,0
1964,305,Mike,Hailwood,1.0,9,14.88888888888889,13.222222222222221,0,0,6,21.0,1.0,0.0,1965,373.0,0
1964,309,Peter,Revson,0.0,5,13.6,14.4,0,0,11,27.0,0.0,0.0,1965,373.0,0
1964,340,John,Love,0.0,1,0.0,23.0,0,0,23,40.0,0.0,0.0,1965,373.0,0
1964,341,John,Surtees,40.0,10,3.1,7.6,6,2,1,1.0,40.0,2.0,1965,373.0,0
1964,345,Pedro,Rodríguez,1.0,1,9.0,6.0,0,0,6,22.0,1.0,0.0,1965,373.0,0
1964,346,Jo,Siffert,7.0,10,13.3,10.9,1,0,3,10.0,7.0,0.0,1965,373.0,0
1964,347,Jo,Bonnier,3.0,9,10.777777777777779,13.0,0,0,5,15.0,3.0,0.0,1965,373.0,0
1964,356,Jack,Brabham,11.0,10,5.8,10.4,2,0,3,8.0,11.0,0.0,1965,373.0,0
1964,358,Jochen,Rindt,0.0,1,13.0,10.0,0,0,10,31.0,0.0,0.0,1965,373.0,0
1964,360,Bruce,McLaren,13.0,10,7.1,10.5,2,0,2,7.0,13.0,0.0,1965,373.0,0
1964,364,Dan,Gurney,19.0,10,2.6,8.8,2,2,1,6.0,19.0,2.0,1965,373.0,0
1964,370,Richard,Attwood,0.0,1,24.0,25.0,0,0,25,41.0,0.0,0.0,1965,373.0,0
1964,373,Jim,Clark,32.0,10,2.090909090909091,8.181818181818182,3,3,1,3.0,32.0,3.0,1965,373.0,1
1964,374,Mike,Spence,4.0,6,8.666666666666666,8.833333333333334,0,0,4,12.0,4.0,0.0,1965,373.0,0
1964,375,Ludovico,Scarfiotti,0.0,1,16.0,9.0,0,0,9,25.0,0.0,0.0,1965,373.0,0
1964,380,Frank,Gardner,0.0,1,19.0,23.0,0,0,23,39.0,0.0,0.0,1965,373.0,0
1964,382,Moisés,Solana,0.0,1,14.0,10.0,0,0,10,26.0,0.0,0.0,1965,373.0,0
1964,383,Bob,Anderson,5.0,7,12.571428571428571,9.0,1,0,3,11.0,5.0,0.0,1965,373.0,0
1964,385,Lorenzo,Bandini,23.0,10,7.1,7.5,4,1,1,4.0,23.0,1.0,1965,373.0,0
1964,386,Richie,Ginther,23.0,10,9.6,5.5,2,0,2,5.0,23.0,0.0,1965,373.0,0
1964,394,Giancarlo,Baghetti,0.0,7,15.0,12.285714285714286,0,0,7,23.0,0.0,0.0,1965,373.0,0
1964,397,Peter,Arundell,11.0,4,5.0,4.75,2,0,3,9.0,11.0,0.0,1965,373.0,0
1964,399,John,Taylor,0.0,1,20.0,14.0,0,0,14,30.0,0.0,0.0,1965,373.0,0
1964,401,Trevor,Taylor,1.0,8,13.125,15.0,0,0,6,20.0,1.0,0.0,1965,373.0,0
1964,402,Giacomo,Russo,0.0,1,0.0,22.0,0,0,22,38.0,0.0,0.0,1965,373.0,0
1964,403,Phil,Hill,1.0,9,13.333333333333334,11.222222222222221,0,0,6,19.0,1.0,0.0,1965,373.0,0
1964,404,Innes,Ireland,4.0,8,10.875,11.75,0,0,5,14.0,4.0,0.0,1965,373.0,0
1964,405,Ronnie,Bucknum,0.0,3,15.333333333333334,14.666666666666666,0,0,13,29.0,0.0,0.0,1965,373.0,0
1964,408,Tony,Maggs,4.0,5,10.4,13.6,0,0,4,13.0,4.0,0.0,1965,373.0,0
1964,420,Ian,Raby,0.0,2,11.5,21.0,0,0,18,35.0,0.0,0.0,1965,373.0,0
1964,423,Gerhard,Mitter,0.0,1,19.0,9.0,0,0,9,24.0,0.0,0.0,1965,373.0,0
1964,427,Maurice,Trintignant,2.0,5,17.8,13.8,0,0,5,17.0,2.0,0.0,1965,373.0,0
1964,428,Bernard,Collomb,0.0,1,0.0,19.0,0,0,19,37.0,0.0,0.0,1965,373.0,0
1964,429,André,Pilette,0.0,3,6.666666666666667,19.666666666666668,0,0,15,32.0,0.0,0.0,1965,373.0,0
1964,430,Carel Godin,de Beaufort,0.0,1,17.0,17.0,0,0,17,34.0,0.0,0.0,1965,373.0,0
1964,431,Edgar,Barth,0.0,1,20.0,18.0,0,0,18,36.0,0.0,0.0,1965,373.0,0
1964,432,Mário de Araújo,Cabral,0.0,1,19.0,16.0,0,0,16,33.0,0.0,0.0,1965,373.0,0
1964,433,Walt,Hansgen,2.0,1,17.0,5.0,0,0,5,18.0,2.0,0.0,1965,373.0,0
1964,434,Hap,Sharp,0.0,2,18.5,11.5,0,0,10,28.0,0.0,0.0,1965,373.0,0
1965,278,Chris,Amon,0.0,2,12.0,14.0,0,0,12,33.0,0.0,0.0,1966,356.0,0
1965,289,Graham,Hill,47.0,10,3.6,3.4,6,2,1,2.0,40.0,2.0,1966,356.0,0
1965,293,Dave,Charlton,0.0,1,0.0,28.0,0,0,28,51.0,0.0,0.0,1966,356.0,0
1965,304,Denny,Hulme,5.0,6,9.333333333333334,10.833333333333334,0,0,4,11.0,5.0,0.0,1966,356.0,0
1965,305,Mike,Hailwood,0.0,1,12.0,15.0,0,0,15,35.0,0.0,0.0,1966,356.0,0
1965,328,Jackie,Stewart,34.0,10,4.8,6.7,5,1,1,3.0,33.0,1.0,1966,356.0,0
1965,334,Jackie,Pretorius,0.0,1,0.0,27.0,0,0,27,50.0,0.0,0.0,1966,356.0,0
1965,340,John,Love,0.0,1,18.0,19.0,0,0,19,38.0,0.0,0.0,1966,356.0,0
1965,341,John,Surtees,17.0,8,4.0,8.125,3,0,2,5.0,17.0,0.0,1966,356.0,0
1965,345,Pedro,Rodríguez,2.0,2,14.5,6.0,0,0,5,14.0,2.0,0.0,1966,356.0,0
1965,346,Jo,Siffert,5.0,10,11.7,9.1,0,0,4,12.0,5.0,0.0,1966,356.0,0
1965,347,Jo,Bonnier,0.0,10,11.2,10.7,0,0,7,17.0,0.0,0.0,1966,356.0,0
1965,356,Jack,Brabham,9.0,7,8.285714285714286,9.285714285714286,1,0,3,10.0,9.0,0.0,1966,356.0,1
1965,358,Jochen,Rindt,4.0,10,10.6,12.1,0,0,4,13.0,4.0,0.0,1966,356.0,0
1965,360,Bruce,McLaren,10.0,10,9.1,9.9,1,0,3,9.0,10.0,0.0,1966,356.0,0
1965,362,Peter,de Klerk,0.0,1,17.0,10.0,0,0,10,24.0,0.0,0.0,1966,356.0,0
1965,364,Dan,Gurney,25.0,9,6.111111111111111,7.0,5,0,2,4.0,25.0,0.0,1966,356.0,0
1965,368,Sam,Tingle,0.0,1,20.0,13.0,0,0,13,31.0,0.0,0.0,1966,356.0,0
1965,370,Richard,Attwood,2.0,8,14.375,10.75,0,0,6,16.0,2.0,0.0,1966,356.0,0
1965,373,Jim,Clark,54.0,9,2.111111111111111,5.333333333333333,6,6,1,1.0,54.0,6.0,1966,356.0,0
1965,374,Mike,Spence,10.0,9,7.111111111111111,8.0,1,0,3,8.0,10.0,0.0,1966,356.0,0
1965,375,Ludovico,Scarfiotti,0.0,1,0.0,19.0,0,0,19,39.0,0.0,0.0,1966,356.0,0
1965,376,Lucien,Bianchi,0.0,1,17.0,12.0,0,0,12,28.0,0.0,0.0,1966,356.0,0
1965,380,Frank,Gardner,0.0,7,14.714285714285714,14.142857142857142,0,0,8,18.0,0.0,0.0,1966,356.0,0
1965,382,Moisés,Solana,0.0,2,13.0,11.0,0,0,10,27.0,0.0,0.0,1966,356.0,0
1965,383,Bob,Anderson,0.0,5,13.8,13.6,0,0,9,20.0,0.0,0.0,1966,356.0,0
1965,385,Lorenzo,Bandini,13.0,10,7.3,8.5,1,0,2,6.0,13.0,0.0,1966,356.0,0
1965,386,Richie,Ginther,11.0,8,7.125,10.5,1,1,1,7.0,11.0,1.0,1966,356.0,0
1965,394,Giancarlo,Baghetti,0.0,1,19.0,22.0,0,0,22,41.0,0.0,0.0,1966,356.0,0
1965,396,Bob,Bondurant,0.0,2,16.0,12.0,0,0,9,23.0,0.0,0.0,1966,356.0,0
1965,402,Giacomo,Russo,0.0,1,20.0,18.0,0,0,18,37.0,0.0,0.0,1966,356.0,0
1965,404,Innes,Ireland,0.0,7,13.857142857142858,13.714285714285714,0,0,9,21.0,0.0,0.0,1966,356.0,0
1965,405,Ronnie,Bucknum,2.0,6,11.666666666666666,14.0,0,0,5,15.0,2.0,0.0,1966,356.0,0
1965,406,Paul,Hawkins,0.0,3,16.666666666666668,12.0,0,0,9,22.0,0.0,0.0,1966,356.0,0
1965,407,David,Prophet,0.0,1,19.0,14.0,0,0,14,32.0,0.0,0.0,1966,356.0,0
1965,408,Tony,Maggs,0.0,1,13.0,11.0,0,0,11,26.0,0.0,0.0,1966,356.0,0
1965,409,Trevor,Blokdyk,0.0,1,0.0,21.0,0,0,21,40.0,0.0,0.0,1966,356.0,0
1965,410,Neville,Lederle,0.0,1,0.0,22.0,0,0,22,42.0,0.0,0.0,1966,356.0,0
1965,411,Doug,Serrurier,0.0,1,0.0,23.0,0,0,23,46.0,0.0,0.0,1966,356.0,0
1965,412,Brausch,Niemann,0.0,1,0.0,24.0,0,0,24,47.0,0.0,0.0,1966,356.0,0
1965,413,Ernie,Pieterse,0.0,1,0.0,25.0,0,0,25,48.0,0.0,0.0,1966,356.0,0
1965,414,Clive,Puzey,0.0,1,0.0,26.0,0,0,26,49.0,0.0,0.0,1966,356.0,0
1965,415,Ray,Reed,0.0,1,0.0,29.0,0,0,29,52.0,0.0,0.0,1966,356.0,0
1965,416,David,Clapham,0.0,1,0.0,30.0,0,0,30,53.0,0.0,0.0,1966,356.0,0
1965,417,Alex,Blignaut,0.0,1,0.0,31.0,0,0,31,54.0,0.0,0.0,1966,356.0,0
1965,418,Masten,Gregory,0.0,4,20.25,14.0,0,0,8,19.0,0.0,0.0,1966,356.0,0
1965,419,John,Rhodes,0.0,1,21.0,16.0,0,0,16,36.0,0.0,0.0,1966,356.0,0
1965,420,Ian,Raby,0.0,2,10.0,16.0,0,0,11,25.0,0.0,0.0,1966,356.0,0
1965,421,Alan,Rollinson,0.0,1,0.0,22.0,0,0,22,43.0,0.0,0.0,1966,356.0,0
1965,422,Brian,Gubby,0.0,1,0.0,23.0,0,0,23,45.0,0.0,0.0,1966,356.0,0
1965,423,Gerhard,Mitter,0.0,1,12.0,12.0,0,0,12,34.0,0.0,0.0,1966,356.0,0
1965,424,Roberto,Bussinello,0.0,2,10.5,16.5,0,0,13,30.0,0.0,0.0,1966,356.0,0
1965,425,Nino,Vaccarella,0.0,1,15.0,12.0,0,0,12,29.0,0.0,0.0,1966,356.0,0
1965,426,Giorgio,Bassi,0.0,1,22.0,23.0,0,0,23,44.0,0.0,0.0,1966,356.0,0
1966,278,Chris,Amon,0.0,2,3.5,15.0,0,0,8,23.0,0.0,0.0,1967,304.0,0
1966,289,Graham,Hill,17.0,9,7.222222222222222,9.555555555555555,3,0,2,5.0,17.0,0.0,1967,304.0,0
1966,304,Denny,Hulme,18.0,9,7.777777777777778,9.11111111111111,4,0,2,4.0,18.0,0.0,1967,304.0,1
1966,328,Jackie,Stewart,14.0,8,6.25,10.0,1,1,1,7.0,14.0,1.0,1967,304.0,0
1966,341,John,Surtees,28.0,9,3.5555555555555554,8.444444444444445,4,2,1,2.0,28.0,2.0,1967,304.0,0
1966,345,Pedro,Rodríguez,0.0,3,10.333333333333334,12.0,0,0,9,28.0,0.0,0.0,1967,304.0,0
1966,346,Jo,Siffert,3.0,8,12.0,11.125,0,0,4,15.0,3.0,0.0,1967,304.0,0
1966,347,Jo,Bonnier,1.0,9,13.11111111111111,11.222222222222221,0,0,6,18.0,1.0,0.0,1967,304.0,0
1966,356,Jack,Brabham,45.0,9,4.111111111111111,5.555555555555555,5,4,1,1.0,42.0,4.0,1967,304.0,0
1966,358,Jochen,Rindt,24.0,9,6.444444444444445,6.444444444444445,3,0,2,3.0,22.0,0.0,1967,304.0,0
1966,360,Bruce,McLaren,3.0,5,9.6,10.4,0,0,5,16.0,3.0,0.0,1967,304.0,0
1966,364,Dan,Gurney,4.0,8,10.75,11.625,0,0,5,12.0,4.0,0.0,1967,304.0,0
1966,373,Jim,Clark,16.0,8,3.375,8.25,2,1,1,6.0,16.0,1.0,1967,304.0,0
1966,374,Mike,Spence,4.0,8,11.125,10.25,0,0,5,13.0,4.0,0.0,1967,304.0,0
1966,375,Ludovico,Scarfiotti,9.0,2,3.0,6.5,1,1,1,10.0,9.0,1.0,1967,304.0,0
1966,382,Moisés,Solana,0.0,1,15.0,18.0,0,0,18,30.0,0.0,0.0,1967,304.0,0
1966,383,Bob,Anderson,1.0,6,12.166666666666666,11.5,0,0,6,19.0,1.0,0.0,1967,304.0,0
1966,385,Lorenzo,Bandini,12.0,7,4.857142857142857,8.0,2,0,2,9.0,12.0,0.0,1967,304.0,0
1966,386,Richie,Ginther,5.0,5,7.0,7.4,0,0,4,11.0,5.0,0.0,1967,304.0,0
1966,387,Mike,Parkes,12.0,4,4.0,8.25,2,0,2,8.0,12.0,0.0,1967,304.0,0
1966,388,Chris,Irwin,0.0,1,12.0,7.0,0,0,7,21.0,0.0,0.0,1967,304.0,0
1966,389,Guy,Ligier,0.0,6,11.833333333333334,9.833333333333334,0,0,6,24.0,0.0,0.0,1967,304.0,0
1966,394,Giancarlo,Baghetti,0.0,1,16.0,10.0,0,0,10,29.0,0.0,0.0,1967,304.0,0
1966,396,Bob,Bondurant,3.0,7,14.857142857142858,11.857142857142858,0,0,4,14.0,3.0,0.0,1967,304.0,0
1966,397,Peter,Arundell,1.0,8,14.625,11.625,0,0,6,17.0,1.0,0.0,1967,304.0,0
1966,398,Vic,Wilson,0.0,1,0.0,18.0,0,0,18,31.0,0.0,0.0,1967,304.0,0
1966,399,John,Taylor,1.0,4,18.25,10.0,0,0,6,20.0,1.0,0.0,1967,304.0,0
1966,400,Chris,Lawrence,0.0,2,22.5,11.0,0,0,11,26.0,0.0,0.0,1967,304.0,0
1966,401,Trevor,Taylor,0.0,1,18.0,20.0,0,0,20,32.0,0.0,0.0,1967,304.0,0
1966,402,Giacomo,Russo,0.0,1,20.0,9.0,0,0,9,25.0,0.0,0.0,1967,304.0,0
1966,403,Phil,Hill,0.0,1,0.0,21.0,0,0,21,33.0,0.0,0.0,1967,304.0,0
1966,404,Innes,Ireland,0.0,2,16.5,10.0,0,0,7,27.0,0.0,0.0,1967,304.0,0
1966,405,Ronnie,Bucknum,0.0,2,15.5,9.0,0,0,8,22.0,0.0,0.0,1967,304.0,0
1967,235,Jacky,Ickx,1.0,3,16.333333333333332,10.0,0,0,6,19.0,1.0,0.0,1968,289.0,0
1967,262,Jackie,Oliver,0.0,1,19.0,5.0,0,0,5,22.0,0.0,0.0,1968,289.0,0
1967,278,Chris,Amon,20.0,10,6.3,5.5,4,0,3,5.0,20.0,0.0,1968,289.0,0
1967,289,Graham,Hill,15.0,11,5.2727272727272725,11.0,2,0,2,7.0,15.0,0.0,1968,289.0,1
1967,293,Dave,Charlton,0.0,1,8.0,7.0,0,0,7,30.0,0.0,0.0,1968,289.0,0
1967,304,Denny,Hulme,51.0,11,5.454545454545454,4.363636363636363,8,2,1,1.0,51.0,2.0,1968,289.0,0
1967,306,Jean-Pierre,Beltoise,0.0,3,10.666666666666666,10.666666666666666,0,0,7,23.0,0.0,0.0,1968,289.0,0
1967,322,David,Hobbs,0.0,3,16.0,9.0,0,0,8,25.0,0.0,0.0,1968,289.0,0
1967,326,Eppie,Wietzes,0.0,1,16.0,13.0,0,0,13,,,,1968,289.0,0
1967,328,Jackie,Stewart,10.0,11,8.636363636363637,12.181818181818182,2,0,2,9.0,10.0,0.0,1968,289.0,0
1967,340,John,Love,6.0,1,5.0,2.0,1,0,2,11.0,6.0,0.0,1968,289.0,0
1967,341,John,Surtees,20.0,9,7.222222222222222,7.0,2,1,1,4.0,20.0,1.0,1968,289.0,0
1967,345,Pedro,Rodríguez,15.0,8,10.375,7.125,1,1,1,6.0,15.0,1.0,1968,289.0,0
1967,346,Jo,Siffert,6.0,10,13.3,10.3,0,0,4,12.0,6.0,0.0,1968,289.0,0
1967,347,Jo,Bonnier,3.0,8,13.625,11.375,0,0,6,15.0,3.0,0.0,1968,289.0,0
1967,351,Silvio,Moser,0.0,1,20.0,15.0,0,0,15,36.0,0.0,0.0,1968,289.0,0
1967,356,Jack,Brabham,48.0,11,3.909090909090909,4.818181818181818,6,2,1,2.0,46.0,2.0,1968,289.0,0
1967,358,Jochen,Rindt,6.0,10,8.2,12.5,0,0,4,13.0,6.0,0.0,1968,289.0,0
1967,359,Johnny,Servoz-Gavin,0.0,1,11.0,15.0,0,0,15,38.0,0.0,0.0,1968,289.0,0
1967,360,Bruce,McLaren,3.0,9,7.777777777777778,13.333333333333334,0,0,4,14.0,3.0,0.0,1968,289.0,0
1967,361,Piers,Courage,0.0,3,10.333333333333334,13.0,0,0,8,31.0,0.0,0.0,1968,289.0,0
1967,364,Dan,Gurney,13.0,11,4.545454545454546,12.0,2,1,1,8.0,13.0,1.0,1968,289.0,0
1967,365,Hubert,Hahne,0.0,1,14.0,17.0,0,0,17,40.0,0.0,0.0,1968,289.0,0
1967,368,Sam,Tingle,0.0,1,14.0,9.0,0,0,9,33.0,0.0,0.0,1968,289.0,0
1967,370,Richard,Attwood,0.0,1,13.0,10.0,0,0,10,27.0,0.0,0.0,1968,289.0,0
1967,371,Al,Pease,0.0,1,15.0,15.0,0,0,15,37.0,0.0,0.0,1968,289.0,0
1967,373,Jim,Clark,41.0,11,2.5454545454545454,7.363636363636363,5,4,1,3.0,41.0,4.0,1968,289.0,0
1967,374,Mike,Spence,9.0,11,11.636363636363637,10.272727272727273,0,0,5,10.0,9.0,0.0,1968,289.0,0
1967,375,Ludovico,Scarfiotti,1.0,3,11.333333333333334,11.333333333333334,0,0,6,20.0,1.0,0.0,1968,289.0,0
1967,377,Jo,Schlesser,0.0,1,21.0,24.0,0,0,24,44.0,0.0,0.0,1968,289.0,0
1967,379,Kurt,Ahrens,0.0,1,23.0,21.0,0,0,21,43.0,0.0,0.0,1968,289.0,0
1967,382,Moisés,Solana,0.0,2,8.0,17.5,0,0,17,39.0,0.0,0.0,1968,289.0,0
1967,383,Bob,Anderson,2.0,6,12.5,10.5,0,0,5,17.0,2.0,0.0,1968,289.0,0
1967,384,Luki,Botha,0.0,1,17.0,8.0,0,0,8,32.0,0.0,0.0,1968,289.0,0
1967,385,Lorenzo,Bandini,0.0,1,2.0,7.0,0,0,7,29.0,0.0,0.0,1968,289.0,0
1967,386,Richie,Ginther,0.0,1,0.0,19.0,0,0,19,42.0,0.0,0.0,1968,289.0,0
1967,387,Mike,Parkes,2.0,2,9.0,11.5,0,0,5,18.0,2.0,0.0,1968,289.0,0
1967,388,Chris,Irwin,2.0,9,13.444444444444445,11.555555555555555,0,0,5,16.0,2.0,0.0,1968,289.0,0
1967,389,Guy,Ligier,1.0,7,17.857142857142858,10.428571428571429,0,0,7,21.0,1.0,0.0,1968,289.0,0
1967,390,Alan,Rees,0.0,2,17.5,8.0,0,0,7,24.0,0.0,0.0,1968,289.0,0
1967,391,Brian,Hart,0.0,1,25.0,14.0,0,0,14,35.0,0.0,0.0,1968,289.0,0
1967,392,Mike,Fisher,0.0,2,13.5,15.0,0,0,11,28.0,0.0,0.0,1968,289.0,0
1967,393,Tom,Jones,0.0,1,0.0,18.0,0,0,18,41.0,0.0,0.0,1968,289.0,0
1967,394,Giancarlo,Baghetti,0.0,1,17.0,10.0,0,0,10,34.0,0.0,0.0,1968,289.0,0
1967,395,Jonathan,Williams,0.0,1,16.0,8.0,0,0,8,26.0,0.0,0.0,1968,289.0,0
1968,207,Mario,Andretti,0.0,1,1.0,18.0,0,0,18,37.0,0.0,0.0,1969,328.0,0
1968,235,Jacky,Ickx,27.0,10,6.3,8.3,4,1,1,4.0,27.0,1.0,1969,328.0,0
1968,262,Jackie,Oliver,6.0,9,10.777777777777779,11.222222222222221,1,0,3,15.0,6.0,0.0,1969,328.0,0
1968,278,Chris,Amon,10.0,11,2.909090909090909,10.454545454545455,1,0,2,10.0,10.0,0.0,1969,328.0,0
1968,280,Henri,Pescarolo,0.0,2,19.5,10.0,0,0,9,25.0,0.0,0.0,1969,328.0,0
1968,289,Graham,Hill,48.0,12,4.666666666666667,6.916666666666667,6,3,1,1.0,48.0,3.0,1969,328.0,0
1968,293,Dave,Charlton,0.0,1,14.0,22.0,0,0,22,43.0,0.0,0.0,1969,328.0,0
1968,304,Denny,Hulme,33.0,12,6.833333333333333,7.0,3,2,1,3.0,33.0,2.0,1969,328.0,0
1968,306,Jean-Pierre,Beltoise,11.0,12,12.75,9.833333333333334,1,0,2,9.0,11.0,0.0,1969,328.0,0
1968,312,Brian,Redman,4.0,3,15.0,12.333333333333334,1,0,3,19.0,4.0,0.0,1969,328.0,0
1968,321,Derek,Bell,0.0,2,11.5,19.0,0,0,19,39.0,0.0,0.0,1969,328.0,0
1968,322,David,Hobbs,0.0,1,14.0,10.0,0,0,10,29.0,0.0,0.0,1969,328.0,0
1968,328,Jackie,Stewart,36.0,10,5.1,5.2,4,3,1,2.0,36.0,3.0,1969,328.0,1
1968,333,Andrea,de Adamich,0.0,1,7.0,19.0,0,0,19,40.0,0.0,0.0,1969,328.0,0
1968,334,Jackie,Pretorius,0.0,1,23.0,10.0,0,0,10,30.0,0.0,0.0,1969,328.0,0
1968,340,John,Love,0.0,1,17.0,9.0,0,0,9,26.0,0.0,0.0,1969,328.0,0
1968,341,John,Surtees,12.0,12,6.333333333333333,10.416666666666666,2,0,2,8.0,12.0,0.0,1969,328.0,0
1968,343,Bill,Brack,0.0,1,20.0,18.0,0,0,18,38.0,0.0,0.0,1969,328.0,0
1968,345,Pedro,Rodríguez,18.0,12,10.583333333333334,8.5,3,0,2,6.0,18.0,0.0,1969,328.0,0
1968,346,Jo,Siffert,12.0,12,8.333333333333334,8.666666666666666,1,1,1,7.0,12.0,1.0,1969,328.0,0
1968,347,Jo,Bonnier,3.0,9,16.22222222222222,13.333333333333334,0,0,5,22.0,3.0,0.0,1969,328.0,0
1968,350,Vic,Elford,5.0,7,14.142857142857142,12.0,0,0,4,18.0,5.0,0.0,1969,328.0,0
1968,351,Silvio,Moser,2.0,4,6.5,14.0,0,0,5,24.0,2.0,0.0,1969,328.0,0
1968,356,Jack,Brabham,2.0,12,9.083333333333334,13.083333333333334,0,0,5,23.0,2.0,0.0,1969,328.0,0
1968,358,Jochen,Rindt,8.0,12,6.083333333333333,11.833333333333334,2,0,3,12.0,8.0,0.0,1969,328.0,0
1968,359,Johnny,Servoz-Gavin,6.0,5,11.8,10.4,1,0,2,14.0,6.0,0.0,1969,328.0,0
1968,360,Bruce,McLaren,22.0,11,7.818181818181818,8.090909090909092,3,1,1,5.0,22.0,1.0,1969,328.0,0
1968,361,Piers,Courage,4.0,11,13.181818181818182,9.636363636363637,0,0,4,20.0,4.0,0.0,1969,328.0,0
1968,364,Dan,Gurney,3.0,9,9.333333333333334,11.88888888888889,0,0,4,21.0,3.0,0.0,1969,328.0,0
1968,365,Hubert,Hahne,0.0,1,18.0,10.0,0,0,10,27.0,0.0,0.0,1969,328.0,0
1968,368,Sam,Tingle,0.0,1,22.0,15.0,0,0,15,32.0,0.0,0.0,1969,328.0,0
1968,369,Basil,van Rooyen,0.0,1,20.0,16.0,0,0,16,33.0,0.0,0.0,1969,328.0,0
1968,370,Richard,Attwood,6.0,6,14.333333333333334,10.166666666666666,1,0,2,13.0,6.0,0.0,1969,328.0,0
1968,373,Jim,Clark,9.0,1,1.0,1.0,1,1,1,11.0,9.0,1.0,1969,328.0,0
1968,374,Mike,Spence,0.0,1,14.0,20.0,0,0,20,41.0,0.0,0.0,1969,328.0,0
1968,375,Ludovico,Scarfiotti,6.0,3,14.0,10.333333333333334,0,0,4,16.0,6.0,0.0,1969,328.0,0
1968,376,Lucien,Bianchi,5.0,7,17.428571428571427,11.285714285714286,1,0,3,17.0,5.0,0.0,1969,328.0,0
1968,377,Jo,Schlesser,0.0,1,16.0,17.0,0,0,17,34.0,0.0,0.0,1969,328.0,0
1968,378,Robin,Widdows,0.0,1,18.0,13.0,0,0,13,31.0,0.0,0.0,1969,328.0,0
1968,379,Kurt,Ahrens,0.0,1,17.0,12.0,0,0,12,28.0,0.0,0.0,1969,328.0,0
1968,380,Frank,Gardner,0.0,1,0.0,21.0,0,0,21,42.0,0.0,0.0,1969,328.0,0
1968,381,Bobby,Unser,0.0,1,19.0,17.0,0,0,17,36.0,0.0,0.0,1969,328.0,0
1968,382,Moisés,Solana,0.0,1,11.0,17.0,0,0,17,35.0,0.0,0.0,1969,328.0,0
1969,207,Mario,Andretti,0.0,3,8.666666666666666,15.0,0,0,13,26.0,0.0,0.0,1970,358.0,0
1969,235,Jacky,Ickx,37.0,11,6.090909090909091,5.818181818181818,5,2,1,2.0,37.0,2.0,1970,358.0,0
1969,262,Jackie,Oliver,1.0,10,12.8,12.6,0,0,6,17.0,1.0,0.0,1970,358.0,0
1969,278,Chris,Amon,4.0,6,4.0,9.5,1,0,3,12.0,4.0,0.0,1970,358.0,0
1969,289,Graham,Hill,19.0,10,6.6,6.6,2,1,1,7.0,19.0,1.0,1970,358.0,0
1969,304,Denny,Hulme,20.0,11,4.818181818181818,7.545454545454546,2,1,1,6.0,20.0,1.0,1970,358.0,0
1969,306,Jean-Pierre,Beltoise,21.0,11,8.363636363636363,6.090909090909091,3,0,2,5.0,21.0,0.0,1970,358.0,0
1969,321,Derek,Bell,0.0,1,15.0,16.0,0,0,16,27.0,0.0,0.0,1970,358.0,0
1969,328,Jackie,Stewart,63.0,11,2.6363636363636362,4.2727272727272725,7,6,1,1.0,63.0,6.0,1970,358.0,0
1969,340,John,Love,0.0,1,10.0,16.0,0,0,16,28.0,0.0,0.0,1970,358.0,0
1969,341,John,Surtees,6.0,10,10.7,11.1,1,0,3,11.0,6.0,0.0,1970,358.0,0
1969,343,Bill,Brack,0.0,1,18.0,8.0,0,0,8,22.0,0.0,0.0,1970,358.0,0
1969,345,Pedro,Rodríguez,3.0,8,12.875,9.0,0,0,5,15.0,3.0,0.0,1970,358.0,0
1969,346,Jo,Siffert,15.0,11,8.090909090909092,8.181818181818182,2,0,2,9.0,15.0,0.0,1970,358.0,0
1969,347,Jo,Bonnier,0.0,2,19.5,12.5,0,0,10,25.0,0.0,0.0,1970,358.0,0
1969,350,Vic,Elford,3.0,5,11.6,8.0,0,0,5,14.0,3.0,0.0,1970,358.0,0
1969,351,Silvio,Moser,1.0,7,15.0,11.571428571428571,0,0,6,16.0,1.0,0.0,1970,358.0,0
1969,352,George,Eaton,0.0,2,13.0,12.0,0,0,10,24.0,0.0,0.0,1970,358.0,0
1969,353,Pete,Lovely,0.0,3,16.0,10.0,0,0,7,19.0,0.0,0.0,1970,358.0,0
1969,356,Jack,Brabham,14.0,8,6.75,8.375,2,0,2,10.0,14.0,0.0,1970,358.0,0
1969,357,John,Miles,0.0,5,12.4,13.0,0,0,10,21.0,0.0,0.0,1970,358.0,0
1969,358,Jochen,Rindt,22.0,10,2.2,7.7,3,1,1,4.0,22.0,1.0,1970,358.0,1
1969,359,Johnny,Servoz-Gavin,1.0,3,14.666666666666666,7.0,0,0,6,18.0,1.0,0.0,1970,358.0,0
1969,360,Bruce,McLaren,26.0,11,7.909090909090909,7.090909090909091,3,0,2,3.0,26.0,0.0,1970,358.0,0
1969,361,Piers,Courage,16.0,10,8.9,8.9,2,0,2,8.0,16.0,0.0,1970,358.0,0
1969,362,Peter,de Klerk,0.0,1,16.0,9.0,0,0,9,23.0,0.0,0.0,1970,358.0,0
1969,368,Sam,Tingle,0.0,1,17.0,8.0,0,0,8,20.0,0.0,0.0,1970,358.0,0
1969,369,Basil,van Rooyen,0.0,1,9.0,18.0,0,0,18,30.0,0.0,0.0,1970,358.0,0
1969,370,Richard,Attwood,3.0,1,10.0,4.0,0,0,4,13.0,3.0,0.0,1970,358.0,0
1969,371,Al,Pease,0.0,1,17.0,14.0,0,0,14,,,,1970,358.0,0
1969,372,John,Cordts,0.0,1,19.0,17.0,0,0,17,29.0,0.0,0.0,1970,358.0,0
1970,207,Mario,Andretti,4.0,5,12.6,15.2,1,0,3,16.0,4.0,0.0,1971,328.0,0
1970,223,Clay,Regazzoni,33.0,8,3.75,5.0,4,1,1,3.0,33.0,1.0,1971,328.0,0
1970,224,Emerson,Fittipaldi,12.0,6,11.833333333333334,11.833333333333334,1,1,1,10.0,12.0,1.0,1971,328.0,0
1970,235,Jacky,Ickx,40.0,13,3.0,9.076923076923077,5,3,1,2.0,40.0,3.0,1971,328.0,0
1970,238,Ronnie,Peterson,0.0,9,13.555555555555555,11.444444444444445,0,0,7,27.0,0.0,0.0,1971,328.0,0
1970,243,Rolf,Stommelen,10.0,12,12.666666666666666,11.583333333333334,1,0,3,11.0,10.0,0.0,1971,328.0,0
1970,262,Jackie,Oliver,2.0,13,10.692307692307692,14.76923076923077,0,0,5,20.0,2.0,0.0,1971,328.0,0
1970,278,Chris,Amon,23.0,13,6.3076923076923075,8.538461538461538,3,0,2,8.0,23.0,0.0,1971,328.0,0
1970,280,Henri,Pescarolo,8.0,13,10.615384615384615,8.846153846153847,1,0,3,12.0,8.0,0.0,1971,328.0,0
1970,289,Graham,Hill,7.0,12,15.5,10.75,0,0,4,13.0,7.0,0.0,1971,328.0,0
1970,293,Dave,Charlton,0.0,1,13.0,12.0,0,0,12,32.0,0.0,0.0,1971,328.0,0
1970,304,Denny,Hulme,27.0,11,9.0,6.545454545454546,4,0,2,4.0,27.0,0.0,1971,328.0,0
1970,306,Jean-Pierre,Beltoise,16.0,13,10.0,9.76923076923077,2,0,3,9.0,16.0,0.0,1971,328.0,0
1970,312,Brian,Redman,0.0,1,0.0,22.0,0,0,22,40.0,0.0,0.0,1971,328.0,0
1970,314,Tim,Schenken,0.0,4,18.75,15.5,0,0,11,35.0,0.0,0.0,1971,328.0,0
1970,317,Reine,Wisell,4.0,2,10.5,6.5,1,0,3,15.0,4.0,0.0,1971,328.0,0
1970,320,Peter,Gethin,1.0,7,15.285714285714286,13.0,0,0,6,23.0,1.0,0.0,1971,328.0,0
1970,321,Derek,Bell,1.0,2,14.0,11.5,0,0,6,25.0,1.0,0.0,1971,328.0,0
1970,327,François,Cevert,1.0,9,11.777777777777779,12.11111111111111,0,0,6,22.0,1.0,0.0,1971,328.0,0
1970,328,Jackie,Stewart,25.0,13,3.076923076923077,10.384615384615385,4,1,1,5.0,25.0,1.0,1971,328.0,1
1970,330,Nanni,Galli,0.0,1,0.0,26.0,0,0,26,43.0,0.0,0.0,1971,328.0,0
1970,333,Andrea,de Adamich,0.0,10,7.2,17.7,0,0,8,28.0,0.0,0.0,1971,328.0,0
1970,339,Alex,Soler-Roig,0.0,2,0.0,22.0,0,0,22,39.0,0.0,0.0,1971,328.0,0
1970,340,John,Love,0.0,1,22.0,8.0,0,0,8,29.0,0.0,0.0,1971,328.0,0
1970,341,John,Surtees,3.0,11,11.818181818181818,12.727272727272727,0,0,5,18.0,3.0,0.0,1971,328.0,0
1970,345,Pedro,Rodríguez,23.0,13,9.538461538461538,9.384615384615385,2,1,1,7.0,23.0,1.0,1971,328.0,0
1970,346,Jo,Siffert,0.0,13,12.846153846153847,13.76923076923077,0,0,7,26.0,0.0,0.0,1971,328.0,0
1970,347,Jo,Bonnier,0.0,2,12.0,21.5,0,0,19,36.0,0.0,0.0,1971,328.0,0
1970,351,Silvio,Moser,0.0,5,4.8,23.4,0,0,21,37.0,0.0,0.0,1971,328.0,0
1970,352,George,Eaton,0.0,10,14.2,16.1,0,0,10,30.0,0.0,0.0,1971,328.0,0
1970,353,Pete,Lovely,0.0,4,5.75,20.5,0,0,10,34.0,0.0,0.0,1971,328.0,0
1970,356,Jack,Brabham,25.0,13,7.615384615384615,9.0,4,1,1,6.0,25.0,1.0,1971,328.0,0
1970,357,John,Miles,2.0,10,8.0,15.0,0,0,5,19.0,2.0,0.0,1971,328.0,0
1970,358,Jochen,Rindt,45.0,10,3.3,8.7,5,5,1,1.0,45.0,5.0,1971,328.0,0
1970,359,Johnny,Servoz-Gavin,2.0,3,10.333333333333334,14.333333333333334,0,0,5,21.0,2.0,0.0,1971,328.0,0
1970,360,Bruce,McLaren,6.0,3,10.333333333333334,11.333333333333334,1,0,2,14.0,6.0,0.0,1971,328.0,0
1970,361,Piers,Courage,0.0,5,12.6,15.6,0,0,10,33.0,0.0,0.0,1971,328.0,0
1970,362,Peter,de Klerk,0.0,1,21.0,11.0,0,0,11,31.0,0.0,0.0,1971,328.0,0
1970,363,Ignazio,Giunti,3.0,4,9.75,10.25,0,0,4,17.0,3.0,0.0,1971,328.0,0
1970,364,Dan,Gurney,1.0,3,15.666666666666666,12.0,0,0,6,24.0,1.0,0.0,1971,328.0,0
1970,365,Hubert,Hahne,0.0,1,0.0,25.0,0,0,25,41.0,0.0,0.0,1971,328.0,0
1970,366,Gus,Hutchison,0.0,1,22.0,21.0,0,0,21,38.0,0.0,0.0,1971,328.0,0
1970,367,Peter,Westbury,0.0,1,0.0,25.0,0,0,25,42.0,0.0,0.0,1971,328.0,0
1971,182,Niki,Lauda,0.0,1,21.0,17.0,0,0,17,40.0,0.0,0.0,1972,224.0,0
1971,197,Jean-Pierre,Jarier,0.0,1,24.0,12.0,0,0,12,35.0,0.0,0.0,1972,224.0,0
1971,207,Mario,Andretti,12.0,6,8.666666666666666,12.333333333333334,1,1,1,8.0,12.0,1.0,1972,224.0,0
1971,223,Clay,Regazzoni,13.0,11,5.545454545454546,12.818181818181818,3,0,3,7.0,13.0,0.0,1972,224.0,0
1971,224,Emerson,Fittipaldi,16.0,10,9.4,8.8,3,0,2,6.0,16.0,0.0,1972,224.0,1
1971,235,Jacky,Ickx,19.0,11,4.545454545454546,12.181818181818182,3,1,1,4.0,19.0,1.0,1972,224.0,0
1971,238,Ronnie,Peterson,33.0,11,9.0,6.909090909090909,5,0,2,2.0,33.0,0.0,1972,224.0,0
1971,243,Rolf,Stommelen,3.0,10,16.0,13.3,0,0,5,20.0,3.0,0.0,1972,224.0,0
1971,262,Jackie,Oliver,0.0,3,17.0,13.333333333333334,0,0,7,23.0,0.0,0.0,1972,224.0,0
1971,278,Chris,Amon,9.0,10,6.2,11.0,1,0,3,11.0,9.0,0.0,1972,224.0,0
1971,280,Henri,Pescarolo,4.0,10,14.5,12.7,0,0,4,17.0,4.0,0.0,1972,224.0,0
1971,288,Mark,Donohue,4.0,1,8.0,3.0,1,0,3,16.0,4.0,0.0,1972,224.0,0
1971,289,Graham,Hill,2.0,11,13.454545454545455,13.909090909090908,0,0,5,21.0,2.0,0.0,1972,224.0,0
1971,293,Dave,Charlton,0.0,2,14.5,20.5,0,0,19,42.0,0.0,0.0,1972,224.0,0
1971,298,Gijs,van Lennep,0.0,1,21.0,8.0,0,0,8,25.0,0.0,0.0,1972,224.0,0
1971,304,Denny,Hulme,9.0,10,8.3,13.2,0,0,4,13.0,9.0,0.0,1972,224.0,0
1971,305,Mike,Hailwood,3.0,2,15.5,9.5,0,0,4,18.0,3.0,0.0,1972,224.0,0
1971,306,Jean-Pierre,Beltoise,1.0,7,9.714285714285714,9.857142857142858,0,0,6,22.0,1.0,0.0,1972,224.0,0
1971,307,Howden,Ganley,5.0,11,11.818181818181818,13.181818181818182,0,0,4,15.0,5.0,0.0,1972,224.0,0
1971,309,Peter,Revson,0.0,1,19.0,29.0,0,0,29,50.0,0.0,0.0,1972,224.0,0
1971,312,Brian,Redman,0.0,1,17.0,7.0,0,0,7,24.0,0.0,0.0,1972,224.0,0
1971,314,Tim,Schenken,5.0,10,13.6,13.6,1,0,3,14.0,5.0,0.0,1972,224.0,0
1971,317,Reine,Wisell,9.0,10,12.3,11.6,0,0,4,12.0,9.0,0.0,1972,224.0,0
1971,320,Peter,Gethin,9.0,11,15.545454545454545,12.363636363636363,1,1,1,9.0,9.0,1.0,1972,224.0,0
1971,321,Derek,Bell,0.0,1,23.0,20.0,0,0,20,43.0,0.0,0.0,1972,224.0,0
1971,322,David,Hobbs,0.0,1,22.0,10.0,0,0,10,27.0,0.0,0.0,1972,224.0,0
1971,327,François,Cevert,26.0,11,7.818181818181818,8.727272727272727,4,1,1,3.0,26.0,1.0,1972,224.0,0
1971,328,Jackie,Stewart,62.0,11,2.1818181818181817,5.181818181818182,7,6,1,1.0,62.0,6.0,1972,224.0,0
1971,329,Mike,Beuttler,0.0,5,19.8,16.6,0,0,13,36.0,0.0,0.0,1972,224.0,0
1971,330,Nanni,Galli,0.0,6,19.833333333333332,16.166666666666668,0,0,11,28.0,0.0,0.0,1972,224.0,0
1971,333,Andrea,de Adamich,0.0,7,21.428571428571427,15.428571428571429,0,0,11,30.0,0.0,0.0,1972,224.0,0
1971,334,Jackie,Pretorius,0.0,1,20.0,22.0,0,0,22,46.0,0.0,0.0,1972,224.0,0
1971,337,Helmut,Marko,0.0,4,16.0,14.5,0,0,11,29.0,0.0,0.0,1972,224.0,0
1971,338,David,Walker,0.0,1,22.0,22.0,0,0,22,47.0,0.0,0.0,1972,224.0,0
1971,339,Alex,Soler-Roig,0.0,5,16.6,20.2,0,0,16,39.0,0.0,0.0,1972,224.0,0
1971,340,John,Love,0.0,1,21.0,21.0,0,0,21,44.0,0.0,0.0,1972,224.0,0
1971,341,John,Surtees,3.0,11,13.090909090909092,11.636363636363637,0,0,5,19.0,3.0,0.0,1972,224.0,0
1971,342,Skip,Barber,0.0,4,18.25,18.75,0,0,14,37.0,0.0,0.0,1972,224.0,0
1971,344,Sam,Posey,0.0,1,17.0,25.0,0,0,25,49.0,0.0,0.0,1972,224.0,0
1971,345,Pedro,Rodríguez,9.0,5,5.4,10.2,1,0,2,10.0,9.0,0.0,1972,224.0,0
1971,346,Jo,Siffert,19.0,11,5.636363636363637,9.636363636363637,2,1,1,5.0,19.0,1.0,1972,224.0,0
1971,347,Jo,Bonnier,0.0,5,18.4,19.0,0,0,10,26.0,0.0,0.0,1972,224.0,0
1971,348,François,Mazet,0.0,1,23.0,13.0,0,0,13,32.0,0.0,0.0,1972,224.0,0
1971,349,Max,Jean,0.0,1,22.0,14.0,0,0,14,38.0,0.0,0.0,1972,224.0,0
1971,350,Vic,Elford,0.0,1,18.0,11.0,0,0,11,31.0,0.0,0.0,1972,224.0,0
1971,351,Silvio,Moser,0.0,1,22.0,21.0,0,0,21,45.0,0.0,0.0,1972,224.0,0
1971,352,George,Eaton,0.0,1,21.0,15.0,0,0,15,34.0,0.0,0.0,1972,224.0,0
1971,353,Pete,Lovely,0.0,2,27.0,19.5,0,0,18,41.0,0.0,0.0,1972,224.0,0
1971,354,Chris,Craft,0.0,2,13.5,25.0,0,0,24,48.0,0.0,0.0,1972,224.0,0
1971,355,John,Cannon,0.0,1,24.0,14.0,0,0,14,33.0,0.0,0.0,1972,224.0,0
1972,182,Niki,Lauda,0.0,12,22.083333333333332,15.333333333333334,0,0,7,23.0,0.0,0.0,1973,328.0,0
1972,199,Carlos,Reutemann,3.0,10,8.8,16.1,0,0,4,16.0,3.0,0.0,1973,328.0,0
1972,207,Mario,Andretti,4.0,5,7.4,10.4,0,0,4,12.0,4.0,0.0,1973,328.0,0
1972,221,Patrick,Depailler,0.0,2,13.5,13.5,0,0,7,24.0,0.0,0.0,1973,328.0,0
1972,222,Jody,Scheckter,0.0,1,8.0,9.0,0,0,9,29.0,0.0,0.0,1973,328.0,0
1972,223,Clay,Regazzoni,15.0,10,4.7,11.5,2,0,2,7.0,15.0,0.0,1973,328.0,0
1972,224,Emerson,Fittipaldi,61.0,12,3.6666666666666665,6.833333333333333,8,5,1,1.0,61.0,5.0,1973,328.0,0
1972,232,Arturo,Merzario,1.0,2,15.5,9.0,0,0,6,20.0,1.0,0.0,1973,328.0,0
1972,235,Jacky,Ickx,27.0,12,4.833333333333333,9.75,4,1,1,4.0,27.0,1.0,1973,328.0,0
1972,238,Ronnie,Peterson,12.0,12,11.833333333333334,9.0,1,0,3,9.0,12.0,0.0,1973,328.0,0
1972,243,Rolf,Stommelen,0.0,8,19.75,14.875,0,0,10,30.0,0.0,0.0,1973,328.0,0
1972,250,Carlos,Pace,3.0,11,16.272727272727273,15.272727272727273,0,0,5,18.0,3.0,0.0,1973,328.0,0
1972,262,Jackie,Oliver,0.0,1,14.0,20.0,0,0,20,37.0,0.0,0.0,1973,328.0,0
1972,278,Chris,Amon,12.0,12,8.416666666666666,10.416666666666666,1,0,3,10.0,12.0,0.0,1973,328.0,0
1972,280,Henri,Pescarolo,0.0,10,16.1,16.0,0,0,8,27.0,0.0,0.0,1973,328.0,0
1972,289,Graham,Hill,4.0,12,18.0,11.416666666666666,0,0,5,15.0,4.0,0.0,1973,328.0,0
1972,290,Wilson,Fittipaldi,0.0,10,16.8,14.8,0,0,7,22.0,0.0,0.0,1973,328.0,0
1972,293,Dave,Charlton,0.0,4,16.75,24.75,0,0,22,40.0,0.0,0.0,1973,328.0,0
1972,296,François,Migault,0.0,1,25.0,21.0,0,0,21,39.0,0.0,0.0,1973,328.0,0
1972,304,Denny,Hulme,39.0,12,5.083333333333333,6.583333333333333,7,1,1,3.0,39.0,1.0,1973,328.0,0
1972,305,Mike,Hailwood,13.0,10,10.6,13.8,1,0,2,8.0,13.0,0.0,1973,328.0,0
1972,306,Jean-Pierre,Beltoise,9.0,11,13.272727272727273,15.090909090909092,1,1,1,11.0,9.0,1.0,1973,328.0,0
1972,307,Howden,Ganley,4.0,10,16.0,12.7,0,0,4,13.0,4.0,0.0,1973,328.0,0
1972,309,Peter,Revson,23.0,9,5.666666666666667,6.666666666666667,4,0,2,5.0,23.0,0.0,1973,328.0,0
1972,312,Brian,Redman,4.0,4,16.5,11.25,0,0,5,14.0,4.0,0.0,1973,328.0,0
1972,314,Tim,Schenken,2.0,12,13.5,16.416666666666668,0,0,5,19.0,2.0,0.0,1973,328.0,0
1972,317,Reine,Wisell,0.0,8,13.75,17.625,0,0,10,31.0,0.0,0.0,1973,328.0,0
1972,320,Peter,Gethin,1.0,10,16.3,18.6,0,0,6,21.0,1.0,0.0,1973,328.0,0
1972,321,Derek,Bell,0.0,3,18.0,27.666666666666668,0,0,25,42.0,0.0,0.0,1973,328.0,0
1972,327,François,Cevert,15.0,12,10.166666666666666,11.416666666666666,2,0,2,6.0,15.0,0.0,1973,328.0,0
1972,328,Jackie,Stewart,45.0,11,3.272727272727273,7.909090909090909,5,4,1,2.0,45.0,4.0,1973,328.0,1
1972,329,Mike,Beuttler,0.0,10,21.1,16.0,0,0,8,26.0,0.0,0.0,1973,328.0,0
1972,330,Nanni,Galli,0.0,5,21.4,19.2,0,0,13,33.0,0.0,0.0,1973,328.0,0
1972,333,Andrea,de Adamich,3.0,12,16.25,16.666666666666668,0,0,4,17.0,3.0,0.0,1973,328.0,0
1972,337,Helmut,Marko,0.0,5,17.6,13.0,0,0,8,25.0,0.0,0.0,1973,328.0,0
1972,338,David,Walker,0.0,10,19.8,17.1,0,0,9,28.0,0.0,0.0,1973,328.0,0
1972,339,Alex,Soler-Roig,0.0,2,21.5,23.0,0,0,21,38.0,0.0,0.0,1973,328.0,0
1972,340,John,Love,0.0,1,26.0,16.0,0,0,16,35.0,0.0,0.0,1973,328.0,0
1972,341,John,Surtees,0.0,1,22.0,18.0,0,0,18,36.0,0.0,0.0,1973,328.0,0
1972,342,Skip,Barber,0.0,2,21.0,18.0,0,0,16,34.0,0.0,0.0,1973,328.0,0
1972,343,Bill,Brack,0.0,1,23.0,22.0,0,0,22,41.0,0.0,0.0,1973,328.0,0
1972,344,Sam,Posey,0.0,1,22.0,12.0,0,0,12,32.0,0.0,0.0,1973,328.0,0
1973,182,Niki,Lauda,2.0,14,12.0,15.214285714285714,0,0,5,17.0,2.0,0.0,1974,224.0,0
1973,187,John,Watson,0.0,2,23.5,19.5,0,0,16,36.0,0.0,0.0,1974,224.0,0
1973,197,Jean-Pierre,Jarier,0.0,10,15.9,15.1,0,0,11,31.0,0.0,0.0,1974,224.0,0
1973,199,Carlos,Reutemann,16.0,15,7.866666666666666,9.933333333333334,2,0,3,7.0,16.0,0.0,1974,224.0,0
1973,200,Jochen,Mass,0.0,3,15.0,15.666666666666666,0,0,7,24.0,0.0,0.0,1974,224.0,0
1973,222,Jody,Scheckter,0.0,5,4.8,17.0,0,0,9,29.0,0.0,0.0,1974,224.0,0
1973,223,Clay,Regazzoni,2.0,14,9.857142857142858,11.857142857142858,0,0,6,18.0,2.0,0.0,1974,224.0,0
1973,224,Emerson,Fittipaldi,55.0,15,5.466666666666667,6.933333333333334,8,3,1,2.0,55.0,3.0,1974,224.0,1
1973,231,James,Hunt,14.0,8,9.75,9.625,2,0,2,8.0,14.0,0.0,1974,224.0,0
1973,232,Arturo,Merzario,6.0,9,12.88888888888889,11.11111111111111,0,0,4,12.0,6.0,0.0,1974,224.0,0
1973,235,Jacky,Ickx,12.0,12,9.416666666666666,9.916666666666666,1,0,3,9.0,12.0,0.0,1974,224.0,0
1973,238,Ronnie,Peterson,52.0,15,1.9333333333333333,9.466666666666667,7,4,1,3.0,52.0,4.0,1974,224.0,0
1973,243,Rolf,Stommelen,0.0,4,15.0,13.25,0,0,11,30.0,0.0,0.0,1974,224.0,0
1973,250,Carlos,Pace,7.0,15,12.0,14.2,1,0,3,11.0,7.0,0.0,1974,224.0,0
1973,259,David,Purley,0.0,5,21.2,18.4,0,0,9,28.0,0.0,0.0,1974,224.0,0
1973,262,Jackie,Oliver,4.0,13,18.076923076923077,16.692307692307693,1,0,3,14.0,4.0,0.0,1974,224.0,0
1973,278,Chris,Amon,1.0,6,16.333333333333332,16.833333333333332,0,0,6,21.0,1.0,0.0,1974,224.0,0
1973,280,Henri,Pescarolo,0.0,3,17.666666666666668,13.666666666666666,0,0,8,25.0,0.0,0.0,1974,224.0,0
1973,289,Graham,Hill,0.0,12,20.5,14.166666666666666,0,0,9,26.0,0.0,0.0,1974,224.0,0
1973,290,Wilson,Fittipaldi,3.0,15,14.533333333333333,14.266666666666667,0,0,5,16.0,3.0,0.0,1974,224.0,0
1973,292,Eddie,Keizan,0.0,1,22.0,13.0,0,0,13,35.0,0.0,0.0,1974,224.0,0
1973,293,Dave,Charlton,0.0,1,13.0,22.0,0,0,22,40.0,0.0,0.0,1974,224.0,0
1973,298,Gijs,van Lennep,1.0,3,22.0,12.0,0,0,6,20.0,1.0,0.0,1974,224.0,0
1973,304,Denny,Hulme,26.0,15,4.533333333333333,7.4,3,1,1,6.0,26.0,1.0,1974,224.0,0
1973,305,Mike,Hailwood,0.0,15,12.466666666666667,15.933333333333334,0,0,7,22.0,0.0,0.0,1974,224.0,0
1973,306,Jean-Pierre,Beltoise,9.0,15,11.0,12.466666666666667,0,0,4,10.0,9.0,0.0,1974,224.0,0
1973,307,Howden,Ganley,1.0,14,18.142857142857142,11.928571428571429,0,0,6,19.0,1.0,0.0,1974,224.0,0
1973,309,Peter,Revson,38.0,14,6.928571428571429,7.642857142857143,4,2,1,5.0,38.0,2.0,1974,224.0,0
1973,312,Brian,Redman,0.0,1,13.0,24.0,0,0,24,,,,1974,224.0,0
1973,313,Rikky,von Opel,0.0,7,21.285714285714285,19.0,0,0,13,33.0,0.0,0.0,1974,224.0,0
1973,314,Tim,Schenken,0.0,1,24.0,14.0,0,0,14,34.0,0.0,0.0,1974,224.0,0
1973,317,Reine,Wisell,0.0,2,18.0,21.0,0,0,21,39.0,0.0,0.0,1974,224.0,0
1973,320,Peter,Gethin,0.0,1,25.0,26.0,0,0,26,41.0,0.0,0.0,1974,224.0,0
1973,327,François,Cevert,47.0,15,6.466666666666667,8.333333333333334,7,0,2,4.0,47.0,0.0,1974,224.0,0
1973,328,Jackie,Stewart,71.0,15,5.133333333333334,5.466666666666667,8,5,1,1.0,71.0,5.0,1974,224.0,0
1973,329,Mike,Beuttler,0.0,14,19.714285714285715,15.285714285714286,0,0,7,23.0,0.0,0.0,1974,224.0,0
1973,330,Nanni,Galli,0.0,5,18.4,16.4,0,0,9,27.0,0.0,0.0,1974,224.0,0
1973,331,Luiz,Bueno,0.0,1,20.0,12.0,0,0,12,32.0,0.0,0.0,1974,224.0,0
1973,332,George,Follmer,5.0,12,18.916666666666668,14.75,1,0,3,13.0,5.0,0.0,1974,224.0,0
1973,333,Andrea,de Adamich,3.0,6,18.833333333333332,14.0,0,0,4,15.0,3.0,0.0,1974,224.0,0
1973,334,Jackie,Pretorius,0.0,1,24.0,18.0,0,0,18,37.0,0.0,0.0,1974,224.0,0
1973,335,Roger,Williamson,0.0,2,20.0,22.5,0,0,20,38.0,0.0,0.0,1974,224.0,0
1973,336,Graham,McRae,0.0,1,28.0,28.0,0,0,28,42.0,0.0,0.0,1974,224.0,0
1974,172,Jacques,Laffite,0.0,5,15.8,18.4,0,0,15,43.0,0.0,0.0,1975,182.0,0
1974,182,Niki,Lauda,38.0,15,3.6666666666666665,11.666666666666666,5,2,1,4.0,38.0,2.0,1975,182.0,1
1974,187,John,Watson,6.0,15,14.0,12.266666666666667,0,0,4,15.0,6.0,0.0,1975,182.0,0
1974,197,Jean-Pierre,Jarier,6.0,14,12.714285714285714,13.928571428571429,1,0,3,14.0,6.0,0.0,1975,182.0,0
1974,199,Carlos,Reutemann,32.0,15,6.6,10.8,4,3,1,6.0,32.0,3.0,1975,182.0,0
1974,200,Jochen,Mass,0.0,13,17.53846153846154,18.615384615384617,0,0,7,23.0,0.0,0.0,1975,182.0,0
1974,207,Mario,Andretti,0.0,2,9.5,16.5,0,0,7,25.0,0.0,0.0,1975,182.0,0
1974,219,Jean-Pierre,Jabouille,0.0,2,0.0,28.0,0,0,26,57.0,0.0,0.0,1975,182.0,0
1974,221,Patrick,Depailler,14.0,15,11.4,10.0,1,0,2,9.0,14.0,0.0,1975,182.0,0
1974,222,Jody,Scheckter,45.0,15,6.466666666666667,8.6,6,2,1,3.0,45.0,2.0,1975,182.0,0
1974,223,Clay,Regazzoni,52.0,15,4.6,6.266666666666667,7,1,1,2.0,52.0,1.0,1975,182.0,0
1974,224,Emerson,Fittipaldi,55.0,15,5.066666666666666,6.666666666666667,7,3,1,1.0,55.0,3.0,1975,182.0,0
1974,230,Vittorio,Brambilla,1.0,12,17.5,15.166666666666666,0,0,6,20.0,1.0,0.0,1975,182.0,0
1974,231,James,Hunt,15.0,15,8.4,15.133333333333333,3,0,3,8.0,15.0,0.0,1975,182.0,0
1974,232,Arturo,Merzario,4.0,14,12.642857142857142,17.5,0,0,4,17.0,4.0,0.0,1975,182.0,0
1974,233,Hans-Joachim,Stuck,5.0,14,13.0,18.428571428571427,0,0,4,16.0,5.0,0.0,1975,182.0,0
1974,235,Jacky,Ickx,12.0,15,13.066666666666666,13.2,2,0,3,10.0,12.0,0.0,1975,182.0,0
1974,238,Ronnie,Peterson,35.0,15,6.666666666666667,10.933333333333334,4,3,1,5.0,35.0,3.0,1975,182.0,0
1974,243,Rolf,Stommelen,0.0,4,14.75,15.5,0,0,11,34.0,0.0,0.0,1975,182.0,0
1974,250,Carlos,Pace,11.0,14,10.428571428571429,14.0,1,0,2,12.0,11.0,0.0,1975,182.0,0
1974,251,Ian,Scheckter,0.0,2,11.0,19.5,0,0,13,37.0,0.0,0.0,1975,182.0,0
1974,252,Tom,Pryce,1.0,9,13.222222222222221,15.88888888888889,0,0,6,19.0,1.0,0.0,1975,182.0,0
1974,256,Larry,Perkins,0.0,1,0.0,30.0,0,0,30,61.0,0.0,0.0,1975,182.0,0
1974,259,David,Purley,0.0,1,0.0,26.0,0,0,26,58.0,0.0,0.0,1975,182.0,0
1974,265,Guy,Edwards,0.0,9,14.11111111111111,16.666666666666668,0,0,7,21.0,0.0,0.0,1975,182.0,0
1974,267,Vern,Schuppan,0.0,7,14.857142857142858,18.714285714285715,0,0,12,44.0,0.0,0.0,1975,182.0,0
1974,269,Teddy,Pilette,0.0,1,27.0,17.0,0,0,17,45.0,0.0,0.0,1975,182.0,0
1974,270,Ian,Ashley,0.0,4,11.0,21.5,0,0,13,39.0,0.0,0.0,1975,182.0,0
1974,275,Lella,Lombardi,0.0,1,0.0,29.0,0,0,29,60.0,0.0,0.0,1975,182.0,0
1974,278,Chris,Amon,0.0,6,13.333333333333334,22.666666666666668,0,0,9,30.0,0.0,0.0,1975,182.0,0
1974,280,Henri,Pescarolo,0.0,12,21.75,17.333333333333332,0,0,9,29.0,0.0,0.0,1975,182.0,0
1974,283,Mike,Wilds,0.0,5,4.4,26.6,0,0,14,47.0,0.0,0.0,1975,182.0,0
1974,288,Mark,Donohue,0.0,2,19.0,16.0,0,0,12,36.0,0.0,0.0,1975,182.0,0
1974,289,Graham,Hill,1.0,15,20.466666666666665,11.4,0,0,6,18.0,1.0,0.0,1975,182.0,0
1974,292,Eddie,Keizan,0.0,1,24.0,14.0,0,0,14,41.0,0.0,0.0,1975,182.0,0
1974,293,Dave,Charlton,0.0,1,20.0,19.0,0,0,19,46.0,0.0,0.0,1975,182.0,0
1974,296,François,Migault,0.0,11,20.545454545454547,17.818181818181817,0,0,14,38.0,0.0,0.0,1975,182.0,0
1974,298,Gijs,van Lennep,0.0,2,15.0,20.5,0,0,14,40.0,0.0,0.0,1975,182.0,0
1974,300,John,Nicholson,0.0,1,0.0,31.0,0,0,31,62.0,0.0,0.0,1975,182.0,0
1974,304,Denny,Hulme,20.0,15,12.0,10.866666666666667,2,1,1,7.0,20.0,1.0,1975,182.0,0
1974,305,Mike,Hailwood,12.0,11,10.181818181818182,9.818181818181818,1,0,3,11.0,12.0,0.0,1975,182.0,0
1974,306,Jean-Pierre,Beltoise,10.0,15,13.4,16.6,1,0,2,13.0,10.0,0.0,1975,182.0,0
1974,307,Howden,Ganley,0.0,4,9.75,23.75,0,0,8,26.0,0.0,0.0,1975,182.0,0
1974,308,Richard,Robarts,0.0,4,17.25,18.75,0,0,15,42.0,0.0,0.0,1975,182.0,0
1974,309,Peter,Revson,0.0,2,5.0,23.0,0,0,22,50.0,0.0,0.0,1975,182.0,0
1974,310,Paddy,Driver,0.0,1,26.0,25.0,0,0,25,53.0,0.0,0.0,1975,182.0,0
1974,311,Tom,Belsø,0.0,4,12.0,22.5,0,0,8,27.0,0.0,0.0,1975,182.0,0
1974,312,Brian,Redman,0.0,3,18.333333333333332,16.0,0,0,7,24.0,0.0,0.0,1975,182.0,0
1974,313,Rikky,von Opel,0.0,6,14.833333333333334,20.0,0,0,9,28.0,0.0,0.0,1975,182.0,0
1974,314,Tim,Schenken,0.0,9,18.11111111111111,20.0,0,0,10,32.0,0.0,0.0,1975,182.0,0
1974,315,Gérard,Larrousse,0.0,2,5.5,27.5,0,0,25,52.0,0.0,0.0,1975,182.0,0
1974,316,Leo,Kinnunen,0.0,6,4.166666666666667,29.166666666666668,0,0,22,51.0,0.0,0.0,1975,182.0,0
1974,317,Reine,Wisell,0.0,1,16.0,14.0,0,0,14,48.0,0.0,0.0,1975,182.0,0
1974,318,Bertil,Roos,0.0,1,23.0,25.0,0,0,25,55.0,0.0,0.0,1975,182.0,0
1974,319,José,Dolhem,0.0,3,8.666666666666666,25.0,0,0,21,49.0,0.0,0.0,1975,182.0,0
1974,320,Peter,Gethin,0.0,1,21.0,25.0,0,0,25,54.0,0.0,0.0,1975,182.0,0
1974,321,Derek,Bell,0.0,5,5.0,24.2,0,0,11,35.0,0.0,0.0,1975,182.0,0
1974,322,David,Hobbs,0.0,2,20.0,8.0,0,0,7,22.0,0.0,0.0,1975,182.0,0
1974,323,Dieter,Quester,0.0,1,25.0,9.0,0,0,9,31.0,0.0,0.0,1975,182.0,0
1974,324,Helmuth,Koinigg,0.0,3,15.0,21.333333333333332,0,0,10,33.0,0.0,0.0,1975,182.0,0
1974,325,Carlo,Facetti,0.0,1,0.0,27.0,0,0,27,59.0,0.0,0.0,1975,182.0,0
1974,326,Eppie,Wietzes,0.0,1,26.0,25.0,0,0,25,56.0,0.0,0.0,1975,182.0,0
1975,172,Jacques,Laffite,6.0,12,15.833333333333334,16.75,1,0,2,12.0,6.0,0.0,1976,231.0,0
1975,178,Alan,Jones,2.0,8,19.5,13.875,0,0,5,17.0,2.0,0.0,1976,231.0,0
1975,182,Niki,Lauda,64.5,14,2.0714285714285716,4.857142857142857,8,5,1,1.0,64.5,5.0,1976,231.0,0
1975,187,John,Watson,0.0,13,12.923076923076923,14.692307692307692,0,0,8,23.0,0.0,0.0,1976,231.0,0
1975,197,Jean-Pierre,Jarier,1.5,14,7.785714285714286,16.928571428571427,0,0,4,18.0,1.5,0.0,1976,231.0,0
1975,199,Carlos,Reutemann,37.0,14,7.0,7.857142857142857,6,1,1,3.0,37.0,1.0,1976,231.0,0
1975,200,Jochen,Mass,20.0,14,10.571428571428571,11.285714285714286,4,1,1,8.0,20.0,1.0,1976,231.0,0
1975,205,Brian,Henton,0.0,3,20.666666666666668,18.666666666666668,0,0,12,41.0,0.0,0.0,1976,231.0,0
1975,207,Mario,Andretti,5.0,12,12.083333333333334,14.416666666666666,0,0,4,14.0,5.0,0.0,1976,231.0,0
1975,219,Jean-Pierre,Jabouille,0.0,1,21.0,12.0,0,0,12,35.0,0.0,0.0,1976,231.0,0
1975,221,Patrick,Depailler,12.0,14,9.214285714285714,10.0,1,0,3,9.0,12.0,0.0,1976,231.0,0
1975,222,Jody,Scheckter,20.0,14,6.857142857142857,9.5,3,1,1,7.0,20.0,1.0,1976,231.0,0
1975,223,Clay,Regazzoni,25.0,14,6.714285714285714,9.285714285714286,3,1,1,5.0,25.0,1.0,1976,231.0,0
1975,224,Emerson,Fittipaldi,45.0,14,7.928571428571429,8.785714285714286,6,2,1,2.0,45.0,2.0,1976,231.0,0
1975,229,Harald,Ertl,0.0,3,22.0,12.0,0,0,8,24.0,0.0,0.0,1976,231.0,0
1975,230,Vittorio,Brambilla,6.5,14,7.714285714285714,15.571428571428571,1,1,1,11.0,6.5,1.0,1976,231.0,0
1975,231,James,Hunt,33.0,14,8.0,9.428571428571429,4,1,1,4.0,33.0,1.0,1976,231.0,1
1975,232,Arturo,Merzario,0.0,7,16.571428571428573,19.428571428571427,0,0,11,31.0,0.0,0.0,1976,231.0,0
1975,233,Hans-Joachim,Stuck,0.0,5,10.8,17.2,0,0,8,25.0,0.0,0.0,1976,231.0,0
1975,235,Jacky,Ickx,3.0,9,17.22222222222222,12.444444444444445,1,0,2,16.0,3.0,0.0,1976,231.0,0
1975,238,Ronnie,Peterson,6.0,14,12.785714285714286,13.5,0,0,4,13.0,6.0,0.0,1976,231.0,0
1975,239,Brett,Lunger,0.0,3,18.666666666666668,12.0,0,0,10,29.0,0.0,0.0,1976,231.0,0
1975,243,Rolf,Stommelen,0.0,6,18.833333333333332,13.333333333333334,0,0,7,22.0,0.0,0.0,1976,231.0,0
1975,245,Tony,Trimmer,0.0,3,0.0,27.666666666666668,0,0,26,52.0,0.0,0.0,1976,231.0,0
1975,250,Carlos,Pace,24.0,14,6.357142857142857,11.928571428571429,3,1,1,6.0,24.0,1.0,1976,231.0,0
1975,251,Ian,Scheckter,0.0,3,18.666666666666668,17.0,0,0,12,34.0,0.0,0.0,1976,231.0,0
1975,252,Tom,Pryce,8.0,14,10.0,11.857142857142858,1,0,3,10.0,8.0,0.0,1976,231.0,0
1975,254,Renzo,Zorzi,0.0,1,22.0,14.0,0,0,14,40.0,0.0,0.0,1976,231.0,0
1975,267,Vern,Schuppan,0.0,1,26.0,20.0,0,0,20,48.0,0.0,0.0,1976,231.0,0
1975,270,Ian,Ashley,0.0,1,20.0,25.0,0,0,25,51.0,0.0,0.0,1976,231.0,0
1975,275,Lella,Lombardi,0.5,12,21.333333333333332,18.083333333333332,0,0,6,21.0,0.5,0.0,1976,231.0,0
1975,276,Bob,Evans,0.0,9,19.88888888888889,18.444444444444443,0,0,9,26.0,0.0,0.0,1976,231.0,0
1975,277,Michel,Leclère,0.0,1,20.0,20.0,0,0,20,47.0,0.0,0.0,1976,231.0,0
1975,278,Chris,Amon,0.0,2,21.0,12.0,0,0,12,33.0,0.0,0.0,1976,231.0,0
1975,282,Damien,Magee,0.0,1,22.0,14.0,0,0,14,39.0,0.0,0.0,1976,231.0,0
1975,283,Mike,Wilds,0.0,2,22.0,19.5,0,0,18,46.0,0.0,0.0,1976,231.0,0
1975,288,Mark,Donohue,4.0,12,17.416666666666668,14.0,0,0,5,15.0,4.0,0.0,1976,231.0,0
1975,289,Graham,Hill,0.0,4,10.25,17.75,0,0,10,28.0,0.0,0.0,1976,231.0,0
1975,290,Wilson,Fittipaldi,0.0,13,17.692307692307693,19.0,0,0,10,27.0,0.0,0.0,1976,231.0,0
1975,291,Guy,Tunmer,0.0,1,25.0,11.0,0,0,11,32.0,0.0,0.0,1976,231.0,0
1975,292,Eddie,Keizan,0.0,1,22.0,13.0,0,0,13,37.0,0.0,0.0,1976,231.0,0
1975,293,Dave,Charlton,0.0,1,20.0,14.0,0,0,14,38.0,0.0,0.0,1976,231.0,0
1975,294,Tony,Brise,1.0,10,13.0,13.1,0,0,6,19.0,1.0,0.0,1976,231.0,0
1975,295,Roelof,Wunderink,0.0,6,11.333333333333334,20.5,0,0,14,45.0,0.0,0.0,1976,231.0,0
1975,296,François,Migault,0.0,3,22.666666666666668,18.0,0,0,13,44.0,0.0,0.0,1976,231.0,0
1975,297,Torsten,Palm,0.0,2,10.5,17.0,0,0,10,30.0,0.0,0.0,1976,231.0,0
1975,298,Gijs,van Lennep,1.0,3,22.666666666666668,10.333333333333334,0,0,6,20.0,1.0,0.0,1976,231.0,0
1975,299,Hiroshi,Fushida,0.0,2,0.0,26.5,0,0,25,50.0,0.0,0.0,1976,231.0,0
1975,300,John,Nicholson,0.0,1,26.0,17.0,0,0,17,42.0,0.0,0.0,1976,231.0,0
1975,301,Dave,Morgan,0.0,1,23.0,18.0,0,0,18,43.0,0.0,0.0,1976,231.0,0
1975,302,Jim,Crawford,0.0,2,25.0,17.0,0,0,13,36.0,0.0,0.0,1976,231.0,0
1975,303,Jo,Vonlanthen,0.0,1,28.0,22.0,0,0,22,49.0,0.0,0.0,1976,231.0,0
1976,172,Jacques,Laffite,20.0,16,8.125,12.0625,3,0,2,8.0,20.0,0.0,1977,182.0,0
1976,178,Alan,Jones,7.0,14,17.857142857142858,11.357142857142858,0,0,4,15.0,7.0,0.0,1977,182.0,0
1976,182,Niki,Lauda,68.0,14,2.9285714285714284,7.071428571428571,9,5,1,2.0,68.0,5.0,1977,182.0,1
1976,187,John,Watson,20.0,16,11.25,11.0,3,1,1,7.0,20.0,1.0,1977,182.0,0
1976,197,Jean-Pierre,Jarier,0.0,16,14.625,12.6875,0,0,7,22.0,0.0,0.0,1977,182.0,0
1976,199,Carlos,Reutemann,3.0,13,12.615384615384615,17.46153846153846,0,0,4,16.0,3.0,0.0,1977,182.0,0
1976,200,Jochen,Mass,19.0,16,12.3125,10.0,2,0,3,9.0,19.0,0.0,1977,182.0,0
1976,207,Mario,Andretti,22.0,15,8.933333333333334,12.866666666666667,3,1,1,6.0,22.0,1.0,1977,182.0,0
1976,208,Emilio,de Villota,0.0,1,0.0,28.0,0,0,28,51.0,0.0,0.0,1977,182.0,0
1976,221,Patrick,Depailler,39.0,16,6.125,9.75,7,0,2,4.0,39.0,0.0,1977,182.0,0
1976,222,Jody,Scheckter,49.0,16,7.625,6.6875,5,1,1,3.0,49.0,1.0,1977,182.0,0
1976,223,Clay,Regazzoni,31.0,15,6.266666666666667,8.733333333333333,4,1,1,5.0,31.0,1.0,1977,182.0,0
1976,224,Emerson,Fittipaldi,3.0,16,16.25,16.25,0,0,6,17.0,3.0,0.0,1977,182.0,0
1976,229,Harald,Ertl,0.0,15,16.733333333333334,18.4,0,0,7,21.0,0.0,0.0,1977,182.0,0
1976,230,Vittorio,Brambilla,1.0,16,9.625,15.625,0,0,6,19.0,1.0,0.0,1977,182.0,0
1976,231,James,Hunt,69.0,16,4.125,7.375,8,6,1,1.0,69.0,6.0,1977,182.0,0
1976,232,Arturo,Merzario,0.0,14,15.714285714285714,20.571428571428573,0,0,9,26.0,0.0,0.0,1977,182.0,0
1976,233,Hans-Joachim,Stuck,8.0,16,13.75,15.9375,0,0,4,13.0,8.0,0.0,1977,182.0,0
1976,235,Jacky,Ickx,0.0,12,11.166666666666666,16.666666666666668,0,0,7,23.0,0.0,0.0,1977,182.0,0
1976,237,Alex,Ribeiro,0.0,1,22.0,12.0,0,0,12,37.0,0.0,0.0,1977,182.0,0
1976,238,Ronnie,Peterson,10.0,16,7.8125,16.0,1,1,1,11.0,10.0,1.0,1977,182.0,0
1976,239,Brett,Lunger,0.0,12,18.416666666666668,16.25,0,0,10,30.0,0.0,0.0,1977,182.0,0
1976,242,Divina,Galica,0.0,1,0.0,28.0,0,0,28,52.0,0.0,0.0,1977,182.0,0
1976,243,Rolf,Stommelen,1.0,3,17.0,12.666666666666666,0,0,6,20.0,1.0,0.0,1977,182.0,0
1976,245,Tony,Trimmer,0.0,1,0.0,26.0,0,0,26,47.0,0.0,0.0,1977,182.0,0
1976,246,Hans,Binder,0.0,2,22.0,13.0,0,0,13,41.0,0.0,0.0,1977,182.0,0
1976,250,Carlos,Pace,7.0,16,10.25,12.375,0,0,4,14.0,7.0,0.0,1977,182.0,0
1976,251,Ian,Scheckter,0.0,1,16.0,25.0,0,0,25,46.0,0.0,0.0,1977,182.0,0
1976,252,Tom,Pryce,10.0,16,12.5,9.625,1,0,3,12.0,10.0,0.0,1977,182.0,0
1976,253,Ingo,Hoffmann,0.0,4,5.0,23.0,0,0,11,33.0,0.0,0.0,1977,182.0,0
1976,254,Renzo,Zorzi,0.0,1,17.0,9.0,0,0,9,28.0,0.0,0.0,1977,182.0,0
1976,255,Gunnar,Nilsson,11.0,15,13.733333333333333,15.4,2,0,3,10.0,11.0,0.0,1977,182.0,0
1976,256,Larry,Perkins,0.0,9,16.333333333333332,18.88888888888889,0,0,8,24.0,0.0,0.0,1977,182.0,0
1976,257,Boy,Lunger,0.0,1,21.0,14.0,0,0,14,42.0,0.0,0.0,1977,182.0,0
1976,258,Patrick,Nève,0.0,2,22.5,19.5,0,0,18,40.0,0.0,0.0,1977,182.0,0
1976,260,Conny,Andersson,0.0,1,18.0,25.0,0,0,25,45.0,0.0,0.0,1977,182.0,0
1976,265,Guy,Edwards,0.0,6,16.333333333333332,22.333333333333332,0,0,15,39.0,0.0,0.0,1977,182.0,0
1976,270,Ian,Ashley,0.0,1,21.0,22.0,0,0,22,44.0,0.0,0.0,1977,182.0,0
1976,271,Loris,Kessel,0.0,5,14.8,21.0,0,0,12,36.0,0.0,0.0,1977,182.0,0
1976,273,Kazuyoshi,Hoshino,0.0,1,21.0,19.0,0,0,19,43.0,0.0,0.0,1977,182.0,0
1976,274,Noritake,Takahara,0.0,1,24.0,9.0,0,0,9,27.0,0.0,0.0,1977,182.0,0
1976,275,Lella,Lombardi,0.0,4,11.5,20.75,0,0,12,35.0,0.0,0.0,1977,182.0,0
1976,276,Bob,Evans,0.0,3,15.0,17.666666666666668,0,0,10,31.0,0.0,0.0,1977,182.0,0
1976,277,Michel,Leclère,0.0,7,19.285714285714285,14.142857142857142,0,0,10,29.0,0.0,0.0,1977,182.0,0
1976,278,Chris,Amon,2.0,9,10.11111111111111,16.11111111111111,0,0,5,18.0,2.0,0.0,1977,182.0,0
1976,279,Emilio,Zapico,0.0,1,0.0,27.0,0,0,27,50.0,0.0,0.0,1977,182.0,0
1976,280,Henri,Pescarolo,0.0,9,18.11111111111111,18.333333333333332,0,0,9,25.0,0.0,0.0,1977,182.0,0
1976,281,Jac,Nelleman,0.0,1,0.0,27.0,0,0,27,49.0,0.0,0.0,1977,182.0,0
1976,282,Damien,Magee,0.0,1,0.0,28.0,0,0,28,53.0,0.0,0.0,1977,182.0,0
1976,283,Mike,Wilds,0.0,1,0.0,29.0,0,0,29,54.0,0.0,0.0,1977,182.0,0
1976,284,Alessandro,Pesenti-Rossi,0.0,4,17.5,17.5,0,0,11,32.0,0.0,0.0,1977,182.0,0
1976,285,Otto,Stuppacher,0.0,3,0.0,27.666666666666668,0,0,27,48.0,0.0,0.0,1977,182.0,0
1976,286,Warwick,Brown,0.0,1,23.0,14.0,0,0,14,38.0,0.0,0.0,1977,182.0,0
1976,287,Masahiro,Hasemi,0.0,1,10.0,11.0,0,0,11,34.0,0.0,0.0,1977,182.0,0
1977,119,Riccardo,Patrese,1.0,9,14.333333333333334,13.555555555555555,0,0,6,20.0,1.0,0.0,1978,207.0,0
1977,152,Bruno,Giacomelli,0.0,1,15.0,13.0,0,0,13,44.0,0.0,0.0,1978,207.0,0
1977,172,Jacques,Laffite,18.0,17,8.823529411764707,10.882352941176471,2,1,1,10.0,18.0,1.0,1978,207.0,0
1977,175,Patrick,Tambay,5.0,9,10.333333333333334,17.11111111111111,0,0,5,18.0,5.0,0.0,1978,207.0,0
1977,178,Alan,Jones,22.0,14,12.928571428571429,11.5,2,1,1,7.0,22.0,1.0,1978,207.0,0
1977,182,Niki,Lauda,72.0,15,5.866666666666666,6.133333333333334,10,3,1,1.0,72.0,3.0,1978,207.0,0
1977,187,John,Watson,9.0,17,5.588235294117647,14.764705882352942,1,0,2,13.0,9.0,0.0,1978,207.0,0
1977,197,Jean-Pierre,Jarier,1.0,13,15.76923076923077,15.461538461538462,0,0,6,19.0,1.0,0.0,1978,207.0,0
1977,199,Carlos,Reutemann,42.0,17,6.647058823529412,7.882352941176471,6,1,1,4.0,42.0,1.0,1978,207.0,0
1977,200,Jochen,Mass,25.0,17,9.411764705882353,10.941176470588236,2,0,2,6.0,25.0,0.0,1978,207.0,0
1977,203,Gilles,Villeneuve,0.0,3,15.333333333333334,14.0,0,0,11,36.0,0.0,0.0,1978,207.0,0
1977,205,Brian,Henton,0.0,6,6.833333333333333,22.833333333333332,0,0,10,34.0,0.0,0.0,1978,207.0,0
1977,207,Mario,Andretti,47.0,17,3.5294117647058822,10.588235294117647,5,4,1,3.0,47.0,4.0,1978,207.0,1
1977,208,Emilio,de Villota,0.0,7,7.0,24.0,0,0,13,40.0,0.0,0.0,1978,207.0,0
1977,211,Rupert,Keegan,0.0,12,20.25,14.333333333333334,0,0,7,22.0,0.0,0.0,1978,207.0,0
1977,212,Hector,Rebaque,0.0,6,4.0,27.833333333333332,0,0,18,47.0,0.0,0.0,1978,207.0,0
1977,219,Jean-Pierre,Jabouille,0.0,5,13.0,20.4,0,0,15,45.0,0.0,0.0,1978,207.0,0
1977,220,Giorgio,Francia,0.0,1,0.0,34.0,0,0,34,59.0,0.0,0.0,1978,207.0,0
1977,221,Patrick,Depailler,20.0,17,9.529411764705882,11.941176470588236,3,0,2,9.0,20.0,0.0,1978,207.0,0
1977,222,Jody,Scheckter,55.0,17,6.588235294117647,9.117647058823529,9,3,1,2.0,55.0,3.0,1978,207.0,0
1977,223,Clay,Regazzoni,5.0,16,10.6875,15.5625,0,0,5,17.0,5.0,0.0,1978,207.0,0
1977,224,Emerson,Fittipaldi,11.0,16,15.0,14.0625,0,0,4,12.0,11.0,0.0,1978,207.0,0
1977,229,Harald,Ertl,0.0,5,11.6,18.4,0,0,9,30.0,0.0,0.0,1978,207.0,0
1977,230,Vittorio,Brambilla,6.0,17,12.235294117647058,12.882352941176471,0,0,4,16.0,6.0,0.0,1978,207.0,0
1977,231,James,Hunt,40.0,17,3.235294117647059,10.294117647058824,5,3,1,5.0,40.0,3.0,1978,207.0,0
1977,232,Arturo,Merzario,0.0,8,11.375,21.25,0,0,14,41.0,0.0,0.0,1978,207.0,0
1977,233,Hans-Joachim,Stuck,12.0,15,10.266666666666667,11.333333333333334,2,0,3,11.0,12.0,0.0,1978,207.0,0
1977,235,Jacky,Ickx,0.0,1,17.0,10.0,0,0,10,35.0,0.0,0.0,1978,207.0,0
1977,237,Alex,Ribeiro,0.0,17,11.352941176470589,19.11764705882353,0,0,8,27.0,0.0,0.0,1978,207.0,0
1977,238,Ronnie,Peterson,7.0,17,10.764705882352942,14.529411764705882,1,0,3,14.0,7.0,0.0,1978,207.0,0
1977,239,Brett,Lunger,0.0,12,18.916666666666668,14.666666666666666,0,0,9,29.0,0.0,0.0,1978,207.0,0
1977,240,Danny,Ongais,0.0,2,24.0,16.0,0,0,7,26.0,0.0,0.0,1978,207.0,0
1977,241,Lamberto,Leoni,0.0,1,0.0,27.0,0,0,27,50.0,0.0,0.0,1978,207.0,0
1977,245,Tony,Trimmer,0.0,1,0.0,34.0,0,0,34,60.0,0.0,0.0,1978,207.0,0
1977,246,Hans,Binder,0.0,12,18.5,14.916666666666666,0,0,8,28.0,0.0,0.0,1978,207.0,0
1977,247,Michael,Bleekemolen,0.0,1,0.0,34.0,0,0,34,58.0,0.0,0.0,1978,207.0,0
1977,250,Carlos,Pace,6.0,3,6.666666666666667,7.666666666666667,1,0,2,15.0,6.0,0.0,1978,207.0,0
1977,251,Ian,Scheckter,0.0,14,18.642857142857142,18.0,0,0,8,33.0,0.0,0.0,1978,207.0,0
1977,252,Tom,Pryce,0.0,3,9.666666666666666,13.0,0,0,9,43.0,0.0,0.0,1978,207.0,0
1977,253,Ingo,Hoffmann,0.0,2,19.0,12.0,0,0,7,25.0,0.0,0.0,1978,207.0,0
1977,254,Renzo,Zorzi,1.0,5,20.6,17.0,0,0,6,21.0,1.0,0.0,1978,207.0,0
1977,255,Gunnar,Nilsson,20.0,17,10.058823529411764,12.941176470588236,2,1,1,8.0,20.0,1.0,1978,207.0,0
1977,256,Larry,Perkins,0.0,5,13.4,20.6,0,0,12,38.0,0.0,0.0,1978,207.0,0
1977,257,Boy,Lunger,0.0,6,8.0,23.833333333333332,0,0,15,46.0,0.0,0.0,1978,207.0,0
1977,258,Patrick,Nève,0.0,11,16.636363636363637,15.545454545454545,0,0,7,23.0,0.0,0.0,1978,207.0,0
1977,259,David,Purley,0.0,5,12.0,21.8,0,0,13,39.0,0.0,0.0,1978,207.0,0
1977,260,Conny,Andersson,0.0,4,0.0,30.0,0,0,29,51.0,0.0,0.0,1978,207.0,0
1977,261,Bernard,de Dryver,0.0,1,0.0,30.0,0,0,30,53.0,0.0,0.0,1978,207.0,0
1977,262,Jackie,Oliver,0.0,1,16.0,9.0,0,0,9,31.0,0.0,0.0,1978,207.0,0
1977,263,Mikko,Kozarowitzky,0.0,2,0.0,33.5,0,0,31,54.0,0.0,0.0,1978,207.0,0
1977,264,Andy,Sutcliffe,0.0,1,0.0,32.0,0,0,32,55.0,0.0,0.0,1978,207.0,0
1977,265,Guy,Edwards,0.0,1,0.0,33.0,0,0,33,56.0,0.0,0.0,1978,207.0,0
1977,266,Brian,McGuire,0.0,1,0.0,35.0,0,0,35,61.0,0.0,0.0,1978,207.0,0
1977,267,Vern,Schuppan,0.0,4,16.75,16.0,0,0,7,24.0,0.0,0.0,1978,207.0,0
1977,268,Hans,Heyer,0.0,1,25.0,24.0,0,0,24,49.0,0.0,0.0,1978,207.0,0
1977,269,Teddy,Pilette,0.0,3,0.0,31.0,0,0,29,52.0,0.0,0.0,1978,207.0,0
1977,270,Ian,Ashley,0.0,5,4.4,26.2,0,0,17,42.0,0.0,0.0,1978,207.0,0
1977,271,Loris,Kessel,0.0,1,0.0,33.0,0,0,33,57.0,0.0,0.0,1978,207.0,0
1977,272,Kunimitsu,Takahashi,0.0,1,22.0,9.0,0,0,9,32.0,0.0,0.0,1978,207.0,0
1977,273,Kazuyoshi,Hoshino,0.0,1,11.0,11.0,0,0,11,37.0,0.0,0.0,1978,207.0,0
1977,274,Noritake,Takahara,0.0,1,19.0,22.0,0,0,22,48.0,0.0,0.0,1978,207.0,0
1978,119,Riccardo,Patrese,11.0,14,10.928571428571429,12.571428571428571,1,0,2,12.0,11.0,0.0,1979,222.0,0
1978,137,Nelson,Piquet,0.0,5,20.8,16.4,0,0,9,28.0,0.0,0.0,1979,222.0,0
1978,152,Bruno,Giacomelli,0.0,5,19.6,12.8,0,0,7,23.0,0.0,0.0,1979,222.0,0
1978,158,Eddie,Cheever,0.0,3,8.333333333333334,25.666666666666668,0,0,25,39.0,0.0,0.0,1979,222.0,0
1978,163,René,Arnoux,0.0,9,13.666666666666666,17.333333333333332,0,0,9,26.0,0.0,0.0,1979,222.0,0
1978,172,Jacques,Laffite,19.0,16,10.125,8.1875,2,0,3,8.0,19.0,0.0,1979,222.0,0
1978,175,Patrick,Tambay,8.0,15,12.533333333333333,10.4,0,0,4,14.0,8.0,0.0,1979,222.0,0
1978,177,Keke,Rosberg,0.0,14,14.214285714285714,20.142857142857142,0,0,10,29.0,0.0,0.0,1979,222.0,0
1978,178,Alan,Jones,11.0,16,10.125,12.5625,1,0,2,11.0,11.0,0.0,1979,222.0,0
1978,182,Niki,Lauda,44.0,16,4.1875,11.8125,7,2,1,4.0,44.0,2.0,1979,222.0,0
1978,187,John,Watson,25.0,16,6.9375,10.5625,3,0,2,6.0,25.0,0.0,1979,222.0,0
1978,197,Jean-Pierre,Jarier,0.0,8,9.0,16.875,0,0,8,25.0,0.0,0.0,1979,222.0,0
1978,199,Carlos,Reutemann,48.0,16,6.125,8.3125,7,4,1,3.0,48.0,4.0,1979,222.0,0
1978,200,Jochen,Mass,0.0,13,14.538461538461538,16.615384615384617,0,0,7,24.0,0.0,0.0,1979,222.0,0
1978,202,Didier,Pironi,7.0,16,16.8125,12.6875,0,0,5,15.0,7.0,0.0,1979,222.0,0
1978,203,Gilles,Villeneuve,17.0,16,6.8125,10.6875,2,1,1,9.0,17.0,1.0,1979,222.0,0
1978,206,Derek,Daly,1.0,10,10.2,19.0,0,0,6,20.0,1.0,0.0,1979,222.0,0
1978,207,Mario,Andretti,64.0,16,2.25,8.125,7,6,1,1.0,64.0,6.0,1979,222.0,0
1978,208,Emilio,de Villota,0.0,1,0.0,27.0,0,0,27,41.0,0.0,0.0,1979,222.0,0
1978,209,Geoff,Lees,0.0,1,0.0,29.0,0,0,29,44.0,0.0,0.0,1979,222.0,0
1978,211,Rupert,Keegan,0.0,13,10.0,23.076923076923077,0,0,11,30.0,0.0,0.0,1979,222.0,0
1978,212,Hector,Rebaque,1.0,16,11.5,21.0625,0,0,6,21.0,1.0,0.0,1979,222.0,0
1978,213,Beppe,Gabbiani,0.0,2,0.0,25.5,0,0,24,38.0,0.0,0.0,1979,222.0,0
1978,219,Jean-Pierre,Jabouille,3.0,14,10.714285714285714,16.0,0,0,4,17.0,3.0,0.0,1979,222.0,0
1978,221,Patrick,Depailler,34.0,16,11.8125,12.5625,5,1,1,5.0,34.0,1.0,1979,222.0,0
1978,222,Jody,Scheckter,24.0,16,8.0625,11.125,4,0,2,7.0,24.0,0.0,1979,222.0,1
1978,223,Clay,Regazzoni,4.0,16,12.1875,16.9375,0,0,5,16.0,4.0,0.0,1979,222.0,0
1978,224,Emerson,Fittipaldi,17.0,16,12.625,11.5625,1,0,2,10.0,17.0,0.0,1979,222.0,0
1978,229,Harald,Ertl,0.0,4,8.2,23.8,0,0,11,31.0,0.0,0.0,1979,222.0,0
1978,230,Vittorio,Brambilla,1.0,14,16.0,16.357142857142858,0,0,6,19.0,1.0,0.0,1979,222.0,0
1978,231,James,Hunt,8.0,16,7.75,14.25,1,0,3,13.0,8.0,0.0,1979,222.0,0
1978,232,Arturo,Merzario,0.0,16,11.625,22.875,0,0,16,34.0,0.0,0.0,1979,222.0,0
1978,233,Hans-Joachim,Stuck,2.0,16,15.0,17.875,0,0,5,18.0,2.0,0.0,1979,222.0,0
1978,235,Jacky,Ickx,0.0,4,14.75,18.0,0,0,12,32.0,0.0,0.0,1979,222.0,0
1978,238,Ronnie,Peterson,51.0,14,4.142857142857143,8.0,7,2,1,2.0,51.0,2.0,1979,222.0,0
1978,239,Brett,Lunger,0.0,15,14.133333333333333,18.466666666666665,0,0,7,22.0,0.0,0.0,1979,222.0,0
1978,240,Danny,Ongais,0.0,4,11.0,25.25,0,0,19,36.0,0.0,0.0,1979,222.0,0
1978,241,Lamberto,Leoni,0.0,4,9.75,25.0,0,0,22,37.0,0.0,0.0,1979,222.0,0
1978,242,Divina,Galica,0.0,2,0.0,27.5,0,0,27,40.0,0.0,0.0,1979,222.0,0
1978,243,Rolf,Stommelen,0.0,14,13.214285714285714,19.571428571428573,0,0,9,27.0,0.0,0.0,1979,222.0,0
1978,244,Alberto,Colombo,0.0,3,0.0,29.333333333333332,0,0,28,42.0,0.0,0.0,1979,222.0,0
1978,245,Tony,Trimmer,0.0,1,0.0,30.0,0,0,30,46.0,0.0,0.0,1979,222.0,0
1978,246,Hans,Binder,0.0,1,0.0,30.0,0,0,30,45.0,0.0,0.0,1979,222.0,0
1978,247,Michael,Bleekemolen,0.0,4,6.25,25.5,0,0,18,35.0,0.0,0.0,1979,222.0,0
1978,248,Carlo,Franchi,0.0,1,0.0,28.0,0,0,28,43.0,0.0,0.0,1979,222.0,0
1978,249,Bobby,Rahal,0.0,2,20.0,15.0,0,0,12,33.0,0.0,0.0,1979,222.0,0
1979,119,Riccardo,Patrese,2.0,15,16.0,14.266666666666667,0,0,5,20.0,2.0,0.0,1980,178.0,0
1979,136,Jan,Lammers,0.0,15,16.733333333333334,16.733333333333334,0,0,9,28.0,0.0,0.0,1980,178.0,0
1979,137,Nelson,Piquet,3.0,15,9.133333333333333,15.066666666666666,0,0,4,16.0,3.0,0.0,1980,178.0,0
1979,152,Bruno,Giacomelli,0.0,4,16.75,19.75,0,0,17,32.0,0.0,0.0,1980,178.0,0
1979,163,René,Arnoux,17.0,15,8.666666666666666,14.666666666666666,3,0,2,8.0,17.0,0.0,1980,178.0,0
1979,172,Jacques,Laffite,36.0,15,4.8,11.4,6,2,1,4.0,36.0,2.0,1980,178.0,0
1979,173,Elio,de Angelis,3.0,15,19.0,14.0,0,0,4,15.0,3.0,0.0,1980,178.0,0
1979,175,Patrick,Tambay,0.0,15,14.666666666666666,17.133333333333333,0,0,7,23.0,0.0,0.0,1980,178.0,0
1979,176,Marc,Surer,0.0,3,7.0,21.666666666666668,0,0,13,33.0,0.0,0.0,1980,178.0,0
1979,177,Keke,Rosberg,0.0,8,13.625,16.5,0,0,9,29.0,0.0,0.0,1980,178.0,0
1979,178,Alan,Jones,43.0,15,6.866666666666666,8.866666666666667,5,4,1,3.0,40.0,4.0,1980,178.0,1
1979,182,Niki,Lauda,4.0,14,8.142857142857142,17.214285714285715,0,0,4,14.0,4.0,0.0,1980,178.0,0
1979,187,John,Watson,15.0,15,14.266666666666667,9.866666666666667,1,0,3,9.0,15.0,0.0,1980,178.0,0
1979,197,Jean-Pierre,Jarier,14.0,13,11.23076923076923,10.615384615384615,2,0,3,11.0,14.0,0.0,1980,178.0,0
1979,199,Carlos,Reutemann,25.0,15,9.466666666666667,11.2,4,0,2,7.0,20.0,0.0,1980,178.0,0
1979,200,Jochen,Mass,3.0,15,15.466666666666667,14.266666666666667,0,0,6,18.0,3.0,0.0,1980,178.0,0
1979,202,Didier,Pironi,14.0,15,10.066666666666666,10.066666666666666,2,0,3,10.0,14.0,0.0,1980,178.0,0
1979,203,Gilles,Villeneuve,53.0,15,5.066666666666666,5.533333333333333,7,3,1,2.0,47.0,3.0,1980,178.0,0
1979,206,Derek,Daly,0.0,10,12.1,16.9,0,0,8,26.0,0.0,0.0,1980,178.0,0
1979,207,Mario,Andretti,14.0,15,9.866666666666667,14.0,1,0,3,12.0,14.0,0.0,1980,178.0,0
1979,209,Geoff,Lees,0.0,1,16.0,7.0,0,0,7,25.0,0.0,0.0,1980,178.0,0
1979,212,Hector,Rebaque,0.0,14,15.857142857142858,17.428571428571427,0,0,7,22.0,0.0,0.0,1980,178.0,0
1979,217,Ricardo,Zunino,0.0,2,13.0,11.0,0,0,7,24.0,0.0,0.0,1980,178.0,0
1979,219,Jean-Pierre,Jabouille,9.0,15,6.2,16.333333333333332,1,1,1,13.0,9.0,1.0,1980,178.0,0
1979,221,Patrick,Depailler,22.0,7,2.857142857142857,7.428571428571429,2,1,1,6.0,20.0,1.0,1980,178.0,0
1979,222,Jody,Scheckter,60.0,15,6.133333333333334,4.866666666666666,6,3,1,1.0,51.0,3.0,1980,178.0,0
1979,223,Clay,Regazzoni,32.0,15,10.066666666666666,10.133333333333333,5,1,1,5.0,29.0,1.0,1980,178.0,0
1979,224,Emerson,Fittipaldi,1.0,15,17.733333333333334,14.2,0,0,6,21.0,1.0,0.0,1980,178.0,0
1979,230,Vittorio,Brambilla,0.0,3,13.333333333333334,16.333333333333332,0,0,12,30.0,0.0,0.0,1980,178.0,0
1979,231,James,Hunt,0.0,7,11.857142857142858,16.571428571428573,0,0,8,27.0,0.0,0.0,1980,178.0,0
1979,232,Arturo,Merzario,0.0,14,3.142857142857143,26.071428571428573,0,0,20,34.0,0.0,0.0,1980,178.0,0
1979,233,Hans-Joachim,Stuck,2.0,15,14.6,16.933333333333334,0,0,5,19.0,2.0,0.0,1980,178.0,0
1979,234,Gianfranco,Brancatelli,0.0,3,0.0,26.666666666666668,0,0,25,35.0,0.0,0.0,1980,178.0,0
1979,235,Jacky,Ickx,3.0,8,17.125,15.125,0,0,5,17.0,3.0,0.0,1980,178.0,0
1979,236,Patrick,Gaillard,0.0,5,9.4,20.2,0,0,12,31.0,0.0,0.0,1980,178.0,0
1979,237,Alex,Ribeiro,0.0,2,0.0,28.5,0,0,28,36.0,0.0,0.0,1980,178.0,0
1980,95,Nigel,Mansell,0.0,3,13.333333333333334,21.0,0,0,17,30.0,0.0,0.0,1981,137.0,0
1980,110,Andrea,de Cesaris,0.0,2,9.0,21.0,0,0,18,32.0,0.0,0.0,1981,137.0,0
1980,117,Alain,Prost,5.0,13,12.384615384615385,13.0,0,0,5,16.0,5.0,0.0,1981,137.0,0
1980,119,Riccardo,Patrese,7.0,14,13.285714285714286,12.928571428571429,1,0,2,9.0,7.0,0.0,1981,137.0,0
1980,136,Jan,Lammers,0.0,14,7.142857142857143,21.428571428571427,0,0,10,26.0,0.0,0.0,1981,137.0,0
1980,137,Nelson,Piquet,54.0,14,4.785714285714286,6.857142857142857,6,3,1,2.0,54.0,3.0,1981,137.0,1
1980,140,Stefan,Johansson,0.0,2,0.0,26.5,0,0,26,36.0,0.0,0.0,1981,137.0,0
1980,152,Bruno,Giacomelli,4.0,14,10.0,15.571428571428571,0,0,5,18.0,4.0,0.0,1981,137.0,0
1980,158,Eddie,Cheever,0.0,14,13.214285714285714,20.642857142857142,0,0,12,27.0,0.0,0.0,1981,137.0,0
1980,163,René,Arnoux,29.0,14,7.714285714285714,9.214285714285714,3,2,1,6.0,29.0,2.0,1981,137.0,0
1980,172,Jacques,Laffite,34.0,14,6.571428571428571,8.428571428571429,5,1,1,4.0,34.0,1.0,1981,137.0,0
1980,173,Elio,de Angelis,13.0,14,11.857142857142858,13.714285714285714,1,0,2,7.0,13.0,0.0,1981,137.0,0
1980,176,Marc,Surer,0.0,11,14.181818181818182,14.727272727272727,0,0,7,22.0,0.0,0.0,1981,137.0,0
1980,177,Keke,Rosberg,6.0,14,11.928571428571429,14.785714285714286,1,0,3,10.0,6.0,0.0,1981,137.0,0
1980,178,Alan,Jones,71.0,14,4.0,5.5,10,5,1,1.0,67.0,5.0,1981,137.0,0
1980,181,Manfred,Winkelhock,0.0,1,0.0,26.0,0,0,26,38.0,0.0,0.0,1981,137.0,0
1980,187,John,Watson,6.0,14,14.785714285714286,13.142857142857142,0,0,4,11.0,6.0,0.0,1981,137.0,0
1980,191,Mike,Thackwell,0.0,3,8.0,25.666666666666668,0,0,24,34.0,0.0,0.0,1981,137.0,0
1980,197,Jean-Pierre,Jarier,6.0,14,14.642857142857142,12.857142857142858,0,0,5,13.0,6.0,0.0,1981,137.0,0
1980,199,Carlos,Reutemann,49.0,14,4.571428571428571,6.785714285714286,8,1,1,3.0,42.0,1.0,1981,137.0,0
1980,200,Jochen,Mass,4.0,13,15.0,13.76923076923077,0,0,4,17.0,4.0,0.0,1981,137.0,0
1980,202,Didier,Pironi,32.0,14,6.0,10.071428571428571,5,1,1,5.0,32.0,1.0,1981,137.0,0
1980,203,Gilles,Villeneuve,6.0,14,12.214285714285714,11.571428571428571,0,0,5,14.0,6.0,0.0,1981,137.0,0
1980,206,Derek,Daly,6.0,14,17.642857142857142,13.928571428571429,0,0,4,12.0,6.0,0.0,1981,137.0,0
1980,207,Mario,Andretti,1.0,14,12.785714285714286,14.928571428571429,0,0,6,20.0,1.0,0.0,1981,137.0,0
1980,209,Geoff,Lees,0.0,8,6.0,23.125,0,0,13,28.0,0.0,0.0,1981,137.0,0
1980,211,Rupert,Keegan,0.0,7,10.571428571428571,17.571428571428573,0,0,9,24.0,0.0,0.0,1981,137.0,0
1980,212,Hector,Rebaque,1.0,7,12.285714285714286,15.571428571428571,0,0,6,21.0,1.0,0.0,1981,137.0,0
1980,214,Kevin,Cogan,0.0,1,0.0,28.0,0,0,28,41.0,0.0,0.0,1981,137.0,0
1980,217,Ricardo,Zunino,0.0,7,16.142857142857142,17.142857142857142,0,0,7,23.0,0.0,0.0,1981,137.0,0
1980,219,Jean-Pierre,Jabouille,9.0,13,6.384615384615385,16.46153846153846,1,1,1,8.0,9.0,1.0,1981,137.0,0
1980,221,Patrick,Depailler,0.0,8,11.125,15.75,0,0,8,29.0,0.0,0.0,1981,137.0,0
1980,222,Jody,Scheckter,2.0,14,15.071428571428571,12.928571428571429,0,0,5,19.0,2.0,0.0,1981,137.0,0
1980,223,Clay,Regazzoni,0.0,4,17.5,13.0,0,0,9,25.0,0.0,0.0,1981,137.0,0
1980,224,Emerson,Fittipaldi,5.0,14,19.928571428571427,14.5,1,0,3,15.0,5.0,0.0,1981,137.0,0
1980,225,Dave,Kennedy,0.0,7,0.0,26.142857142857142,0,0,25,35.0,0.0,0.0,1981,137.0,0
1980,226,Stephen,South,0.0,1,0.0,27.0,0,0,27,39.0,0.0,0.0,1981,137.0,0
1980,227,Tiff,Needell,0.0,2,11.5,23.0,0,0,20,33.0,0.0,0.0,1981,137.0,0
1980,228,Desiré,Wilson,0.0,1,0.0,27.0,0,0,27,40.0,0.0,0.0,1981,137.0,0
1980,229,Harald,Ertl,0.0,1,0.0,26.0,0,0,26,37.0,0.0,0.0,1981,137.0,0
1980,230,Vittorio,Brambilla,0.0,2,20.5,20.5,0,0,17,31.0,0.0,0.0,1981,137.0,0
1981,95,Nigel,Mansell,8.0,15,9.4,16.2,1,0,3,14.0,8.0,0.0,1982,177.0,0
1981,105,Michele,Alboreto,0.0,12,17.166666666666668,16.416666666666668,0,0,9,27.0,0.0,0.0,1982,177.0,0
1981,110,Andrea,de Cesaris,1.0,15,13.6,16.333333333333332,0,0,6,18.0,1.0,0.0,1982,177.0,0
1981,117,Alain,Prost,43.0,15,4.8,11.933333333333334,6,3,1,5.0,43.0,3.0,1982,177.0,0
1981,118,Derek,Warwick,0.0,12,1.8333333333333333,27.666666666666668,0,0,15,33.0,0.0,0.0,1982,177.0,0
1981,119,Riccardo,Patrese,10.0,15,10.266666666666667,14.466666666666667,2,0,2,11.0,10.0,0.0,1982,177.0,0
1981,136,Jan,Lammers,0.0,4,11.0,20.0,0,0,12,29.0,0.0,0.0,1982,177.0,0
1981,137,Nelson,Piquet,50.0,15,3.8,7.266666666666667,7,3,1,1.0,50.0,3.0,1982,177.0,0
1981,152,Bruno,Giacomelli,7.0,15,12.866666666666667,12.2,1,0,3,15.0,7.0,0.0,1982,177.0,0
1981,158,Eddie,Cheever,10.0,15,15.266666666666667,13.533333333333333,0,0,4,12.0,10.0,0.0,1982,177.0,0
1981,160,Piercarlo,Ghinzani,0.0,2,12.0,19.0,0,0,13,31.0,0.0,0.0,1982,177.0,0
1981,163,René,Arnoux,11.0,15,6.333333333333333,13.333333333333334,1,0,2,9.0,11.0,0.0,1982,177.0,0
1981,172,Jacques,Laffite,44.0,15,9.333333333333334,9.133333333333333,7,2,1,4.0,44.0,2.0,1982,177.0,0
1981,173,Elio,de Angelis,14.0,15,10.533333333333333,10.666666666666666,0,0,4,8.0,14.0,0.0,1982,177.0,0
1981,175,Patrick,Tambay,1.0,15,13.8,16.6,0,0,6,19.0,1.0,0.0,1982,177.0,0
1981,176,Marc,Surer,4.0,14,18.571428571428573,12.928571428571429,0,0,4,16.0,4.0,0.0,1982,177.0,0
1981,177,Keke,Rosberg,0.0,14,9.142857142857142,19.357142857142858,0,0,9,26.0,0.0,0.0,1982,177.0,1
1981,178,Alan,Jones,46.0,15,4.733333333333333,8.266666666666667,6,2,1,3.0,46.0,2.0,1982,177.0,0
1981,187,John,Watson,27.0,15,8.866666666666667,8.333333333333334,4,1,1,6.0,27.0,1.0,1982,177.0,0
1981,192,Chico,Serra,0.0,14,8.928571428571429,22.642857142857142,0,0,7,25.0,0.0,0.0,1982,177.0,0
1981,194,Eliseo,Salazar,1.0,15,13.866666666666667,20.8,0,0,6,21.0,1.0,0.0,1982,177.0,0
1981,197,Jean-Pierre,Jarier,0.0,9,18.22222222222222,12.11111111111111,0,0,7,22.0,0.0,0.0,1982,177.0,0
1981,198,Jacques,Villeneuve Sr.,0.0,2,0.0,28.0,0,0,28,37.0,0.0,0.0,1982,177.0,0
1981,199,Carlos,Reutemann,49.0,15,3.533333333333333,6.666666666666667,7,2,1,2.0,49.0,2.0,1982,177.0,0
1981,201,Slim,Borgudd,1.0,12,13.25,19.25,0,0,6,20.0,1.0,0.0,1982,177.0,0
1981,202,Didier,Pironi,9.0,15,10.666666666666666,13.0,0,0,4,13.0,9.0,0.0,1982,177.0,0
1981,203,Gilles,Villeneuve,25.0,15,7.0,13.533333333333333,3,2,1,7.0,25.0,2.0,1982,177.0,0
1981,205,Brian,Henton,0.0,12,1.9166666666666667,26.333333333333332,0,0,10,28.0,0.0,0.0,1982,177.0,0
1981,206,Derek,Daly,0.0,15,10.466666666666667,20.133333333333333,0,0,7,23.0,0.0,0.0,1982,177.0,0
1981,207,Mario,Andretti,3.0,15,11.6,11.933333333333334,0,0,4,17.0,3.0,0.0,1982,177.0,0
1981,212,Hector,Rebaque,11.0,15,12.933333333333334,13.666666666666666,0,0,4,10.0,11.0,0.0,1982,177.0,0
1981,213,Beppe,Gabbiani,0.0,15,4.4,25.6,0,0,17,34.0,0.0,0.0,1982,177.0,0
1981,214,Kevin,Cogan,0.0,1,0.0,25.0,0,0,25,36.0,0.0,0.0,1982,177.0,0
1981,215,Miguel Ángel,Guerra,0.0,4,5.5,25.75,0,0,24,35.0,0.0,0.0,1982,177.0,0
1981,216,Siegfried,Stohr,0.0,13,13.76923076923077,19.846153846153847,0,0,7,24.0,0.0,0.0,1982,177.0,0
1981,217,Ricardo,Zunino,0.0,2,24.0,13.0,0,0,13,30.0,0.0,0.0,1982,177.0,0
1981,218,Ricardo,Londoño,0.0,1,0.0,30.0,0,0,30,39.0,0.0,0.0,1982,177.0,0
1981,219,Jean-Pierre,Jabouille,0.0,5,10.6,19.4,0,0,14,32.0,0.0,0.0,1982,177.0,0
1981,220,Giorgio,Francia,0.0,1,0.0,30.0,0,0,30,38.0,0.0,0.0,1982,177.0,0
1982,90,Roberto,Moreno,0.0,1,0.0,30.0,0,0,30,40.0,0.0,0.0,1983,137.0,0
1982,95,Nigel,Mansell,7.0,13,16.23076923076923,13.692307692307692,1,0,3,14.0,7.0,0.0,1983,137.0,0
1982,105,Michele,Alboreto,25.0,16,10.25,9.0,2,1,1,8.0,25.0,1.0,1983,137.0,0
1982,110,Andrea,de Cesaris,5.0,16,8.5,14.4375,1,0,3,17.0,5.0,0.0,1983,137.0,0
1982,117,Alain,Prost,34.0,16,2.8125,10.0,4,2,1,4.0,34.0,2.0,1983,137.0,0
1982,118,Derek,Warwick,0.0,14,11.428571428571429,20.714285714285715,0,0,10,32.0,0.0,0.0,1983,137.0,0
1982,119,Riccardo,Patrese,21.0,15,6.666666666666667,14.666666666666666,3,1,1,10.0,21.0,1.0,1983,137.0,0
1982,136,Jan,Lammers,0.0,6,4.333333333333333,25.5,0,0,17,38.0,0.0,0.0,1983,137.0,0
1982,137,Nelson,Piquet,20.0,15,5.133333333333334,14.066666666666666,2,1,1,11.0,20.0,1.0,1983,137.0,1
1982,152,Bruno,Giacomelli,2.0,16,10.125,15.25,0,0,5,22.0,2.0,0.0,1983,137.0,0
1982,158,Eddie,Cheever,15.0,15,14.533333333333333,13.8,3,0,2,12.0,15.0,0.0,1983,137.0,0
1982,163,René,Arnoux,28.0,16,3.4375,14.0625,4,2,1,6.0,28.0,2.0,1983,137.0,0
1982,170,Teo,Fabi,0.0,14,9.214285714285714,24.357142857142858,0,0,7,35.0,0.0,0.0,1983,137.0,0
1982,172,Jacques,Laffite,5.0,15,16.533333333333335,16.466666666666665,1,0,3,18.0,5.0,0.0,1983,137.0,0
1982,173,Elio,de Angelis,23.0,15,12.866666666666667,10.6,1,1,1,9.0,23.0,1.0,1983,137.0,0
1982,175,Patrick,Tambay,25.0,8,6.75,9.125,3,1,1,7.0,25.0,1.0,1983,137.0,0
1982,176,Marc,Surer,3.0,12,19.333333333333332,10.166666666666666,0,0,5,21.0,3.0,0.0,1983,137.0,0
1982,177,Keke,Rosberg,44.0,15,6.066666666666666,6.0,6,1,1,1.0,44.0,1.0,1983,137.0,0
1982,181,Manfred,Winkelhock,2.0,16,13.875,18.0625,0,0,5,24.0,2.0,0.0,1983,137.0,0
1982,182,Niki,Lauda,30.0,14,8.071428571428571,9.357142857142858,3,2,1,5.0,30.0,2.0,1983,137.0,0
1982,184,Mauro,Baldi,2.0,15,16.4,16.933333333333334,0,0,6,25.0,2.0,0.0,1983,137.0,0
1982,187,John,Watson,39.0,15,11.333333333333334,8.333333333333334,5,2,1,3.0,39.0,2.0,1983,137.0,0
1982,192,Chico,Serra,1.0,14,15.0,19.142857142857142,0,0,6,26.0,1.0,0.0,1983,137.0,0
1982,194,Eliseo,Salazar,2.0,16,17.25,18.5625,0,0,5,23.0,2.0,0.0,1983,137.0,0
1982,195,Roberto,Guerrero,0.0,15,10.533333333333333,22.533333333333335,0,0,8,31.0,0.0,0.0,1983,137.0,0
1982,196,Raul,Boesel,0.0,15,14.733333333333333,20.866666666666667,0,0,8,30.0,0.0,0.0,1983,137.0,0
1982,197,Jean-Pierre,Jarier,3.0,16,16.1875,20.0,0,0,4,20.0,3.0,0.0,1983,137.0,0
1982,199,Carlos,Reutemann,6.0,2,7.0,10.5,1,0,2,16.0,6.0,0.0,1983,137.0,0
1982,200,Jochen,Mass,0.0,10,20.5,12.8,0,0,7,28.0,0.0,0.0,1983,137.0,0
1982,201,Slim,Borgudd,0.0,3,22.666666666666668,11.0,0,0,7,29.0,0.0,0.0,1983,137.0,0
1982,202,Didier,Pironi,39.0,12,4.083333333333333,10.0,6,2,1,2.0,39.0,2.0,1983,137.0,0
1982,203,Gilles,Villeneuve,6.0,5,3.0,16.0,1,0,2,15.0,6.0,0.0,1983,137.0,0
1982,204,Riccardo,Paletti,0.0,8,7.375,25.875,0,0,10,36.0,0.0,0.0,1983,137.0,0
1982,205,Brian,Henton,0.0,16,16.6875,14.5625,0,0,7,27.0,0.0,0.0,1983,137.0,0
1982,206,Derek,Daly,8.0,15,13.8,12.066666666666666,0,0,5,13.0,8.0,0.0,1983,137.0,0
1982,207,Mario,Andretti,4.0,3,7.333333333333333,14.0,1,0,3,19.0,4.0,0.0,1983,137.0,0
1982,208,Emilio,de Villota,0.0,5,0.0,29.8,0,0,27,39.0,0.0,0.0,1983,137.0,0
1982,209,Geoff,Lees,0.0,2,24.5,19.0,0,0,12,34.0,0.0,0.0,1983,137.0,0
1982,210,Tommy,Byrne,0.0,5,10.4,22.6,0,0,12,37.0,0.0,0.0,1983,137.0,0
1982,211,Rupert,Keegan,0.0,5,14.2,22.6,0,0,12,33.0,0.0,0.0,1983,137.0,0
1983,95,Nigel,Mansell,10.0,15,13.133333333333333,13.066666666666666,1,0,3,13.0,10.0,0.0,1984,182.0,0
1983,105,Michele,Alboreto,10.0,15,15.533333333333333,14.866666666666667,1,1,1,12.0,10.0,1.0,1984,182.0,0
1983,110,Andrea,de Cesaris,15.0,15,8.0,14.333333333333334,2,0,2,8.0,15.0,0.0,1984,182.0,0
1983,117,Alain,Prost,57.0,15,4.466666666666667,6.666666666666667,7,4,1,2.0,57.0,4.0,1984,182.0,0
1983,118,Derek,Warwick,9.0,15,10.6,13.933333333333334,0,0,4,14.0,9.0,0.0,1984,182.0,0
1983,119,Riccardo,Patrese,13.0,15,6.666666666666667,14.733333333333333,2,1,1,9.0,13.0,1.0,1984,182.0,0
1983,123,Thierry,Boutsen,0.0,10,17.0,12.5,0,0,7,21.0,0.0,0.0,1984,182.0,0
1983,137,Nelson,Piquet,59.0,15,4.8,7.066666666666666,8,3,1,1.0,59.0,3.0,1984,182.0,0
1983,140,Stefan,Johansson,0.0,6,16.0,16.833333333333332,0,0,7,25.0,0.0,0.0,1984,182.0,0
1983,152,Bruno,Giacomelli,1.0,15,12.4,16.066666666666666,0,0,6,19.0,1.0,0.0,1984,182.0,0
1983,156,Jonathan,Palmer,0.0,1,25.0,13.0,0,0,13,31.0,0.0,0.0,1984,182.0,0
1983,158,Eddie,Cheever,22.0,15,7.666666666666667,12.266666666666667,4,0,2,7.0,22.0,0.0,1984,182.0,0
1983,160,Piercarlo,Ghinzani,0.0,15,11.6,23.866666666666667,0,0,11,28.0,0.0,0.0,1984,182.0,0
1983,163,René,Arnoux,49.0,15,3.2666666666666666,7.8,7,3,1,3.0,49.0,3.0,1984,182.0,0
1983,168,Jean-Louis,Schlesser,0.0,1,0.0,29.0,0,0,29,35.0,0.0,0.0,1984,182.0,0
1983,172,Jacques,Laffite,11.0,15,13.0,13.066666666666666,1,0,3,11.0,11.0,0.0,1984,182.0,0
1983,173,Elio,de Angelis,2.0,15,8.6,19.0,0,0,5,18.0,2.0,0.0,1984,182.0,0
1983,175,Patrick,Tambay,40.0,15,3.066666666666667,9.666666666666666,5,1,1,4.0,40.0,1.0,1984,182.0,0
1983,176,Marc,Surer,4.0,15,16.266666666666666,11.8,0,0,5,15.0,4.0,0.0,1984,182.0,0
1983,177,Keke,Rosberg,27.0,15,11.133333333333333,9.266666666666667,2,1,1,5.0,27.0,1.0,1984,182.0,0
1983,178,Alan,Jones,0.0,1,12.0,14.0,0,0,14,33.0,0.0,0.0,1984,182.0,0
1983,181,Manfred,Winkelhock,0.0,15,11.6,17.4,0,0,8,26.0,0.0,0.0,1984,182.0,0
1983,182,Niki,Lauda,12.0,15,14.533333333333333,14.6,2,0,2,10.0,12.0,0.0,1984,182.0,1
1983,184,Mauro,Baldi,3.0,15,13.733333333333333,16.0,0,0,5,16.0,3.0,0.0,1984,182.0,0
1983,186,Kenny,Acheson,0.0,7,3.4285714285714284,26.0,0,0,12,30.0,0.0,0.0,1984,182.0,0
1983,187,John,Watson,22.0,15,17.066666666666666,13.0,3,1,1,6.0,22.0,1.0,1984,182.0,0
1983,188,Johnny,Cecotto,1.0,13,15.23076923076923,17.76923076923077,0,0,6,20.0,1.0,0.0,1984,182.0,0
1983,190,Corrado,Fabi,0.0,15,14.866666666666667,21.0,0,0,10,27.0,0.0,0.0,1984,182.0,0
1983,192,Chico,Serra,0.0,4,21.0,10.5,0,0,7,23.0,0.0,0.0,1984,182.0,0
1983,193,Danny,Sullivan,2.0,15,20.733333333333334,14.866666666666667,0,0,5,17.0,2.0,0.0,1984,182.0,0
1983,194,Eliseo,Salazar,0.0,6,8.5,24.0,0,0,13,32.0,0.0,0.0,1984,182.0,0
1983,195,Roberto,Guerrero,0.0,14,17.785714285714285,18.285714285714285,0,0,12,29.0,0.0,0.0,1984,182.0,0
1983,196,Raul,Boesel,0.0,15,20.066666666666666,15.8,0,0,7,24.0,0.0,0.0,1984,182.0,0
1983,197,Jean-Pierre,Jarier,0.0,15,18.266666666666666,16.266666666666666,0,0,7,22.0,0.0,0.0,1984,182.0,0
1983,198,Jacques,Villeneuve Sr.,0.0,1,0.0,27.0,0,0,27,34.0,0.0,0.0,1984,182.0,0
1984,77,Gerhard,Berger,0.0,4,20.25,14.0,0,0,6,22.0,0.0,0.0,1985,117.0,0
1984,84,Martin,Brundle,0.0,9,15.777777777777779,14.0,0,0,6,31.0,0.0,0.0,1985,117.0,0
1984,94,Pierluigi,Martini,0.0,1,0.0,27.0,0,0,27,35.0,0.0,0.0,1985,117.0,0
1984,95,Nigel,Mansell,13.0,16,7.5,13.1875,2,0,3,10.0,13.0,0.0,1985,117.0,0
1984,102,Ayrton,Senna,13.0,15,10.0,14.533333333333333,3,0,2,9.0,13.0,0.0,1985,117.0,0
1984,105,Michele,Alboreto,30.5,16,7.4375,11.5625,4,1,1,4.0,30.5,1.0,1985,117.0,0
1984,110,Andrea,de Cesaris,3.0,16,14.9375,13.4375,0,0,5,18.0,3.0,0.0,1985,117.0,0
1984,112,Philippe,Alliot,0.0,15,20.666666666666668,19.666666666666668,0,0,10,30.0,0.0,0.0,1985,117.0,0
1984,117,Alain,Prost,71.5,16,3.0,7.125,9,7,1,2.0,71.5,7.0,1985,117.0,1
1984,118,Derek,Warwick,23.0,16,5.75,11.8125,4,0,2,7.0,23.0,0.0,1985,117.0,0
1984,119,Riccardo,Patrese,8.0,16,14.125,14.25,1,0,3,13.0,8.0,0.0,1985,117.0,0
1984,123,Thierry,Boutsen,5.0,16,15.6875,14.25,0,0,5,15.0,5.0,0.0,1985,117.0,0
1984,137,Nelson,Piquet,29.0,16,3.5,11.6875,4,2,1,5.0,29.0,2.0,1985,117.0,0
1984,140,Stefan,Johansson,3.0,7,18.428571428571427,16.0,0,0,4,17.0,3.0,0.0,1985,117.0,0
1984,156,Jonathan,Palmer,0.0,15,22.333333333333332,16.2,0,0,8,27.0,0.0,0.0,1985,117.0,0
1984,158,Eddie,Cheever,3.0,16,12.625,16.25,0,0,4,16.0,3.0,0.0,1985,117.0,0
1984,160,Piercarlo,Ghinzani,2.0,16,18.625,18.1875,0,0,5,19.0,2.0,0.0,1985,117.0,0
1984,163,René,Arnoux,27.0,16,10.0625,9.1875,4,0,2,6.0,27.0,0.0,1985,117.0,0
1984,166,Philippe,Streiff,0.0,1,13.0,21.0,0,0,21,33.0,0.0,0.0,1985,117.0,0
1984,170,Teo,Fabi,9.0,12,11.833333333333334,12.583333333333334,1,0,3,12.0,9.0,0.0,1985,117.0,0
1984,172,Jacques,Laffite,5.0,16,14.4375,16.25,0,0,4,14.0,5.0,0.0,1985,117.0,0
1984,173,Elio,de Angelis,34.0,16,5.625,7.9375,4,0,2,3.0,34.0,0.0,1985,117.0,0
1984,175,Patrick,Tambay,11.0,15,7.066666666666666,11.0,1,0,2,11.0,11.0,0.0,1985,117.0,0
1984,176,Marc,Surer,1.0,16,17.9375,16.3125,0,0,6,20.0,1.0,0.0,1985,117.0,0
1984,177,Keke,Rosberg,20.5,16,8.0625,14.0625,2,1,1,8.0,20.5,1.0,1985,117.0,0
1984,179,Huub,Rothengatter,0.0,8,21.375,16.0,0,0,8,28.0,0.0,0.0,1985,117.0,0
1984,181,Manfred,Winkelhock,0.0,14,11.714285714285714,17.642857142857142,0,0,8,26.0,0.0,0.0,1985,117.0,0
1984,182,Niki,Lauda,72.0,16,7.6875,6.25,9,5,1,1.0,72.0,5.0,1985,117.0,0
1984,183,François,Hesnault,0.0,15,18.6,17.0,0,0,7,23.0,0.0,0.0,1985,117.0,0
1984,184,Mauro,Baldi,0.0,8,20.625,14.5,0,0,8,25.0,0.0,0.0,1985,117.0,0
1984,185,Stefan,Bellof,0.0,12,19.583333333333332,16.333333333333332,0,0,9,32.0,0.0,0.0,1985,117.0,0
1984,188,Johnny,Cecotto,0.0,10,15.9,19.2,0,0,9,29.0,0.0,0.0,1985,117.0,0
1984,189,Jo,Gartner,0.0,8,23.875,16.125,0,0,5,21.0,0.0,0.0,1985,117.0,0
1984,190,Corrado,Fabi,0.0,3,14.0,13.666666666666666,0,0,7,24.0,0.0,0.0,1985,117.0,0
1984,191,Mike,Thackwell,0.0,2,12.5,25.0,0,0,23,34.0,0.0,0.0,1985,117.0,0
1985,77,Gerhard,Berger,3.0,16,14.4375,12.9375,0,0,5,20.0,3.0,0.0,1986,117.0,0
1985,84,Martin,Brundle,0.0,16,19.0625,12.25,0,0,7,21.0,0.0,0.0,1986,117.0,0
1985,94,Pierluigi,Martini,0.0,15,23.8,17.266666666666666,0,0,8,24.0,0.0,0.0,1986,117.0,0
1985,95,Nigel,Mansell,31.0,16,5.5625,11.125,3,2,1,6.0,31.0,2.0,1986,117.0,0
1985,102,Ayrton,Senna,38.0,16,3.0,9.0625,6,2,1,4.0,38.0,2.0,1986,117.0,0
1985,105,Michele,Alboreto,53.0,16,6.6875,8.75,8,2,1,2.0,53.0,2.0,1986,117.0,0
1985,110,Andrea,de Cesaris,3.0,11,13.090909090909092,16.818181818181817,0,0,4,17.0,3.0,0.0,1986,117.0,0
1985,112,Philippe,Alliot,0.0,14,20.357142857142858,19.571428571428573,0,0,9,28.0,0.0,0.0,1986,117.0,0
1985,117,Alain,Prost,76.0,16,4.1875,5.3125,11,5,1,1.0,73.0,5.0,1986,117.0,1
1985,118,Derek,Warwick,5.0,15,10.666666666666666,13.2,0,0,5,14.0,5.0,0.0,1986,117.0,0
1985,119,Riccardo,Patrese,0.0,16,13.625,17.0625,0,0,9,25.0,0.0,0.0,1986,117.0,0
1985,122,Ivan,Capelli,3.0,2,23.0,10.5,0,0,4,18.0,3.0,0.0,1986,117.0,0
1985,123,Thierry,Boutsen,11.0,16,11.6875,9.25,1,0,2,11.0,11.0,0.0,1986,117.0,0
1985,137,Nelson,Piquet,21.0,16,6.5,13.1875,2,1,1,8.0,21.0,1.0,1986,117.0,0
1985,140,Stefan,Johansson,26.0,16,12.125,9.75,2,0,2,7.0,26.0,0.0,1986,117.0,0
1985,156,Jonathan,Palmer,0.0,8,22.125,21.75,0,0,11,29.0,0.0,0.0,1986,117.0,0
1985,157,Christian,Danner,0.0,2,23.5,18.0,0,0,16,32.0,0.0,0.0,1986,117.0,0
1985,158,Eddie,Cheever,0.0,16,15.3125,16.8125,0,0,9,26.0,0.0,0.0,1986,117.0,0
1985,160,Piercarlo,Ghinzani,0.0,15,17.4,19.466666666666665,0,0,9,27.0,0.0,0.0,1986,117.0,0
1985,163,René,Arnoux,3.0,1,7.0,4.0,0,0,4,19.0,3.0,0.0,1986,117.0,0
1985,166,Philippe,Streiff,4.0,5,15.8,8.2,1,0,3,15.0,4.0,0.0,1986,117.0,0
1985,170,Teo,Fabi,0.0,13,12.923076923076923,17.615384615384617,0,0,12,31.0,0.0,0.0,1986,117.0,0
1985,172,Jacques,Laffite,16.0,15,16.466666666666665,11.666666666666666,3,0,2,9.0,16.0,0.0,1986,117.0,0
1985,173,Elio,de Angelis,33.0,16,6.75,7.875,3,1,1,5.0,33.0,1.0,1986,117.0,0
1985,175,Patrick,Tambay,11.0,15,11.666666666666666,12.733333333333333,2,0,3,12.0,11.0,0.0,1986,117.0,0
1985,176,Marc,Surer,5.0,12,10.833333333333334,10.833333333333334,0,0,4,13.0,5.0,0.0,1986,117.0,0
1985,177,Keke,Rosberg,40.0,16,3.8125,10.5625,5,2,1,3.0,40.0,2.0,1986,117.0,0
1985,178,Alan,Jones,0.0,4,21.0,21.5,0,0,21,35.0,0.0,0.0,1986,117.0,0
1985,179,Huub,Rothengatter,0.0,7,23.714285714285715,13.142857142857142,0,0,7,22.0,0.0,0.0,1986,117.0,0
1985,181,Manfred,Winkelhock,0.0,9,16.444444444444443,17.77777777777778,0,0,10,30.0,0.0,0.0,1986,117.0,0
1985,182,Niki,Lauda,14.0,14,10.571428571428571,12.214285714285714,1,1,1,10.0,14.0,1.0,1986,117.0,0
1985,183,François,Hesnault,0.0,5,15.8,23.6,0,0,22,36.0,0.0,0.0,1986,117.0,0
1985,184,Mauro,Baldi,0.0,3,26.333333333333332,21.0,0,0,18,34.0,0.0,0.0,1986,117.0,0
1985,185,Stefan,Bellof,4.0,10,20.2,11.9,0,0,4,16.0,4.0,0.0,1986,117.0,0
1985,186,Kenny,Acheson,0.0,2,23.5,20.5,0,0,17,33.0,0.0,0.0,1986,117.0,0
1985,187,John,Watson,0.0,1,21.0,7.0,0,0,7,23.0,0.0,0.0,1986,117.0,0
1986,77,Gerhard,Berger,17.0,16,6.5625,12.0625,2,1,1,7.0,17.0,1.0,1987,137.0,0
1986,84,Martin,Brundle,8.0,16,15.25,11.6875,0,0,4,11.0,8.0,0.0,1987,137.0,0
1986,95,Nigel,Mansell,72.0,16,3.0,6.25,9,5,1,2.0,70.0,5.0,1987,137.0,0
1986,102,Ayrton,Senna,55.0,16,2.4375,9.3125,8,2,1,4.0,55.0,2.0,1987,137.0,0
1986,105,Michele,Alboreto,14.0,16,9.8125,12.5625,1,0,2,9.0,14.0,0.0,1987,137.0,0
1986,110,Andrea,de Cesaris,0.0,16,19.5,18.25,0,0,8,24.0,0.0,0.0,1987,137.0,0
1986,112,Philippe,Alliot,1.0,7,11.428571428571429,14.428571428571429,0,0,6,19.0,1.0,0.0,1987,137.0,0
1986,117,Alain,Prost,74.0,16,4.25,5.25,11,4,1,1.0,72.0,4.0,1987,137.0,0
1986,118,Derek,Warwick,0.0,11,13.0,15.909090909090908,0,0,7,21.0,0.0,0.0,1987,137.0,0
1986,119,Riccardo,Patrese,2.0,16,11.0625,14.9375,0,0,6,17.0,2.0,0.0,1987,137.0,0
1986,122,Ivan,Capelli,0.0,2,25.0,21.0,0,0,15,31.0,0.0,0.0,1987,137.0,0
1986,123,Thierry,Boutsen,0.0,16,16.9375,12.1875,0,0,7,20.0,0.0,0.0,1987,137.0,0
1986,133,Alex,Caffi,0.0,1,27.0,11.0,0,0,11,30.0,0.0,0.0,1987,137.0,0
1986,137,Nelson,Piquet,69.0,16,3.625,5.625,10,4,1,3.0,69.0,4.0,1987,137.0,1
1986,140,Stefan,Johansson,23.0,16,11.3125,10.5625,4,0,3,5.0,23.0,0.0,1987,137.0,0
1986,145,Alessandro,Nannini,0.0,15,20.666666666666668,20.066666666666666,0,0,13,29.0,0.0,0.0,1987,137.0,0
1986,156,Jonathan,Palmer,0.0,16,20.25,14.3125,0,0,8,22.0,0.0,0.0,1987,137.0,0
1986,157,Christian,Danner,1.0,16,20.25,15.75,0,0,6,18.0,1.0,0.0,1987,137.0,0
1986,158,Eddie,Cheever,0.0,1,10.0,18.0,0,0,18,32.0,0.0,0.0,1987,137.0,0
1986,160,Piercarlo,Ghinzani,0.0,16,22.5625,20.75,0,0,11,27.0,0.0,0.0,1987,137.0,0
1986,163,René,Arnoux,14.0,16,7.875,9.4375,0,0,4,10.0,14.0,0.0,1987,137.0,0
1986,166,Philippe,Streiff,3.0,16,18.125,13.375,0,0,5,14.0,3.0,0.0,1987,137.0,0
1986,170,Teo,Fabi,2.0,16,9.3125,15.0,0,0,5,16.0,2.0,0.0,1987,137.0,0
1986,172,Jacques,Laffite,14.0,9,10.555555555555555,9.222222222222221,2,0,2,8.0,14.0,0.0,1987,137.0,0
1986,173,Elio,de Angelis,0.0,4,17.0,14.75,0,0,8,25.0,0.0,0.0,1987,137.0,0
1986,174,Johnny,Dumfries,3.0,16,12.5625,14.375,0,0,5,13.0,3.0,0.0,1987,137.0,0
1986,175,Patrick,Tambay,2.0,15,12.666666666666666,15.466666666666667,0,0,5,15.0,2.0,0.0,1987,137.0,0
1986,176,Marc,Surer,0.0,5,19.0,11.6,0,0,9,26.0,0.0,0.0,1987,137.0,0
1986,177,Keke,Rosberg,22.0,16,6.5,12.1875,1,0,2,6.0,22.0,0.0,1987,137.0,0
1986,178,Alan,Jones,4.0,16,16.8125,16.75,0,0,4,12.0,4.0,0.0,1987,137.0,0
1986,179,Huub,Rothengatter,0.0,13,22.46153846153846,19.53846153846154,0,0,8,23.0,0.0,0.0,1987,137.0,0
1986,180,Allen,Berg,0.0,9,26.0,18.88888888888889,0,0,12,28.0,0.0,0.0,1987,137.0,0
1987,77,Gerhard,Berger,36.0,16,4.75,12.1875,3,2,1,5.0,36.0,2.0,1988,102.0,0
1987,78,Nicola,Larini,0.0,2,13.0,26.5,0,0,26,32.0,0.0,0.0,1988,102.0,0
1987,84,Martin,Brundle,2.0,16,16.9375,15.5625,0,0,5,18.0,2.0,0.0,1988,102.0,0
1987,90,Roberto,Moreno,1.0,2,25.5,12.0,0,0,6,21.0,1.0,0.0,1988,102.0,0
1987,95,Nigel,Mansell,61.0,15,1.3333333333333333,8.8,7,6,1,2.0,61.0,6.0,1988,102.0,0
1987,99,Gabriele,Tarquini,0.0,1,25.0,20.0,0,0,20,31.0,0.0,0.0,1988,102.0,0
1987,102,Ayrton,Senna,57.0,16,4.0,5.375,8,2,1,3.0,57.0,2.0,1988,102.0,1
1987,105,Michele,Alboreto,17.0,16,6.25,13.3125,3,0,2,7.0,17.0,0.0,1988,102.0,0
1987,110,Andrea,de Cesaris,4.0,16,11.875,18.375,1,0,3,14.0,4.0,0.0,1988,102.0,0
1987,112,Philippe,Alliot,3.0,15,20.066666666666666,14.4,0,0,6,17.0,3.0,0.0,1988,102.0,0
1987,114,Yannick,Dalmas,0.0,3,22.0,9.333333333333334,0,0,5,22.0,0.0,0.0,1988,102.0,0
1987,117,Alain,Prost,46.0,16,4.3125,8.3125,7,3,1,4.0,46.0,3.0,1988,102.0,0
1987,118,Derek,Warwick,3.0,16,11.1875,14.875,0,0,5,16.0,3.0,0.0,1988,102.0,0
1987,119,Riccardo,Patrese,6.0,16,9.0625,15.5,1,0,3,13.0,6.0,0.0,1988,102.0,0
1987,122,Ivan,Capelli,1.0,16,21.6875,15.875,0,0,6,19.0,1.0,0.0,1988,102.0,0
1987,123,Thierry,Boutsen,16.0,16,6.1875,11.0,1,0,3,8.0,16.0,0.0,1988,102.0,0
1987,131,Stefano,Modena,0.0,1,15.0,20.0,0,0,20,30.0,0.0,0.0,1988,102.0,0
1987,133,Alex,Caffi,0.0,16,20.6875,19.625,0,0,12,27.0,0.0,0.0,1988,102.0,0
1987,137,Nelson,Piquet,76.0,16,2.5,5.8125,11,3,1,1.0,73.0,3.0,1988,102.0,0
1987,138,Satoru,Nakajima,7.0,16,15.0,13.1875,0,0,4,12.0,7.0,0.0,1988,102.0,0
1987,140,Stefan,Johansson,30.0,16,9.8125,9.0,5,0,2,6.0,30.0,0.0,1988,102.0,0
1987,145,Alessandro,Nannini,0.0,16,15.625,19.125,0,0,11,26.0,0.0,0.0,1988,102.0,0
1987,156,Jonathan,Palmer,7.0,16,20.3125,10.6875,0,0,4,11.0,7.0,0.0,1988,102.0,0
1987,157,Christian,Danner,0.0,16,17.5625,16.5625,0,0,7,23.0,0.0,0.0,1988,102.0,0
1987,158,Eddie,Cheever,8.0,16,11.5625,12.8125,0,0,4,10.0,8.0,0.0,1988,102.0,0
1987,160,Piercarlo,Ghinzani,0.0,15,20.4,15.6,0,0,7,24.0,0.0,0.0,1988,102.0,0
1987,163,René,Arnoux,1.0,15,15.8,16.333333333333332,0,0,6,20.0,1.0,0.0,1988,102.0,0
1987,166,Philippe,Streiff,4.0,16,21.0,12.3125,0,0,4,15.0,4.0,0.0,1988,102.0,0
1987,167,Adrián,Campos,0.0,16,19.1875,19.6875,0,0,10,28.0,0.0,0.0,1988,102.0,0
1987,169,Pascal,Fabre,0.0,12,22.833333333333332,15.083333333333334,0,0,9,25.0,0.0,0.0,1988,102.0,0
1987,170,Teo,Fabi,12.0,16,7.5,12.8125,1,0,3,9.0,12.0,0.0,1988,102.0,0
1987,171,Franco,Forini,0.0,2,26.0,19.5,0,0,18,29.0,0.0,0.0,1988,102.0,0
1988,77,Gerhard,Berger,41.0,16,3.8125,9.5625,5,1,1,3.0,41.0,1.0,1989,117.0,0
1988,78,Nicola,Larini,0.0,16,14.0625,23.1875,0,0,9,27.0,0.0,0.0,1989,117.0,0
1988,84,Martin,Brundle,0.0,1,12.0,7.0,0,0,7,20.0,0.0,0.0,1989,117.0,0
1988,88,Aguri,Suzuki,0.0,1,20.0,16.0,0,0,16,35.0,0.0,0.0,1989,117.0,0
1988,94,Pierluigi,Martini,1.0,11,13.818181818181818,18.272727272727273,0,0,6,17.0,1.0,0.0,1989,117.0,0
1988,95,Nigel,Mansell,12.0,14,7.142857142857143,16.428571428571427,2,0,2,9.0,12.0,0.0,1989,117.0,0
1988,99,Gabriele,Tarquini,0.0,16,11.4375,22.625,0,0,8,23.0,0.0,0.0,1989,117.0,0
1988,102,Ayrton,Senna,94.0,16,1.25,3.875,11,8,1,1.0,90.0,8.0,1989,117.0,0
1988,105,Michele,Alboreto,24.0,16,6.4375,11.5,3,0,2,5.0,24.0,0.0,1989,117.0,0
1988,110,Andrea,de Cesaris,3.0,16,15.25,16.375,0,0,4,15.0,3.0,0.0,1989,117.0,0
1988,112,Philippe,Alliot,0.0,16,17.4375,15.1875,0,0,9,24.0,0.0,0.0,1989,117.0,0
1988,114,Yannick,Dalmas,0.0,14,18.714285714285715,15.071428571428571,0,0,7,18.0,0.0,0.0,1989,117.0,0
1988,117,Alain,Prost,105.0,16,2.5,3.5625,14,7,1,2.0,87.0,7.0,1989,117.0,1
1988,118,Derek,Warwick,17.0,16,10.4375,10.8125,0,0,4,8.0,17.0,0.0,1989,117.0,0
1988,119,Riccardo,Patrese,8.0,16,9.9375,13.4375,0,0,4,11.0,8.0,0.0,1989,117.0,0
1988,122,Ivan,Capelli,17.0,16,8.625,13.9375,2,0,2,7.0,17.0,0.0,1989,117.0,0
1988,123,Thierry,Boutsen,27.0,16,8.375,7.875,5,0,3,4.0,27.0,0.0,1989,117.0,0
1988,127,Maurício,Gugelmin,5.0,16,12.9375,13.0,0,0,4,13.0,5.0,0.0,1989,117.0,0
1988,131,Stefano,Modena,0.0,16,13.8125,20.6875,0,0,11,29.0,0.0,0.0,1989,117.0,0
1988,133,Alex,Caffi,0.0,16,15.75,18.125,0,0,7,19.0,0.0,0.0,1989,117.0,0
1988,137,Nelson,Piquet,22.0,16,7.0,11.9375,3,0,3,6.0,22.0,0.0,1989,117.0,0
1988,138,Satoru,Nakajima,1.0,16,9.75,15.4375,0,0,6,16.0,1.0,0.0,1989,117.0,0
1988,140,Stefan,Johansson,0.0,16,14.0625,21.375,0,0,9,25.0,0.0,0.0,1989,117.0,0
1988,141,Julian,Bailey,0.0,16,8.875,24.0,0,0,9,26.0,0.0,0.0,1989,117.0,0
1988,145,Alessandro,Nannini,12.0,16,7.3125,12.75,2,0,3,10.0,12.0,0.0,1989,117.0,0
1988,146,Bernd,Schneider,0.0,15,8.2,24.666666666666668,0,0,12,31.0,0.0,0.0,1989,117.0,0
1988,156,Jonathan,Palmer,5.0,16,17.125,16.625,0,0,5,14.0,5.0,0.0,1989,117.0,0
1988,158,Eddie,Cheever,6.0,16,13.0,13.375,1,0,3,12.0,6.0,0.0,1989,117.0,0
1988,159,Luis,Pérez-Sala,0.0,16,17.6875,16.125,0,0,8,22.0,0.0,0.0,1989,117.0,0
1988,160,Piercarlo,Ghinzani,0.0,16,11.0625,22.875,0,0,12,33.0,0.0,0.0,1989,117.0,0
1988,162,Pierre-Henri,Raphanel,0.0,1,0.0,29.0,0,0,29,36.0,0.0,0.0,1989,117.0,0
1988,163,René,Arnoux,0.0,16,18.375,19.75,0,0,10,28.0,0.0,0.0,1989,117.0,0
1988,165,Oscar,Larrauri,0.0,16,12.125,24.4375,0,0,13,32.0,0.0,0.0,1989,117.0,0
1988,166,Philippe,Streiff,0.0,16,16.5625,16.75,0,0,8,21.0,0.0,0.0,1989,117.0,0
1988,167,Adrián,Campos,0.0,5,9.0,24.6,0,0,16,34.0,0.0,0.0,1989,117.0,0
1988,168,Jean-Louis,Schlesser,0.0,1,22.0,11.0,0,0,11,30.0,0.0,0.0,1989,117.0,0
1989,55,Jean,Alesi,8.0,8,13.875,11.375,0,0,4,9.0,8.0,0.0,1990,102.0,0
1989,65,Johnny,Herbert,5.0,8,14.5,16.375,0,0,4,14.0,5.0,0.0,1990,102.0,0
1989,77,Gerhard,Berger,21.0,15,4.8,15.933333333333334,3,1,1,7.0,21.0,1.0,1990,102.0,0
1989,78,Nicola,Larini,0.0,16,7.5625,26.3125,0,0,12,33.0,0.0,0.0,1990,102.0,0
1989,84,Martin,Brundle,4.0,16,11.625,14.5625,0,0,5,20.0,4.0,0.0,1990,102.0,0
1989,88,Aguri,Suzuki,0.0,16,0.0,36.5625,0,0,34,44.0,0.0,0.0,1990,102.0,0
1989,90,Roberto,Moreno,0.0,16,5.5625,28.875,0,0,9,35.0,0.0,0.0,1990,102.0,0
1989,92,Bertrand,Gachot,0.0,14,7.0,26.357142857142858,0,0,12,32.0,0.0,0.0,1990,102.0,0
1989,94,Pierluigi,Martini,5.0,15,12.266666666666667,15.6,0,0,5,15.0,5.0,0.0,1990,102.0,0
1989,95,Nigel,Mansell,38.0,15,4.666666666666667,11.266666666666667,6,2,1,4.0,38.0,2.0,1990,102.0,0
1989,99,Gabriele,Tarquini,1.0,15,7.866666666666666,25.466666666666665,0,0,6,27.0,1.0,0.0,1990,102.0,0
1989,102,Ayrton,Senna,60.0,16,1.1875,9.25,7,6,1,2.0,60.0,6.0,1990,102.0,1
1989,103,Éric,Bernard,0.0,2,14.0,13.5,0,0,11,31.0,0.0,0.0,1990,102.0,0
1989,105,Michele,Alboreto,6.0,14,12.571428571428571,20.642857142857142,1,0,3,13.0,6.0,0.0,1990,102.0,0
1989,109,Jyrki,Järvilehto,0.0,4,8.5,24.75,0,0,10,36.0,0.0,0.0,1990,102.0,0
1989,110,Andrea,de Cesaris,4.0,16,14.5625,14.6875,1,0,3,17.0,4.0,0.0,1990,102.0,0
1989,112,Philippe,Alliot,1.0,16,12.625,18.625,0,0,6,29.0,1.0,0.0,1990,102.0,0
1989,114,Yannick,Dalmas,0.0,15,1.7333333333333334,32.2,0,0,26,40.0,0.0,0.0,1990,102.0,0
1989,117,Alain,Prost,81.0,16,2.5625,5.375,11,4,1,1.0,76.0,4.0,1990,102.0,0
1989,118,Derek,Warwick,7.0,15,14.133333333333333,13.0,0,0,5,10.0,7.0,0.0,1990,102.0,0
1989,119,Riccardo,Patrese,40.0,16,5.4375,9.25,6,0,2,3.0,40.0,0.0,1990,102.0,0
1989,122,Ivan,Capelli,0.0,16,15.4375,18.875,0,0,11,30.0,0.0,0.0,1990,102.0,0
1989,123,Thierry,Boutsen,37.0,16,7.25,10.25,5,2,1,5.0,37.0,2.0,1990,102.0,0
1989,127,Maurício,Gugelmin,4.0,16,15.125,15.0,1,0,3,16.0,4.0,0.0,1990,102.0,0
1989,129,Olivier,Grouillard,1.0,16,14.3125,18.4375,0,0,6,26.0,1.0,0.0,1990,102.0,0
1989,131,Stefano,Modena,4.0,16,10.625,16.4375,1,0,3,18.0,4.0,0.0,1990,102.0,0
1989,133,Alex,Caffi,4.0,16,11.6875,15.625,0,0,4,19.0,4.0,0.0,1990,102.0,0
1989,134,Enrico,Bertaggia,0.0,6,0.0,38.833333333333336,0,0,38,47.0,0.0,0.0,1990,102.0,0
1989,137,Nelson,Piquet,12.0,16,14.0625,12.4375,0,0,4,8.0,12.0,0.0,1990,102.0,0
1989,138,Satoru,Nakajima,3.0,16,15.8125,16.5625,0,0,4,21.0,3.0,0.0,1990,102.0,0
1989,139,Emanuele,Pirro,2.0,10,16.7,13.9,0,0,5,23.0,2.0,0.0,1990,102.0,0
1989,140,Stefan,Johansson,6.0,16,9.125,22.75,1,0,3,12.0,6.0,0.0,1990,102.0,0
1989,145,Alessandro,Nannini,32.0,16,8.8125,11.4375,4,1,1,6.0,32.0,1.0,1990,102.0,0
1989,146,Bernd,Schneider,0.0,15,3.066666666666667,33.4,0,0,17,38.0,0.0,0.0,1990,102.0,0
1989,147,Paolo,Barilla,0.0,1,19.0,26.0,0,0,26,41.0,0.0,0.0,1990,102.0,0
1989,148,Gregor,Foitek,0.0,12,0.0,33.833333333333336,0,0,29,42.0,0.0,0.0,1990,102.0,0
1989,151,Martin,Donnelly,0.0,1,14.0,12.0,0,0,12,34.0,0.0,0.0,1990,102.0,0
1989,156,Jonathan,Palmer,2.0,16,17.0,14.1875,0,0,6,25.0,2.0,0.0,1990,102.0,0
1989,157,Christian,Danner,3.0,13,6.846153846153846,23.0,0,0,4,22.0,3.0,0.0,1990,102.0,0
1989,158,Eddie,Cheever,6.0,16,19.125,13.1875,1,0,3,11.0,6.0,0.0,1990,102.0,0
1989,159,Luis,Pérez-Sala,1.0,16,15.0,18.3125,0,0,6,28.0,1.0,0.0,1990,102.0,0
1989,160,Piercarlo,Ghinzani,0.0,16,4.25,30.5625,0,0,13,37.0,0.0,0.0,1990,102.0,0
1989,161,Volker,Weidler,0.0,10,0.0,34.7,0,0,30,43.0,0.0,0.0,1990,102.0,0
1989,162,Pierre-Henri,Raphanel,0.0,16,1.125,32.9375,0,0,23,39.0,0.0,0.0,1990,102.0,0
1989,163,René,Arnoux,2.0,16,12.375,20.6875,0,0,5,24.0,2.0,0.0,1990,102.0,0
1989,164,Joachim,Winkelhock,0.0,7,0.0,36.57142857142857,0,0,35,46.0,0.0,0.0,1990,102.0,0
1989,165,Oscar,Larrauri,0.0,5,0.0,35.6,0,0,34,45.0,0.0,0.0,1990,102.0,0
1990,55,Jean,Alesi,13.0,16,6.625,13.0,2,0,2,9.0,13.0,0.0,1991,102.0,0
1990,65,Johnny,Herbert,0.0,2,15.0,14.5,0,0,12,35.0,0.0,0.0,1991,102.0,0
1990,77,Gerhard,Berger,43.0,16,2.6875,7.4375,7,0,2,4.0,43.0,0.0,1991,102.0,0
1990,78,Nicola,Larini,0.0,16,19.9375,13.0625,0,0,7,19.0,0.0,0.0,1991,102.0,0
1990,81,Gianni,Morbidelli,0.0,4,14.0,21.0,0,0,14,33.0,0.0,0.0,1991,102.0,0
1990,88,Aguri,Suzuki,6.0,16,15.25,15.6875,1,0,3,12.0,6.0,0.0,1991,102.0,0
1990,90,Roberto,Moreno,6.0,16,3.5,26.0,1,0,2,11.0,6.0,0.0,1991,102.0,0
1990,92,Bertrand,Gachot,0.0,16,0.0,32.0,0,0,30,37.0,0.0,0.0,1991,102.0,0
1990,94,Pierluigi,Martini,0.0,16,11.8125,17.3125,0,0,7,21.0,0.0,0.0,1991,102.0,0
1990,95,Nigel,Mansell,37.0,16,4.6875,10.1875,5,1,1,5.0,37.0,1.0,1991,102.0,0
1990,99,Gabriele,Tarquini,0.0,16,6.125,26.9375,0,0,13,32.0,0.0,0.0,1991,102.0,0
1990,101,David,Brabham,0.0,14,13.357142857142858,23.714285714285715,0,0,15,34.0,0.0,0.0,1991,102.0,0
1990,102,Ayrton,Senna,78.0,16,1.875,7.0625,11,6,1,1.0,78.0,6.0,1991,102.0,1
1990,103,Éric,Bernard,5.0,16,15.6875,14.0625,0,0,4,13.0,5.0,0.0,1991,102.0,0
1990,105,Michele,Alboreto,0.0,16,17.1875,17.375,0,0,9,24.0,0.0,0.0,1991,102.0,0
1990,109,Jyrki,Järvilehto,0.0,10,12.4,21.9,0,0,11,29.0,0.0,0.0,1991,102.0,0
1990,110,Andrea,de Cesaris,0.0,16,16.0,19.8125,0,0,10,27.0,0.0,0.0,1991,102.0,0
1990,112,Philippe,Alliot,0.0,16,16.1875,15.9375,0,0,9,23.0,0.0,0.0,1991,102.0,0
1990,114,Yannick,Dalmas,0.0,16,7.6875,26.1875,0,0,9,25.0,0.0,0.0,1991,102.0,0
1990,117,Alain,Prost,73.0,16,4.5,6.9375,9,5,1,2.0,71.0,5.0,1991,102.0,0
1990,118,Derek,Warwick,3.0,16,14.6875,13.375,0,0,5,14.0,3.0,0.0,1991,102.0,0
1990,119,Riccardo,Patrese,23.0,16,5.75,9.25,1,1,1,7.0,23.0,1.0,1991,102.0,0
1990,122,Ivan,Capelli,6.0,16,13.75,16.625,1,0,2,10.0,6.0,0.0,1991,102.0,0
1990,123,Thierry,Boutsen,34.0,16,5.625,10.375,3,1,1,6.0,34.0,1.0,1991,102.0,0
1990,127,Maurício,Gugelmin,1.0,16,10.9375,19.3125,0,0,6,18.0,1.0,0.0,1991,102.0,0
1990,129,Olivier,Grouillard,0.0,16,10.9375,22.0,0,0,13,31.0,0.0,0.0,1991,102.0,0
1990,131,Stefano,Modena,2.0,16,16.4375,16.6875,0,0,5,17.0,2.0,0.0,1991,102.0,0
1990,133,Alex,Caffi,2.0,14,16.857142857142858,14.642857142857142,0,0,5,16.0,2.0,0.0,1991,102.0,0
1990,137,Nelson,Piquet,44.0,16,8.125,6.9375,4,2,1,3.0,43.0,2.0,1991,102.0,0
1990,138,Satoru,Nakajima,3.0,16,13.25,17.0625,0,0,6,15.0,3.0,0.0,1991,102.0,0
1990,139,Emanuele,Pirro,0.0,14,17.928571428571427,20.285714285714285,0,0,10,26.0,0.0,0.0,1991,102.0,0
1990,140,Stefan,Johansson,0.0,2,0.0,27.5,0,0,27,36.0,0.0,0.0,1991,102.0,0
1990,145,Alessandro,Nannini,21.0,14,10.428571428571429,10.428571428571429,3,0,2,8.0,21.0,0.0,1991,102.0,0
1990,146,Bernd,Schneider,0.0,2,10.0,20.5,0,0,12,30.0,0.0,0.0,1991,102.0,0
1990,147,Paolo,Barilla,0.0,14,11.714285714285714,20.642857142857142,0,0,10,28.0,0.0,0.0,1991,102.0,0
1990,148,Gregor,Foitek,0.0,10,15.8,20.2,0,0,7,22.0,0.0,0.0,1991,102.0,0
1990,149,Claudio,Langes,0.0,14,0.0,33.0,0,0,32,38.0,0.0,0.0,1991,102.0,0
1990,150,Gary,Brabham,0.0,2,0.0,34.5,0,0,34,40.0,0.0,0.0,1991,102.0,0
1990,151,Martin,Donnelly,0.0,14,14.0,16.928571428571427,0,0,7,20.0,0.0,0.0,1991,102.0,0
1990,152,Bruno,Giacomelli,0.0,12,0.0,34.166666666666664,0,0,33,39.0,0.0,0.0,1991,102.0,0
1991,30,Michael,Schumacher,4.0,6,7.333333333333333,13.166666666666666,0,0,5,14.0,4.0,0.0,1992,95.0,0
1991,55,Jean,Alesi,21.0,16,6.1875,12.25,3,0,3,7.0,21.0,0.0,1992,95.0,0
1991,57,Mika,Häkkinen,2.0,16,21.6875,15.75,0,0,5,16.0,2.0,0.0,1992,95.0,0
1991,65,Johnny,Herbert,0.0,8,20.0,15.375,0,0,7,27.0,0.0,0.0,1992,95.0,0
1991,70,Alessandro,Zanardi,0.0,3,16.333333333333332,12.666666666666666,0,0,9,31.0,0.0,0.0,1992,95.0,0
1991,77,Gerhard,Berger,43.0,16,3.9375,11.5625,6,1,1,4.0,43.0,1.0,1992,95.0,0
1991,78,Nicola,Larini,0.0,16,6.6875,26.625,0,0,7,28.0,0.0,0.0,1992,95.0,0
1991,81,Gianni,Morbidelli,0.5,16,15.875,14.9375,0,0,6,24.0,0.5,0.0,1992,95.0,0
1991,84,Martin,Brundle,2.0,16,15.0,15.875,0,0,5,17.0,2.0,0.0,1992,95.0,0
1991,87,Mark,Blundell,1.0,16,15.0625,17.5,0,0,6,19.0,1.0,0.0,1992,95.0,0
1991,88,Aguri,Suzuki,1.0,16,16.0625,21.6875,0,0,6,22.0,1.0,0.0,1992,95.0,0
1991,90,Roberto,Moreno,8.0,14,10.857142857142858,12.428571428571429,0,0,4,10.0,8.0,0.0,1992,95.0,0
1991,91,Karl,Wendlinger,0.0,2,24.0,22.5,0,0,20,36.0,0.0,0.0,1992,95.0,0
1991,92,Bertrand,Gachot,4.0,11,14.272727272727273,13.0,0,0,5,13.0,4.0,0.0,1992,95.0,0
1991,94,Pierluigi,Martini,6.0,16,13.5625,13.8125,0,0,4,11.0,6.0,0.0,1992,95.0,0
1991,95,Nigel,Mansell,72.0,16,2.875,8.5,9,5,1,2.0,72.0,5.0,1992,95.0,1
1991,99,Gabriele,Tarquini,0.0,16,7.25,25.3125,0,0,8,30.0,0.0,0.0,1992,95.0,0
1991,100,Érik,Comas,0.0,16,18.5625,16.0,0,0,8,29.0,0.0,0.0,1992,95.0,0
1991,102,Ayrton,Senna,96.0,16,1.8125,3.375,12,7,1,1.0,96.0,7.0,1992,95.0,0
1991,103,Éric,Bernard,1.0,15,17.266666666666666,20.466666666666665,0,0,6,21.0,1.0,0.0,1992,95.0,0
1991,105,Michele,Alboreto,0.0,16,12.875,23.0625,0,0,13,35.0,0.0,0.0,1992,95.0,0
1991,109,Jyrki,Järvilehto,4.0,16,16.125,15.9375,1,0,3,12.0,4.0,0.0,1992,95.0,0
1991,110,Andrea,de Cesaris,9.0,16,11.5625,13.125,0,0,4,9.0,9.0,0.0,1992,95.0,0
1991,117,Alain,Prost,34.0,15,4.466666666666667,11.666666666666666,5,0,2,5.0,34.0,0.0,1992,95.0,0
1991,119,Riccardo,Patrese,53.0,16,3.5625,8.125,8,2,1,3.0,53.0,2.0,1992,95.0,0
1991,120,Fabrizio,Barbazza,0.0,12,0.0,30.333333333333332,0,0,27,38.0,0.0,0.0,1992,95.0,0
1991,122,Ivan,Capelli,1.0,14,14.357142857142858,18.214285714285715,0,0,6,20.0,1.0,0.0,1992,95.0,0
1991,123,Thierry,Boutsen,0.0,16,18.5625,14.875,0,0,7,26.0,0.0,0.0,1992,95.0,0
1991,127,Maurício,Gugelmin,0.0,16,14.625,15.125,0,0,7,25.0,0.0,0.0,1992,95.0,0
1991,128,Eric,van de Poele,0.0,16,1.3125,29.625,0,0,9,32.0,0.0,0.0,1992,95.0,0
1991,129,Olivier,Grouillard,0.0,14,6.5,27.214285714285715,0,0,10,34.0,0.0,0.0,1992,95.0,0
1991,131,Stefano,Modena,10.0,16,10.0,12.3125,1,0,2,8.0,10.0,0.0,1992,95.0,0
1991,133,Alex,Caffi,0.0,12,4.083333333333333,27.25,0,0,10,33.0,0.0,0.0,1992,95.0,0
1991,137,Nelson,Piquet,26.5,16,8.0,10.1875,3,1,1,6.0,26.5,1.0,1992,95.0,0
1991,138,Satoru,Nakajima,2.0,16,15.5625,16.875,0,0,5,15.0,2.0,0.0,1992,95.0,0
1991,139,Emanuele,Pirro,1.0,16,11.3125,17.3125,0,0,6,18.0,1.0,0.0,1992,95.0,0
1991,140,Stefan,Johansson,0.0,6,4.166666666666667,26.0,0,0,13,37.0,0.0,0.0,1992,95.0,0
1991,141,Julian,Bailey,1.0,4,6.5,23.25,0,0,6,23.0,1.0,0.0,1992,95.0,0
1991,142,Pedro,Chaves,0.0,13,0.0,33.61538461538461,0,0,32,41.0,0.0,0.0,1992,95.0,0
1991,143,Michael,Bartels,0.0,4,0.0,28.75,0,0,28,39.0,0.0,0.0,1992,95.0,0
1991,144,Naoki,Hattori,0.0,2,0.0,32.0,0,0,32,40.0,0.0,0.0,1992,95.0,0
1992,30,Michael,Schumacher,53.0,16,4.6875,7.25,8,1,1,3.0,53.0,1.0,1993,117.0,0
1992,55,Jean,Alesi,18.0,16,7.1875,13.1875,2,0,3,7.0,18.0,0.0,1993,117.0,0
1992,57,Mika,Häkkinen,11.0,16,12.5,12.25,0,0,4,8.0,11.0,0.0,1993,117.0,0
1992,65,Johnny,Herbert,2.0,16,13.0625,17.75,0,0,6,15.0,2.0,0.0,1993,117.0,0
1992,70,Alessandro,Zanardi,0.0,3,8.0,27.333333333333332,0,0,26,,,,1993,117.0,0
1992,71,Damon,Hill,0.0,8,6.375,25.5,0,0,11,30.0,0.0,0.0,1993,117.0,0
1992,77,Gerhard,Berger,49.0,16,4.5625,9.625,5,2,1,5.0,49.0,2.0,1993,117.0,0
1992,78,Nicola,Larini,0.0,2,15.0,11.5,0,0,11,29.0,0.0,0.0,1993,117.0,0
1992,79,Ukyo,Katayama,0.0,16,17.8125,17.0625,0,0,9,25.0,0.0,0.0,1993,117.0,0
1992,81,Gianni,Morbidelli,0.0,16,17.75,16.1875,0,0,7,22.0,0.0,0.0,1993,117.0,0
1992,84,Martin,Brundle,38.0,16,7.375,8.75,5,0,2,6.0,38.0,0.0,1993,117.0,0
1992,88,Aguri,Suzuki,0.0,16,15.1875,15.5625,0,0,7,20.0,0.0,0.0,1993,117.0,0
1992,90,Roberto,Moreno,0.0,8,3.25,29.0,0,0,19,,,,1993,117.0,0
1992,91,Karl,Wendlinger,3.0,14,15.428571428571429,16.0,0,0,4,12.0,3.0,0.0,1993,117.0,0
1992,92,Bertrand,Gachot,1.0,16,17.25,18.6875,0,0,6,19.0,1.0,0.0,1993,117.0,0
1992,94,Pierluigi,Martini,2.0,16,18.0625,14.875,0,0,6,16.0,2.0,0.0,1993,117.0,0
1992,95,Nigel,Mansell,108.0,16,1.1875,5.4375,12,9,1,1.0,108.0,9.0,1993,117.0,0
1992,99,Gabriele,Tarquini,0.0,13,17.76923076923077,19.0,0,0,11,32.0,0.0,0.0,1993,117.0,0
1992,100,Érik,Comas,4.0,16,12.875,13.6875,0,0,5,11.0,4.0,0.0,1993,117.0,0
1992,102,Ayrton,Senna,50.0,16,2.8125,11.1875,7,3,1,4.0,50.0,3.0,1993,117.0,0
1992,104,Christian,Fittipaldi,1.0,13,15.461538461538462,17.0,0,0,6,18.0,1.0,0.0,1993,117.0,0
1992,105,Michele,Alboreto,6.0,16,14.4375,9.8125,0,0,5,10.0,6.0,0.0,1993,117.0,0
1992,108,Paul,Belmondo,0.0,11,9.636363636363637,20.818181818181817,0,0,9,26.0,0.0,0.0,1993,117.0,0
1992,109,Jyrki,Järvilehto,0.0,16,16.875,12.0,0,0,7,21.0,0.0,0.0,1993,117.0,0
1992,110,Andrea,de Cesaris,8.0,16,13.8125,13.5,0,0,4,9.0,8.0,0.0,1993,117.0,0
1992,119,Riccardo,Patrese,56.0,16,2.5,7.5,9,1,1,2.0,56.0,1.0,1993,117.0,0
1992,122,Ivan,Capelli,3.0,14,10.642857142857142,16.785714285714285,0,0,5,13.0,3.0,0.0,1993,117.0,0
1992,123,Thierry,Boutsen,2.0,16,13.0625,14.5625,0,0,5,14.0,2.0,0.0,1993,117.0,0
1992,125,Emanuele,Naspetti,0.0,5,23.4,14.0,0,0,11,28.0,0.0,0.0,1993,117.0,0
1992,127,Maurício,Gugelmin,0.0,16,20.5625,17.875,0,0,7,23.0,0.0,0.0,1993,117.0,0
1992,128,Eric,van de Poele,0.0,13,6.461538461538462,25.307692307692307,0,0,10,27.0,0.0,0.0,1993,117.0,0
1992,129,Olivier,Grouillard,0.0,16,18.5625,17.9375,0,0,8,24.0,0.0,0.0,1993,117.0,0
1992,130,Andrea,Chiesa,0.0,10,6.9,26.2,0,0,16,,,,1993,117.0,0
1992,131,Stefano,Modena,1.0,16,14.25,20.0625,0,0,6,17.0,1.0,0.0,1993,117.0,0
1992,132,Giovanna,Amati,0.0,3,0.0,30.0,0,0,30,,,,1993,117.0,0
1992,135,Perry,McCarthy,0.0,7,0.0,31.428571428571427,0,0,29,,,,1993,117.0,0
1992,136,Jan,Lammers,0.0,2,24.0,16.0,0,0,12,31.0,0.0,0.0,1993,117.0,0
1993,22,Rubens,Barrichello,2.0,16,14.1875,15.5625,0,0,5,18.0,2.0,0.0,1994,30.0,0
1993,30,Michael,Schumacher,52.0,16,3.75,9.1875,9,1,1,4.0,52.0,1.0,1994,30.0,1
1993,55,Jean,Alesi,16.0,16,7.5,13.0625,2,0,2,6.0,16.0,0.0,1994,30.0,0
1993,56,Eddie,Irvine,1.0,2,13.5,13.5,0,0,6,22.0,1.0,0.0,1994,30.0,0
1993,57,Mika,Häkkinen,4.0,3,3.6666666666666665,14.333333333333334,1,0,3,15.0,4.0,0.0,1994,30.0,0
1993,65,Johnny,Herbert,11.0,16,14.0625,13.0,0,0,4,9.0,11.0,0.0,1994,30.0,0
1993,69,Luca,Badoer,0.0,14,20.785714285714285,17.071428571428573,0,0,7,25.0,0.0,0.0,1994,30.0,0
1993,70,Alessandro,Zanardi,1.0,12,17.75,15.166666666666666,0,0,6,20.0,1.0,0.0,1994,30.0,0
1993,71,Damon,Hill,69.0,16,2.4375,7.0625,10,3,1,3.0,69.0,3.0,1994,30.0,0
1993,77,Gerhard,Berger,12.0,16,9.375,13.125,1,0,3,8.0,12.0,0.0,1994,30.0,0
1993,79,Ukyo,Katayama,0.0,16,21.4375,19.0,0,0,10,28.0,0.0,0.0,1994,30.0,0
1993,83,Pedro,Lamy,0.0,4,21.75,16.25,0,0,11,30.0,0.0,0.0,1994,30.0,0
1993,84,Martin,Brundle,13.0,16,11.4375,10.75,1,0,3,7.0,13.0,0.0,1994,30.0,0
1993,87,Mark,Blundell,10.0,16,11.8125,12.9375,2,0,3,10.0,10.0,0.0,1994,30.0,0
1993,88,Aguri,Suzuki,0.0,16,14.125,16.6875,0,0,7,24.0,0.0,0.0,1994,30.0,0
1993,91,Karl,Wendlinger,7.0,16,11.125,13.4375,0,0,4,12.0,7.0,0.0,1994,30.0,0
1993,94,Pierluigi,Martini,0.0,8,18.625,14.5,0,0,7,23.0,0.0,0.0,1994,30.0,0
1993,100,Érik,Comas,1.0,16,16.875,14.3125,0,0,6,21.0,1.0,0.0,1994,30.0,0
1993,102,Ayrton,Senna,73.0,16,3.75,7.8125,7,5,1,2.0,73.0,5.0,1994,30.0,0
1993,104,Christian,Fittipaldi,5.0,14,19.428571428571427,10.928571428571429,0,0,4,14.0,5.0,0.0,1994,30.0,0
1993,105,Michele,Alboreto,0.0,14,15.428571428571429,18.928571428571427,0,0,9,29.0,0.0,0.0,1994,30.0,0
1993,109,Jyrki,Järvilehto,5.0,16,11.9375,14.0,0,0,4,13.0,5.0,0.0,1994,30.0,0
1993,110,Andrea,de Cesaris,0.0,16,20.1875,16.875,0,0,10,27.0,0.0,0.0,1994,30.0,0
1993,111,Jean-Marc,Gounon,0.0,2,17.5,17.5,0,0,17,,,,1994,30.0,0
1993,112,Philippe,Alliot,2.0,14,16.0,12.571428571428571,0,0,5,17.0,2.0,0.0,1994,30.0,0
1993,117,Alain,Prost,99.0,16,1.1875,3.9375,12,7,1,1.0,99.0,7.0,1994,30.0,0
1993,118,Derek,Warwick,4.0,16,13.0625,13.1875,0,0,4,16.0,4.0,0.0,1994,30.0,0
1993,119,Riccardo,Patrese,20.0,16,7.625,10.6875,2,0,2,5.0,20.0,0.0,1994,30.0,0
1993,120,Fabrizio,Barbazza,2.0,8,23.75,16.375,0,0,6,19.0,2.0,0.0,1994,30.0,0
1993,121,Michael,Andretti,7.0,13,9.76923076923077,15.461538461538462,1,0,3,11.0,7.0,0.0,1994,30.0,0
1993,122,Ivan,Capelli,0.0,2,22.0,25.0,0,0,24,,,,1994,30.0,0
1993,123,Thierry,Boutsen,0.0,10,21.7,15.9,0,0,9,26.0,0.0,0.0,1994,30.0,0
1993,124,Marco,Apicella,0.0,1,23.0,26.0,0,0,26,,,,1994,30.0,0
1993,125,Emanuele,Naspetti,0.0,1,23.0,26.0,0,0,26,,,,1994,30.0,0
1993,126,Toshio,Suzuki,0.0,2,23.5,13.0,0,0,12,31.0,0.0,0.0,1994,30.0,0
1994,14,David,Coulthard,14.0,8,5.625,8.375,1,0,2,8.0,14.0,0.0,1995,30.0,0
1994,22,Rubens,Barrichello,19.0,16,7.9375,12.5625,1,0,3,6.0,19.0,0.0,1995,30.0,0
1994,30,Michael,Schumacher,92.0,14,1.7857142857142858,5.285714285714286,10,8,1,1.0,92.0,8.0,1995,30.0,1
1994,44,Olivier,Panis,9.0,16,15.4375,9.9375,1,0,2,11.0,9.0,0.0,1995,30.0,0
1994,49,Heinz-Harald,Frentzen,7.0,16,8.1875,14.6875,0,0,4,13.0,7.0,0.0,1995,30.0,0
1994,50,Jos,Verstappen,10.0,10,10.6,13.7,2,0,3,10.0,10.0,0.0,1995,30.0,0
1994,55,Jean,Alesi,24.0,14,5.785714285714286,10.857142857142858,4,0,2,5.0,24.0,0.0,1995,30.0,0
1994,56,Eddie,Irvine,6.0,13,9.23076923076923,15.923076923076923,0,0,4,16.0,6.0,0.0,1995,30.0,0
1994,57,Mika,Häkkinen,26.0,15,6.266666666666667,10.666666666666666,6,0,2,4.0,26.0,0.0,1995,30.0,0
1994,63,Mika,Salo,0.0,2,23.5,13.0,0,0,10,32.0,0.0,0.0,1995,30.0,0
1994,65,Johnny,Herbert,0.0,16,16.3125,13.6875,0,0,7,26.0,0.0,0.0,1995,30.0,0
1994,70,Alessandro,Zanardi,0.0,10,19.6,18.4,0,0,9,30.0,0.0,0.0,1995,30.0,0
1994,71,Damon,Hill,91.0,16,2.6875,5.5625,11,6,1,2.0,91.0,6.0,1995,30.0,0
1994,77,Gerhard,Berger,41.0,16,5.8125,11.4375,6,1,1,3.0,41.0,1.0,1995,30.0,0
1994,78,Nicola,Larini,6.0,2,6.5,13.5,1,0,2,14.0,6.0,0.0,1995,30.0,0
1994,79,Ukyo,Katayama,5.0,16,11.25,16.1875,0,0,5,17.0,5.0,0.0,1995,30.0,0
1994,81,Gianni,Morbidelli,3.0,16,14.0,17.1875,0,0,5,22.0,3.0,0.0,1995,30.0,0
1994,83,Pedro,Lamy,0.0,4,22.25,13.5,0,0,8,28.0,0.0,0.0,1995,30.0,0
1994,84,Martin,Brundle,16.0,16,10.8125,13.125,2,0,2,7.0,16.0,0.0,1995,30.0,0
1994,85,Andrea,Montermini,0.0,1,0.0,27.0,0,0,27,46.0,0.0,0.0,1995,30.0,0
1994,87,Mark,Blundell,8.0,16,12.5625,13.375,1,0,3,12.0,8.0,0.0,1995,30.0,0
1994,88,Aguri,Suzuki,0.0,1,20.0,19.0,0,0,19,42.0,0.0,0.0,1995,30.0,0
1994,89,Taki,Inoue,0.0,1,26.0,24.0,0,0,24,45.0,0.0,0.0,1995,30.0,0
1994,91,Karl,Wendlinger,4.0,4,9.0,12.25,0,0,4,19.0,4.0,0.0,1995,30.0,0
1994,92,Bertrand,Gachot,0.0,16,7.75,24.6875,0,0,14,40.0,0.0,0.0,1995,30.0,0
1994,93,Domenico,Schiattarella,0.0,2,26.0,20.0,0,0,19,37.0,0.0,0.0,1995,30.0,0
1994,94,Pierluigi,Martini,4.0,16,15.625,13.4375,0,0,5,21.0,4.0,0.0,1995,30.0,0
1994,95,Nigel,Mansell,13.0,4,2.5,9.75,1,1,1,9.0,13.0,1.0,1995,30.0,0
1994,98,Jean-Denis,Délétraz,0.0,1,25.0,15.0,0,0,15,41.0,0.0,0.0,1995,30.0,0
1994,100,Érik,Comas,2.0,15,19.666666666666668,15.066666666666666,0,0,6,23.0,2.0,0.0,1995,30.0,0
1994,101,David,Brabham,0.0,16,24.1875,15.625,0,0,10,31.0,0.0,0.0,1995,30.0,0
1994,102,Ayrton,Senna,0.0,3,1.0,19.666666666666668,0,0,13,38.0,0.0,0.0,1995,30.0,0
1994,103,Éric,Bernard,4.0,14,18.642857142857142,11.928571428571429,1,0,3,18.0,4.0,0.0,1995,30.0,0
1994,104,Christian,Fittipaldi,6.0,16,16.25,11.6875,0,0,4,15.0,6.0,0.0,1995,30.0,0
1994,105,Michele,Alboreto,1.0,16,18.3125,15.9375,0,0,6,25.0,1.0,0.0,1995,30.0,0
1994,106,Olivier,Beretta,0.0,10,22.2,16.7,0,0,7,27.0,0.0,0.0,1995,30.0,0
1994,107,Roland,Ratzenberger,0.0,3,17.666666666666668,21.333333333333332,0,0,11,34.0,0.0,0.0,1995,30.0,0
1994,108,Paul,Belmondo,0.0,16,4.875,26.75,0,0,13,39.0,0.0,0.0,1995,30.0,0
1994,109,Jyrki,Järvilehto,1.0,8,14.0,14.0,0,0,6,24.0,1.0,0.0,1995,30.0,0
1994,110,Andrea,de Cesaris,4.0,11,15.545454545454545,17.363636363636363,0,0,4,20.0,4.0,0.0,1995,30.0,0
1994,111,Jean-Marc,Gounon,0.0,7,25.714285714285715,14.714285714285714,0,0,9,29.0,0.0,0.0,1995,30.0,0
1994,112,Philippe,Alliot,0.0,2,16.5,22.5,0,0,22,43.0,0.0,0.0,1995,30.0,0
1994,113,Philippe,Adams,0.0,2,25.5,18.5,0,0,16,36.0,0.0,0.0,1995,30.0,0
1994,114,Yannick,Dalmas,0.0,2,23.0,17.5,0,0,14,35.0,0.0,0.0,1995,30.0,0
1994,115,Hideki,Noda,0.0,3,23.333333333333332,24.666666666666668,0,0,23,44.0,0.0,0.0,1995,30.0,0
1994,116,Franck,Lagorce,0.0,2,20.0,15.0,0,0,11,33.0,0.0,0.0,1995,30.0,0
1995,14,David,Coulthard,49.0,17,2.6470588235294117,10.352941176470589,8,1,1,3.0,49.0,1.0,1996,71.0,0
1995,22,Rubens,Barrichello,11.0,17,9.529411764705882,12.117647058823529,1,0,2,11.0,11.0,0.0,1996,71.0,0
1995,30,Michael,Schumacher,102.0,17,2.9411764705882355,5.9411764705882355,11,9,1,1.0,102.0,9.0,1996,71.0,0
1995,44,Olivier,Panis,16.0,17,11.647058823529411,10.764705882352942,1,0,2,8.0,16.0,0.0,1996,71.0,0
1995,49,Heinz-Harald,Frentzen,15.0,17,10.352941176470589,9.411764705882353,1,0,3,9.0,15.0,0.0,1996,71.0,0
1995,50,Jos,Verstappen,0.0,5,18.8,19.8,0,0,12,31.0,0.0,0.0,1996,71.0,0
1995,55,Jean,Alesi,42.0,17,5.0588235294117645,10.0,5,1,1,5.0,42.0,1.0,1996,71.0,0
1995,56,Eddie,Irvine,10.0,17,7.588235294117647,12.294117647058824,1,0,3,12.0,10.0,0.0,1996,71.0,0
1995,57,Mika,Häkkinen,17.0,16,7.9375,14.8125,2,0,2,7.0,17.0,0.0,1996,71.0,0
1995,63,Mika,Salo,5.0,17,14.352941176470589,11.235294117647058,0,0,5,15.0,5.0,0.0,1996,71.0,0
1995,64,Pedro,Diniz,0.0,17,22.823529411764707,15.705882352941176,0,0,7,21.0,0.0,0.0,1996,71.0,0
1995,65,Johnny,Herbert,45.0,17,7.352941176470588,7.411764705882353,4,2,1,4.0,45.0,2.0,1996,71.0,0
1995,69,Luca,Badoer,0.0,17,17.11764705882353,14.235294117647058,0,0,8,23.0,0.0,0.0,1996,71.0,0
1995,71,Damon,Hill,69.0,17,2.4705882352941178,7.823529411764706,9,4,1,2.0,69.0,4.0,1996,71.0,1
1995,76,Jan,Magnussen,0.0,1,12.0,10.0,0,0,10,29.0,0.0,0.0,1996,71.0,0
1995,77,Gerhard,Berger,31.0,17,4.176470588235294,9.235294117647058,6,0,3,6.0,31.0,0.0,1996,71.0,0
1995,79,Ukyo,Katayama,0.0,16,15.625,16.0,0,0,7,20.0,0.0,0.0,1996,71.0,0
1995,81,Gianni,Morbidelli,5.0,10,13.8,12.4,1,0,3,14.0,5.0,0.0,1996,71.0,0
1995,83,Pedro,Lamy,1.0,8,16.375,12.75,0,0,6,18.0,1.0,0.0,1996,71.0,0
1995,84,Martin,Brundle,7.0,11,10.636363636363637,11.545454545454545,1,0,3,13.0,7.0,0.0,1996,71.0,0
1995,85,Andrea,Montermini,0.0,17,22.0,18.529411764705884,0,0,8,25.0,0.0,0.0,1996,71.0,0
1995,86,Giovanni,Lavaggi,0.0,4,23.75,18.25,0,0,13,,,,1996,71.0,0
1995,87,Mark,Blundell,13.0,15,11.333333333333334,10.333333333333334,0,0,4,10.0,13.0,0.0,1996,71.0,0
1995,88,Aguri,Suzuki,1.0,6,13.5,14.0,0,0,6,17.0,1.0,0.0,1996,71.0,0
1995,89,Taki,Inoue,0.0,17,20.058823529411764,17.352941176470587,0,0,8,24.0,0.0,0.0,1996,71.0,0
1995,90,Roberto,Moreno,0.0,17,22.705882352941178,17.235294117647058,0,0,11,32.0,0.0,0.0,1996,71.0,0
1995,91,Karl,Wendlinger,0.0,6,19.0,16.833333333333332,0,0,10,28.0,0.0,0.0,1996,71.0,0
1995,92,Bertrand,Gachot,0.0,11,22.0,17.818181818181817,0,0,8,26.0,0.0,0.0,1996,71.0,0
1995,93,Domenico,Schiattarella,0.0,5,22.2,18.4,0,0,9,27.0,0.0,0.0,1996,71.0,0
1995,94,Pierluigi,Martini,0.0,9,17.77777777777778,14.555555555555555,0,0,7,19.0,0.0,0.0,1996,71.0,0
1995,95,Nigel,Mansell,0.0,2,9.5,17.0,0,0,10,30.0,0.0,0.0,1996,71.0,0
1995,96,Jean-Christophe,Boullion,3.0,11,15.545454545454545,12.727272727272727,0,0,5,16.0,3.0,0.0,1996,71.0,0
1995,97,Massimiliano,Papis,0.0,7,17.714285714285715,17.285714285714285,0,0,7,22.0,0.0,0.0,1996,71.0,0
1995,98,Jean-Denis,Délétraz,0.0,2,24.0,17.5,0,0,15,34.0,0.0,0.0,1996,71.0,0
1995,99,Gabriele,Tarquini,0.0,1,19.0,14.0,0,0,14,33.0,0.0,0.0,1996,71.0,0
1996,14,David,Coulthard,18.0,16,8.25,10.1875,2,0,2,7.0,18.0,0.0,1997,35.0,0
1996,21,Giancarlo,Fisichella,0.0,8,17.625,15.25,0,0,8,19.0,0.0,0.0,1997,35.0,0
1996,22,Rubens,Barrichello,14.0,16,8.0625,9.8125,0,0,4,8.0,14.0,0.0,1997,35.0,0
1996,30,Michael,Schumacher,59.0,16,2.625,7.75,8,3,1,3.0,59.0,3.0,1997,35.0,0
1996,35,Jacques,Villeneuve,78.0,16,3.0625,4.9375,11,4,1,2.0,78.0,4.0,1997,35.0,1
1996,44,Olivier,Panis,13.0,16,12.4375,10.5,1,1,1,9.0,13.0,1.0,1997,35.0,0
1996,49,Heinz-Harald,Frentzen,7.0,16,10.5625,11.625,0,0,4,12.0,7.0,0.0,1997,35.0,0
1996,50,Jos,Verstappen,1.0,16,14.0625,15.0625,0,0,6,16.0,1.0,0.0,1997,35.0,0
1996,55,Jean,Alesi,47.0,16,4.875,7.0,8,0,2,4.0,47.0,0.0,1997,35.0,0
1996,56,Eddie,Irvine,11.0,16,7.875,12.0,1,0,3,10.0,11.0,0.0,1997,35.0,0
1996,57,Mika,Häkkinen,31.0,16,6.625,7.4375,4,0,3,5.0,31.0,0.0,1997,35.0,0
1996,58,Tarso,Marques,0.0,2,17.5,19.0,0,0,16,,,,1997,35.0,0
1996,63,Mika,Salo,5.0,16,13.25,11.625,0,0,5,13.0,5.0,0.0,1997,35.0,0
1996,64,Pedro,Diniz,2.0,16,16.4375,13.25,0,0,6,15.0,2.0,0.0,1997,35.0,0
1996,65,Johnny,Herbert,4.0,16,12.9375,11.6875,1,0,3,14.0,4.0,0.0,1997,35.0,0
1996,69,Luca,Badoer,0.0,10,20.8,16.4,0,0,10,21.0,0.0,0.0,1997,35.0,0
1996,71,Damon,Hill,97.0,16,1.4375,4.75,10,8,1,1.0,97.0,8.0,1997,35.0,0
1996,73,Ricardo,Rosset,0.0,16,19.0625,13.9375,0,0,8,18.0,0.0,0.0,1997,35.0,0
1996,77,Gerhard,Berger,21.0,16,5.75,8.875,2,0,2,6.0,21.0,0.0,1997,35.0,0
1996,79,Ukyo,Katayama,0.0,16,15.0625,13.75,0,0,7,17.0,0.0,0.0,1997,35.0,0
1996,83,Pedro,Lamy,0.0,16,18.4375,13.125,0,0,9,20.0,0.0,0.0,1997,35.0,0
1996,84,Martin,Brundle,8.0,16,11.125,10.625,0,0,4,11.0,8.0,0.0,1997,35.0,0
1996,85,Andrea,Montermini,0.0,10,21.5,19.7,0,0,10,23.0,0.0,0.0,1997,35.0,0
1996,86,Giovanni,Lavaggi,0.0,6,13.333333333333334,17.0,0,0,10,22.0,0.0,0.0,1997,35.0,0
1997,14,David,Coulthard,36.0,17,7.588235294117647,10.058823529411764,4,2,1,3.0,36.0,2.0,1998,57.0,0
1997,15,Jarno,Trulli,3.0,14,14.5,12.142857142857142,0,0,4,15.0,3.0,0.0,1998,57.0,0
1997,21,Giancarlo,Fisichella,20.0,17,8.294117647058824,9.176470588235293,2,0,2,8.0,20.0,0.0,1998,57.0,0
1997,22,Rubens,Barrichello,6.0,17,11.117647058823529,15.764705882352942,1,0,2,13.0,6.0,0.0,1998,57.0,0
1997,23,Ralf,Schumacher,13.0,17,8.588235294117647,12.823529411764707,1,0,3,11.0,13.0,0.0,1998,57.0,0
1997,25,Alexander,Wurz,4.0,3,8.666666666666666,10.333333333333334,1,0,3,14.0,4.0,0.0,1998,57.0,0
1997,30,Michael,Schumacher,78.0,17,3.6470588235294117,6.529411764705882,8,5,1,26.0,78.0,5.0,1998,57.0,0
1997,35,Jacques,Villeneuve,81.0,17,2.1176470588235294,6.9411764705882355,8,7,1,1.0,81.0,7.0,1998,57.0,0
1997,44,Olivier,Panis,16.0,10,8.5,8.2,2,0,2,9.0,16.0,0.0,1998,57.0,0
1997,49,Heinz-Harald,Frentzen,42.0,17,3.588235294117647,8.352941176470589,7,1,1,2.0,42.0,1.0,1998,57.0,0
1997,50,Jos,Verstappen,0.0,17,19.705882352941178,13.882352941176471,0,0,8,21.0,0.0,0.0,1998,57.0,0
1997,55,Jean,Alesi,36.0,17,8.176470588235293,7.352941176470588,5,0,2,4.0,36.0,0.0,1998,57.0,0
1997,56,Eddie,Irvine,24.0,17,9.352941176470589,10.941176470588236,5,0,2,7.0,24.0,0.0,1998,57.0,0
1997,57,Mika,Häkkinen,27.0,17,5.823529411764706,10.705882352941176,3,1,1,6.0,27.0,1.0,1998,57.0,1
1997,58,Tarso,Marques,0.0,10,18.8,17.1,0,0,10,25.0,0.0,0.0,1998,57.0,0
1997,63,Mika,Salo,2.0,17,18.941176470588236,12.823529411764707,0,0,5,17.0,2.0,0.0,1998,57.0,0
1997,64,Pedro,Diniz,2.0,17,16.705882352941178,14.764705882352942,0,0,5,16.0,2.0,0.0,1998,57.0,0
1997,65,Johnny,Herbert,15.0,17,10.882352941176471,10.0,1,0,3,10.0,15.0,0.0,1998,57.0,0
1997,71,Damon,Hill,7.0,17,12.294117647058824,13.294117647058824,1,0,2,12.0,7.0,0.0,1998,57.0,0
1997,73,Ricardo,Rosset,0.0,1,24.0,24.0,0,0,24,,,,1998,57.0,0
1997,75,Shinji,Nakano,2.0,17,16.41176470588235,13.529411764705882,0,0,6,18.0,2.0,0.0,1998,57.0,0
1997,76,Jan,Magnussen,0.0,17,15.823529411764707,15.764705882352942,0,0,7,20.0,0.0,0.0,1998,57.0,0
1997,77,Gerhard,Berger,27.0,14,9.071428571428571,7.071428571428571,2,1,1,5.0,27.0,1.0,1998,57.0,0
1997,78,Nicola,Larini,1.0,5,13.8,9.6,0,0,6,19.0,1.0,0.0,1998,57.0,0
1997,79,Ukyo,Katayama,0.0,17,20.0,15.882352941176471,0,0,10,24.0,0.0,0.0,1998,57.0,0
1997,80,Vincenzo,Sospiri,0.0,1,23.0,23.0,0,0,23,,,,1998,57.0,0
1997,81,Gianni,Morbidelli,0.0,8,13.625,13.25,0,0,9,22.0,0.0,0.0,1998,57.0,0
1997,82,Norberto,Fontana,0.0,4,17.5,12.0,0,0,9,23.0,0.0,0.0,1998,57.0,0
1998,14,David,Coulthard,56.0,16,3.125,6.5,9,1,1,3.0,56.0,1.0,1999,57.0,0
1998,15,Jarno,Trulli,1.0,16,13.875,14.1875,0,0,6,16.0,1.0,0.0,1999,57.0,0
1998,21,Giancarlo,Fisichella,16.0,16,7.0625,8.6875,2,0,2,9.0,16.0,0.0,1999,57.0,0
1998,22,Rubens,Barrichello,4.0,16,13.25,14.4375,0,0,5,12.0,4.0,0.0,1999,57.0,0
1998,23,Ralf,Schumacher,14.0,16,8.75,12.3125,2,0,2,10.0,14.0,0.0,1999,57.0,0
1998,25,Alexander,Wurz,17.0,16,8.75,9.5625,0,0,4,8.0,17.0,0.0,1999,57.0,0
1998,30,Michael,Schumacher,86.0,16,3.0625,4.6875,11,6,1,2.0,86.0,6.0,1999,57.0,0
1998,35,Jacques,Villeneuve,21.0,16,6.6875,7.4375,2,0,3,5.0,21.0,0.0,1999,57.0,0
1998,44,Olivier,Panis,0.0,16,14.875,14.0,0,0,9,22.0,0.0,0.0,1999,57.0,0
1998,49,Heinz-Harald,Frentzen,17.0,16,7.4375,9.5,1,0,3,7.0,17.0,0.0,1999,57.0,0
1998,50,Jos,Verstappen,0.0,9,16.555555555555557,14.666666666666666,0,0,12,23.0,0.0,0.0,1999,57.0,0
1998,55,Jean,Alesi,9.0,16,10.5,9.25,1,0,3,11.0,9.0,0.0,1999,57.0,0
1998,56,Eddie,Irvine,47.0,16,5.4375,6.125,8,0,2,4.0,47.0,0.0,1999,57.0,0
1998,57,Mika,Häkkinen,100.0,16,1.6875,4.75,11,8,1,1.0,100.0,8.0,1999,57.0,1
1998,63,Mika,Salo,3.0,16,15.125,16.1875,0,0,4,13.0,3.0,0.0,1999,57.0,0
1998,64,Pedro,Diniz,3.0,16,16.6875,15.9375,0,0,5,14.0,3.0,0.0,1999,57.0,0
1998,65,Johnny,Herbert,1.0,16,11.75,13.4375,0,0,6,15.0,1.0,0.0,1999,57.0,0
1998,68,Toranosuke,Takagi,0.0,16,17.4375,15.0,0,0,9,21.0,0.0,0.0,1999,57.0,0
1998,71,Damon,Hill,20.0,16,8.9375,9.5625,1,1,1,6.0,20.0,1.0,1999,57.0,0
1998,73,Ricardo,Rosset,0.0,13,17.307692307692307,16.23076923076923,0,0,8,20.0,0.0,0.0,1999,57.0,0
1998,74,Esteban,Tuero,0.0,16,20.1875,15.4375,0,0,8,19.0,0.0,0.0,1999,57.0,0
1998,75,Shinji,Nakano,0.0,16,19.9375,13.75,0,0,7,18.0,0.0,0.0,1999,57.0,0
1998,76,Jan,Magnussen,1.0,7,18.714285714285715,15.285714285714286,0,0,6,17.0,1.0,0.0,1999,57.0,0
1999,14,David,Coulthard,48.0,16,2.75,9.0625,6,2,1,4.0,48.0,2.0,2000,30.0,0
1999,15,Jarno,Trulli,7.0,16,10.6875,13.1875,1,0,2,11.0,7.0,0.0,2000,30.0,0
1999,21,Giancarlo,Fisichella,13.0,16,10.5,11.1875,1,0,2,9.0,13.0,0.0,2000,30.0,0
1999,22,Rubens,Barrichello,21.0,16,6.5625,9.5,3,0,3,7.0,21.0,0.0,2000,30.0,0
1999,23,Ralf,Schumacher,35.0,16,9.8125,7.375,3,0,2,6.0,35.0,0.0,2000,30.0,0
1999,25,Alexander,Wurz,3.0,16,12.375,12.0625,0,0,5,13.0,3.0,0.0,2000,30.0,0
1999,30,Michael,Schumacher,44.0,10,2.7,6.1,6,2,1,5.0,44.0,2.0,2000,30.0,1
1999,35,Jacques,Villeneuve,0.0,16,11.125,15.1875,0,0,8,21.0,0.0,0.0,2000,30.0,0
1999,37,Pedro,de la Rosa,1.0,16,20.0625,14.25,0,0,6,18.0,1.0,0.0,2000,30.0,0
1999,41,Ricardo,Zonta,0.0,13,14.76923076923077,14.923076923076923,0,0,8,22.0,0.0,0.0,2000,30.0,0
1999,44,Olivier,Panis,2.0,16,12.375,12.25,0,0,6,16.0,2.0,0.0,2000,30.0,0
1999,48,Marc,Gené,1.0,16,20.5,13.75,0,0,6,17.0,1.0,0.0,2000,30.0,0
1999,49,Heinz-Harald,Frentzen,54.0,16,5.3125,6.25,6,2,1,3.0,54.0,2.0,2000,30.0,0
1999,55,Jean,Alesi,2.0,16,12.5625,13.375,0,0,6,15.0,2.0,0.0,2000,30.0,0
1999,56,Eddie,Irvine,74.0,16,5.375,3.9375,9,4,1,2.0,74.0,4.0,2000,30.0,0
1999,57,Mika,Häkkinen,76.0,16,2.25,6.4375,10,5,1,1.0,76.0,5.0,2000,30.0,0
1999,63,Mika,Salo,10.0,9,11.444444444444445,8.555555555555555,2,0,2,10.0,10.0,0.0,2000,30.0,0
1999,64,Pedro,Diniz,3.0,16,14.8125,14.5625,0,0,6,14.0,3.0,0.0,2000,30.0,0
1999,65,Johnny,Herbert,15.0,16,11.0625,12.75,1,1,1,8.0,15.0,1.0,2000,30.0,0
1999,68,Toranosuke,Takagi,0.0,16,20.0625,15.625,0,0,7,20.0,0.0,0.0,2000,30.0,0
1999,69,Luca,Badoer,0.0,15,20.333333333333332,13.8,0,0,8,23.0,0.0,0.0,2000,30.0,0
1999,70,Alessandro,Zanardi,0.0,16,12.875,14.0625,0,0,7,19.0,0.0,0.0,2000,30.0,0
1999,71,Damon,Hill,7.0,16,9.75,13.5,0,0,4,12.0,7.0,0.0,2000,30.0,0
1999,72,Stéphane,Sarrazin,0.0,1,18.0,16.0,0,0,16,,,,2000,30.0,0
2000,2,Nick,Heidfeld,0.0,16,17.3125,15.625,0,0,8,20.0,0.0,0.0,2001,30.0,0
2000,14,David,Coulthard,73.0,17,2.7058823529411766,5.176470588235294,11,3,1,3.0,73.0,3.0,2001,30.0,0
2000,15,Jarno,Trulli,6.0,17,7.529411764705882,13.235294117647058,0,0,4,10.0,6.0,0.0,2001,30.0,0
2000,18,Jenson,Button,12.0,17,11.823529411764707,11.235294117647058,0,0,4,8.0,12.0,0.0,2001,30.0,0
2000,21,Giancarlo,Fisichella,18.0,17,10.294117647058824,11.176470588235293,3,0,2,6.0,18.0,0.0,2001,30.0,0
2000,22,Rubens,Barrichello,62.0,17,4.823529411764706,6.294117647058823,9,1,1,4.0,62.0,1.0,2001,30.0,0
2000,23,Ralf,Schumacher,24.0,17,8.470588235294118,9.647058823529411,3,0,3,5.0,24.0,0.0,2001,30.0,0
2000,25,Alexander,Wurz,2.0,17,13.176470588235293,12.117647058823529,0,0,5,15.0,2.0,0.0,2001,30.0,0
2000,30,Michael,Schumacher,108.0,17,2.0,5.294117647058823,12,9,1,1.0,108.0,9.0,2001,30.0,1
2000,35,Jacques,Villeneuve,17.0,17,8.705882352941176,9.529411764705882,0,0,4,7.0,17.0,0.0,2001,30.0,0
2000,37,Pedro,de la Rosa,2.0,17,13.823529411764707,16.0,0,0,6,16.0,2.0,0.0,2001,30.0,0
2000,41,Ricardo,Zonta,3.0,17,14.235294117647058,11.764705882352942,0,0,6,14.0,3.0,0.0,2001,30.0,0
2000,48,Marc,Gené,0.0,17,20.529411764705884,14.176470588235293,0,0,8,19.0,0.0,0.0,2001,30.0,0
2000,49,Heinz-Harald,Frentzen,11.0,17,7.882352941176471,13.294117647058824,2,0,3,9.0,11.0,0.0,2001,30.0,0
2000,50,Jos,Verstappen,5.0,17,13.941176470588236,14.470588235294118,0,0,4,12.0,5.0,0.0,2001,30.0,0
2000,54,Luciano,Burti,0.0,1,21.0,11.0,0,0,11,23.0,0.0,0.0,2001,30.0,0
2000,55,Jean,Alesi,0.0,17,16.470588235294116,16.11764705882353,0,0,9,22.0,0.0,0.0,2001,30.0,0
2000,56,Eddie,Irvine,4.0,16,9.6875,11.5625,0,0,4,13.0,4.0,0.0,2001,30.0,0
2000,57,Mika,Häkkinen,89.0,17,2.5294117647058822,4.823529411764706,11,4,1,2.0,89.0,4.0,2001,30.0,0
2000,60,Gastón,Mazzacane,0.0,17,21.529411764705884,13.647058823529411,0,0,8,21.0,0.0,0.0,2001,30.0,0
2000,63,Mika,Salo,6.0,17,13.352941176470589,10.588235294117647,0,0,5,11.0,6.0,0.0,2001,30.0,0
2000,64,Pedro,Diniz,0.0,17,14.588235294117647,13.176470588235293,0,0,7,18.0,0.0,0.0,2001,30.0,0
2000,65,Johnny,Herbert,0.0,17,14.117647058823529,13.705882352941176,0,0,7,17.0,0.0,0.0,2001,30.0,0
2001,2,Nick,Heidfeld,12.0,17,9.705882352941176,11.058823529411764,1,0,3,8.0,12.0,0.0,2002,30.0,0
2001,4,Fernando,Alonso,0.0,17,19.470588235294116,15.764705882352942,0,0,10,23.0,0.0,0.0,2002,30.0,0
2001,8,Kimi,Räikkönen,9.0,17,10.411764705882353,11.823529411764707,0,0,4,10.0,9.0,0.0,2002,30.0,0
2001,14,David,Coulthard,65.0,17,4.764705882352941,5.882352941176471,10,2,1,2.0,65.0,2.0,2002,30.0,0
2001,15,Jarno,Trulli,12.0,17,6.764705882352941,11.941176470588236,0,0,4,9.0,12.0,0.0,2002,30.0,0
2001,18,Jenson,Button,2.0,17,16.941176470588236,12.882352941176471,0,0,5,17.0,2.0,0.0,2002,30.0,0
2001,21,Giancarlo,Fisichella,8.0,17,15.176470588235293,12.411764705882353,1,0,3,11.0,8.0,0.0,2002,30.0,0
2001,22,Rubens,Barrichello,56.0,17,4.470588235294118,6.470588235294118,10,0,2,3.0,56.0,0.0,2002,30.0,0
2001,23,Ralf,Schumacher,49.0,17,3.411764705882353,8.882352941176471,5,3,1,4.0,49.0,3.0,2002,30.0,0
2001,30,Michael,Schumacher,123.0,17,1.7058823529411764,3.3529411764705883,14,9,1,1.0,123.0,9.0,2002,30.0,1
2001,31,Juan,Pablo Montoya,31.0,17,5.411764705882353,11.823529411764707,4,1,1,6.0,31.0,1.0,2002,30.0,0
2001,35,Jacques,Villeneuve,12.0,17,10.764705882352942,10.470588235294118,2,0,3,7.0,12.0,0.0,2002,30.0,0
2001,37,Pedro,de la Rosa,3.0,13,13.76923076923077,13.615384615384615,0,0,5,16.0,3.0,0.0,2002,30.0,0
2001,41,Ricardo,Zonta,0.0,2,13.5,13.5,0,0,7,19.0,0.0,0.0,2002,30.0,0
2001,44,Olivier,Panis,5.0,17,11.411764705882353,11.941176470588236,0,0,4,14.0,5.0,0.0,2002,30.0,0
2001,49,Heinz-Harald,Frentzen,6.0,15,9.6,11.866666666666667,0,0,4,13.0,6.0,0.0,2002,30.0,0
2001,50,Jos,Verstappen,1.0,17,18.0,12.352941176470589,0,0,6,18.0,1.0,0.0,2002,30.0,0
2001,54,Luciano,Burti,0.0,14,16.928571428571427,13.714285714285714,0,0,8,20.0,0.0,0.0,2002,30.0,0
2001,55,Jean,Alesi,5.0,17,14.117647058823529,9.588235294117647,0,0,5,15.0,5.0,0.0,2002,30.0,0
2001,56,Eddie,Irvine,6.0,17,12.823529411764707,14.588235294117647,1,0,3,12.0,6.0,0.0,2002,30.0,0
2001,57,Mika,Häkkinen,37.0,17,4.529411764705882,10.647058823529411,3,2,1,5.0,37.0,2.0,2002,30.0,0
2001,58,Tarso,Marques,0.0,14,20.214285714285715,14.928571428571429,0,0,9,22.0,0.0,0.0,2002,30.0,0
2001,59,Enrique,Bernoldi,0.0,17,18.529411764705884,15.588235294117647,0,0,8,21.0,0.0,0.0,2002,30.0,0
2001,60,Gastón,Mazzacane,0.0,4,20.0,16.5,0,0,12,25.0,0.0,0.0,2002,30.0,0
2001,61,Tomáš,Enge,0.0,3,20.0,15.0,0,0,12,24.0,0.0,0.0,2002,30.0,0
2001,62,Alex,Yoong,0.0,3,22.0,16.666666666666668,0,0,15,26.0,0.0,0.0,2002,30.0,0
2002,2,Nick,Heidfeld,7.0,17,10.0,9.352941176470589,0,0,4,10.0,7.0,0.0,2003,30.0,0
2002,8,Kimi,Räikkönen,24.0,17,5.352941176470588,11.352941176470589,4,0,2,6.0,24.0,0.0,2003,30.0,0
2002,11,Takuma,Sato,2.0,17,15.352941176470589,12.882352941176471,0,0,5,15.0,2.0,0.0,2003,30.0,0
2002,13,Felipe,Massa,4.0,16,11.875,11.8125,0,0,5,13.0,4.0,0.0,2003,30.0,0
2002,14,David,Coulthard,41.0,17,5.882352941176471,7.411764705882353,6,1,1,5.0,41.0,1.0,2003,30.0,0
2002,15,Jarno,Trulli,9.0,17,8.705882352941176,11.294117647058824,0,0,4,8.0,9.0,0.0,2003,30.0,0
2002,17,Mark,Webber,2.0,17,19.58823529411765,14.117647058823529,0,0,5,16.0,2.0,0.0,2003,30.0,0
2002,18,Jenson,Button,14.0,17,10.294117647058824,10.529411764705882,0,0,4,7.0,14.0,0.0,2003,30.0,0
2002,19,Anthony,Davidson,0.0,2,20.0,17.5,0,0,17,,,,2003,30.0,0
2002,21,Giancarlo,Fisichella,7.0,17,10.529411764705882,12.411764705882353,0,0,5,11.0,7.0,0.0,2003,30.0,0
2002,22,Rubens,Barrichello,77.0,17,2.8823529411764706,6.882352941176471,10,4,1,2.0,77.0,4.0,2003,30.0,0
2002,23,Ralf,Schumacher,42.0,17,3.4705882352941178,7.176470588235294,6,1,1,4.0,42.0,1.0,2003,30.0,0
2002,30,Michael,Schumacher,144.0,17,1.8235294117647058,1.411764705882353,17,11,1,1.0,144.0,11.0,2003,30.0,1
2002,31,Juan,Pablo Montoya,50.0,17,2.9411764705882355,6.823529411764706,7,0,2,3.0,50.0,0.0,2003,30.0,0
2002,35,Jacques,Villeneuve,4.0,17,12.235294117647058,11.647058823529411,0,0,4,12.0,4.0,0.0,2003,30.0,0
2002,37,Pedro,de la Rosa,0.0,17,16.352941176470587,14.176470588235293,0,0,8,21.0,0.0,0.0,2003,30.0,0
2002,44,Olivier,Panis,3.0,17,13.176470588235293,13.705882352941176,0,0,5,14.0,3.0,0.0,2003,30.0,0
2002,49,Heinz-Harald,Frentzen,2.0,13,12.76923076923077,13.76923076923077,0,0,6,18.0,2.0,0.0,2003,30.0,0
2002,56,Eddie,Irvine,8.0,17,15.411764705882353,11.941176470588236,1,0,3,9.0,8.0,0.0,2003,30.0,0
2002,59,Enrique,Bernoldi,0.0,12,16.25,16.083333333333332,0,0,11,22.0,0.0,0.0,2003,30.0,0
2002,62,Alex,Yoong,0.0,13,19.46153846153846,15.692307692307692,0,0,7,20.0,0.0,0.0,2003,30.0,0
2002,63,Mika,Salo,2.0,17,13.235294117647058,12.058823529411764,0,0,6,17.0,2.0,0.0,2003,30.0,0
2002,66,Allan,McNish,0.0,17,15.941176470588236,15.529411764705882,0,0,7,19.0,0.0,0.0,2003,30.0,0
2003,2,Nick,Heidfeld,6.0,16,12.3125,11.5,0,0,5,14.0,6.0,0.0,2004,30.0,0
2003,4,Fernando,Alonso,55.0,16,7.875,8.25,4,1,1,6.0,55.0,1.0,2004,30.0,0
2003,8,Kimi,Räikkönen,91.0,16,6.8125,5.875,10,1,1,2.0,91.0,1.0,2004,30.0,0
2003,11,Takuma,Sato,3.0,1,13.0,6.0,0,0,6,18.0,3.0,0.0,2004,30.0,0
2003,14,David,Coulthard,51.0,16,8.5,8.3125,3,1,1,7.0,51.0,1.0,2004,30.0,0
2003,15,Jarno,Trulli,33.0,16,7.3125,9.9375,1,0,3,8.0,33.0,0.0,2004,30.0,0
2003,17,Mark,Webber,17.0,16,9.875,10.9375,0,0,6,10.0,17.0,0.0,2004,30.0,0
2003,18,Jenson,Button,17.0,16,11.875,10.8125,0,0,4,9.0,17.0,0.0,2004,30.0,0
2003,21,Giancarlo,Fisichella,12.0,16,13.9375,13.5,1,1,1,12.0,12.0,1.0,2004,30.0,0
2003,22,Rubens,Barrichello,65.0,16,3.625,7.9375,8,2,1,4.0,65.0,2.0,2004,30.0,0
2003,23,Ralf,Schumacher,58.0,15,5.933333333333334,6.8,3,2,1,5.0,58.0,2.0,2004,30.0,0
2003,30,Michael,Schumacher,93.0,16,4.25,4.25,8,6,1,1.0,93.0,6.0,2004,30.0,1
2003,31,Juan,Pablo Montoya,82.0,16,4.1875,6.1875,9,2,1,3.0,82.0,2.0,2004,30.0,0
2003,35,Jacques,Villeneuve,6.0,15,11.666666666666666,13.333333333333334,0,0,6,16.0,6.0,0.0,2004,30.0,0
2003,42,Antônio,Pizzonia,0.0,11,13.818181818181818,13.909090909090908,0,0,9,21.0,0.0,0.0,2004,30.0,0
2003,43,Cristiano,da Matta,10.0,16,11.25,10.75,0,0,6,13.0,10.0,0.0,2004,30.0,0
2003,44,Olivier,Panis,6.0,16,9.0,13.25,0,0,5,15.0,6.0,0.0,2004,30.0,0
2003,47,Zsolt,Baumgartner,0.0,2,18.5,13.5,0,0,11,24.0,0.0,0.0,2004,30.0,0
2003,48,Marc,Gené,4.0,1,5.0,5.0,0,0,5,17.0,4.0,0.0,2004,30.0,0
2003,49,Heinz-Harald,Frentzen,13.0,16,13.25,12.75,1,0,3,11.0,13.0,0.0,2004,30.0,0
2003,50,Jos,Verstappen,0.0,16,18.4375,13.9375,0,0,9,22.0,0.0,0.0,2004,30.0,0
2003,51,Justin,Wilson,1.0,16,17.1875,14.5625,0,0,8,20.0,1.0,0.0,2004,30.0,0
2003,52,Ralph,Firman,1.0,14,17.0,14.214285714285714,0,0,8,19.0,1.0,0.0,2004,30.0,0
2003,53,Nicolas,Kiesa,0.0,5,19.4,12.8,0,0,11,23.0,0.0,0.0,2004,30.0,0
2004,2,Nick,Heidfeld,3.0,18,16.0,14.0,0,0,7,18.0,3.0,0.0,2005,4.0,0
2004,4,Fernando,Alonso,59.0,18,7.555555555555555,7.388888888888889,4,0,2,4.0,59.0,0.0,2005,4.0,1
2004,8,Kimi,Räikkönen,45.0,18,8.222222222222221,11.0,4,1,1,7.0,45.0,1.0,2005,4.0,0
2004,10,Timo,Glock,2.0,4,16.5,13.0,0,0,7,19.0,2.0,0.0,2005,4.0,0
2004,11,Takuma,Sato,34.0,18,8.222222222222221,10.055555555555555,1,0,3,8.0,34.0,0.0,2005,4.0,0
2004,13,Felipe,Massa,12.0,18,13.38888888888889,10.666666666666666,0,0,4,12.0,12.0,0.0,2005,4.0,0
2004,14,David,Coulthard,24.0,18,9.277777777777779,9.944444444444445,0,0,4,10.0,24.0,0.0,2005,4.0,0
2004,15,Jarno,Trulli,46.0,17,6.705882352941177,8.294117647058824,2,1,1,6.0,46.0,1.0,2005,4.0,0
2004,17,Mark,Webber,7.0,18,9.722222222222221,12.555555555555555,0,0,6,13.0,7.0,0.0,2005,4.0,0
2004,18,Jenson,Button,85.0,18,5.5,5.611111111111111,10,0,2,3.0,85.0,0.0,2005,4.0,0
2004,21,Giancarlo,Fisichella,22.0,18,12.333333333333334,8.777777777777779,0,0,4,11.0,22.0,0.0,2005,4.0,0
2004,22,Rubens,Barrichello,114.0,18,4.555555555555555,4.0,14,2,1,2.0,114.0,2.0,2005,4.0,0
2004,23,Ralf,Schumacher,24.0,12,6.0,10.75,1,0,2,9.0,24.0,0.0,2005,4.0,0
2004,30,Michael,Schumacher,148.0,18,3.9444444444444446,2.611111111111111,15,13,1,1.0,148.0,13.0,2005,4.0,0
2004,31,Juan,Pablo Montoya,58.0,18,5.611111111111111,7.277777777777778,3,1,1,5.0,58.0,1.0,2005,4.0,0
2004,32,Christian,Klien,3.0,18,13.666666666666666,13.11111111111111,0,0,6,16.0,3.0,0.0,2005,4.0,0
2004,35,Jacques,Villeneuve,0.0,3,11.333333333333334,10.333333333333334,0,0,10,21.0,0.0,0.0,2005,4.0,0
2004,41,Ricardo,Zonta,0.0,5,14.6,14.2,0,0,10,22.0,0.0,0.0,2005,4.0,0
2004,42,Antônio,Pizzonia,6.0,4,9.5,8.5,0,0,7,15.0,6.0,0.0,2005,4.0,0
2004,43,Cristiano,da Matta,3.0,12,11.666666666666666,13.916666666666666,0,0,6,17.0,3.0,0.0,2005,4.0,0
2004,44,Olivier,Panis,6.0,17,11.588235294117647,13.058823529411764,0,0,5,14.0,6.0,0.0,2005,4.0,0
2004,45,Giorgio,Pantano,0.0,14,16.785714285714285,16.142857142857142,0,0,13,24.0,0.0,0.0,2005,4.0,0
2004,46,Gianmaria,Bruni,0.0,18,18.333333333333332,16.666666666666668,0,0,14,25.0,0.0,0.0,2005,4.0,0
2004,47,Zsolt,Baumgartner,1.0,18,18.77777777777778,15.5,0,0,8,20.0,1.0,0.0,2005,4.0,0
2004,48,Marc,Gené,0.0,2,9.5,11.0,0,0,10,23.0,0.0,0.0,2005,4.0,0
2005,2,Nick,Heidfeld,28.0,14,9.571428571428571,10.857142857142858,3,0,2,11.0,28.0,0.0,2006,4.0,0
2005,4,Fernando,Alonso,133.0,19,3.9473684210526314,3.6315789473684212,15,7,1,1.0,133.0,7.0,2006,4.0,1
2005,8,Kimi,Räikkönen,112.0,19,5.684210526315789,5.0,12,7,1,2.0,112.0,7.0,2006,4.0,0
2005,11,Takuma,Sato,1.0,16,10.8125,14.125,0,0,8,23.0,1.0,0.0,2006,4.0,0
2005,13,Felipe,Massa,11.0,19,11.894736842105264,10.789473684210526,0,0,4,13.0,11.0,0.0,2006,4.0,0
2005,14,David,Coulthard,24.0,19,11.0,10.947368421052632,0,0,4,12.0,24.0,0.0,2006,4.0,0
2005,15,Jarno,Trulli,43.0,19,6.052631578947368,8.578947368421053,3,0,2,7.0,43.0,0.0,2006,4.0,0
2005,17,Mark,Webber,36.0,19,7.947368421052632,10.31578947368421,1,0,3,10.0,36.0,0.0,2006,4.0,0
2005,18,Jenson,Button,37.0,17,5.9411764705882355,8.647058823529411,2,0,3,9.0,37.0,0.0,2006,4.0,0
2005,19,Anthony,Davidson,0.0,1,15.0,19.0,0,0,19,27.0,0.0,0.0,2006,4.0,0
2005,21,Giancarlo,Fisichella,58.0,19,5.7368421052631575,8.631578947368421,3,1,1,5.0,58.0,1.0,2006,4.0,0
2005,22,Rubens,Barrichello,38.0,19,10.526315789473685,8.263157894736842,4,0,2,8.0,38.0,0.0,2006,4.0,0
2005,23,Ralf,Schumacher,45.0,18,8.61111111111111,7.388888888888889,2,0,3,6.0,45.0,0.0,2006,4.0,0
2005,24,Vitantonio,Liuzzi,1.0,4,13.0,12.5,0,0,8,24.0,1.0,0.0,2006,4.0,0
2005,25,Alexander,Wurz,6.0,1,7.0,3.0,1,0,3,17.0,6.0,0.0,2006,4.0,0
2005,27,Christijan,Albers,4.0,19,17.157894736842106,14.68421052631579,0,0,5,19.0,4.0,0.0,2006,4.0,0
2005,30,Michael,Schumacher,62.0,19,8.210526315789474,8.736842105263158,5,1,1,3.0,62.0,1.0,2006,4.0,0
2005,31,Juan,Pablo Montoya,60.0,17,7.529411764705882,9.235294117647058,5,3,1,4.0,60.0,3.0,2006,4.0,0
2005,32,Christian,Klien,9.0,15,11.0,11.866666666666667,0,0,5,15.0,9.0,0.0,2006,4.0,0
2005,33,Tiago,Monteiro,7.0,19,17.210526315789473,12.842105263157896,1,0,3,16.0,7.0,0.0,2006,4.0,0
2005,35,Jacques,Villeneuve,9.0,19,12.473684210526315,11.736842105263158,0,0,4,14.0,9.0,0.0,2006,4.0,0
2005,37,Pedro,de la Rosa,4.0,1,8.0,5.0,0,0,5,20.0,4.0,0.0,2006,4.0,0
2005,38,Robert,Doornbos,0.0,8,17.625,15.75,0,0,13,25.0,0.0,0.0,2006,4.0,0
2005,39,Narain,Karthikeyan,5.0,19,16.63157894736842,14.894736842105264,0,0,4,18.0,5.0,0.0,2006,4.0,0
2005,40,Patrick,Friesacher,3.0,11,17.818181818181817,16.0,0,0,6,21.0,3.0,0.0,2006,4.0,0
2005,41,Ricardo,Zonta,0.0,1,13.0,17.0,0,0,17,26.0,0.0,0.0,2006,4.0,0
2005,42,Antônio,Pizzonia,2.0,5,13.8,14.2,0,0,7,22.0,2.0,0.0,2006,4.0,0
2006,2,Nick,Heidfeld,23.0,18,10.166666666666666,10.11111111111111,1,0,3,9.0,23.0,0.0,2007,8.0,0
2006,3,Nico,Rosberg,4.0,18,13.222222222222221,15.0,0,0,7,17.0,4.0,0.0,2007,8.0,0
2006,4,Fernando,Alonso,134.0,18,4.277777777777778,3.5555555555555554,14,7,1,1.0,134.0,7.0,2007,8.0,0
2006,8,Kimi,Räikkönen,65.0,18,5.833333333333333,8.88888888888889,6,0,2,5.0,65.0,0.0,2007,8.0,1
2006,9,Robert,Kubica,6.0,6,8.833333333333334,11.333333333333334,1,0,3,16.0,6.0,0.0,2007,8.0,0
2006,11,Takuma,Sato,0.0,18,19.666666666666668,16.22222222222222,0,0,10,23.0,0.0,0.0,2007,8.0,0
2006,13,Felipe,Massa,80.0,18,6.666666666666667,6.166666666666667,7,2,1,3.0,80.0,2.0,2007,8.0,0
2006,14,David,Coulthard,14.0,18,14.166666666666666,12.222222222222221,1,0,3,13.0,14.0,0.0,2007,8.0,0
2006,15,Jarno,Trulli,15.0,18,10.444444444444445,12.277777777777779,0,0,4,12.0,15.0,0.0,2007,8.0,0
2006,17,Mark,Webber,7.0,18,11.0,15.055555555555555,0,0,6,14.0,7.0,0.0,2007,8.0,0
2006,18,Jenson,Button,56.0,18,7.777777777777778,8.0,3,1,1,6.0,56.0,1.0,2007,8.0,0
2006,21,Giancarlo,Fisichella,72.0,18,5.611111111111111,6.277777777777778,5,1,1,4.0,72.0,1.0,2007,8.0,0
2006,22,Rubens,Barrichello,30.0,18,7.611111111111111,9.555555555555555,0,0,4,7.0,30.0,0.0,2007,8.0,0
2006,23,Ralf,Schumacher,20.0,18,9.944444444444445,11.61111111111111,1,0,3,10.0,20.0,0.0,2007,8.0,0
2006,24,Vitantonio,Liuzzi,1.0,18,15.444444444444445,13.5,0,0,8,19.0,1.0,0.0,2007,8.0,0
2006,26,Scott,Speed,0.0,18,16.166666666666668,13.777777777777779,0,0,9,20.0,0.0,0.0,2007,8.0,0
2006,27,Christijan,Albers,0.0,18,18.0,16.0,0,0,10,22.0,0.0,0.0,2007,8.0,0
2006,29,Sakon,Yamamoto,0.0,7,20.857142857142858,18.428571428571427,0,0,16,26.0,0.0,0.0,2007,8.0,0
2006,30,Michael,Schumacher,121.0,18,5.444444444444445,4.333333333333333,12,7,1,2.0,121.0,7.0,2007,8.0,0
2006,31,Juan,Pablo Montoya,26.0,10,7.2,10.6,2,0,2,8.0,26.0,0.0,2007,8.0,0
2006,32,Christian,Klien,2.0,15,12.733333333333333,14.733333333333333,0,0,8,18.0,2.0,0.0,2007,8.0,0
2006,33,Tiago,Monteiro,0.0,18,18.166666666666668,16.11111111111111,0,0,9,21.0,0.0,0.0,2007,8.0,0
2006,34,Yuji,Ide,0.0,4,20.75,17.25,0,0,13,25.0,0.0,0.0,2007,8.0,0
2006,35,Jacques,Villeneuve,7.0,12,12.75,11.75,0,0,6,15.0,7.0,0.0,2007,8.0,0
2006,36,Franck,Montagny,0.0,7,20.285714285714285,18.714285714285715,0,0,16,27.0,0.0,0.0,2007,8.0,0
2006,37,Pedro,de la Rosa,19.0,8,8.875,9.5,1,0,2,11.0,19.0,0.0,2007,8.0,0
2006,38,Robert,Doornbos,0.0,3,16.666666666666668,12.333333333333334,0,0,12,24.0,0.0,0.0,2007,8.0,0
2007,1,Lewis,Hamilton,109.0,17,2.588235294117647,3.9411764705882355,12,4,1,2.0,109.0,4.0,2008,1.0,1
2007,2,Nick,Heidfeld,61.0,17,5.411764705882353,6.647058823529412,2,0,2,5.0,61.0,0.0,2008,1.0,0
2007,3,Nico,Rosberg,20.0,17,9.882352941176471,10.882352941176471,0,0,4,9.0,20.0,0.0,2008,1.0,0
2007,4,Fernando,Alonso,109.0,17,3.176470588235294,4.0,12,4,1,3.0,109.0,4.0,2008,1.0,0
2007,5,Heikki,Kovalainen,30.0,17,10.705882352941176,8.411764705882353,1,0,2,7.0,30.0,0.0,2008,1.0,0
2007,6,Kazuki,Nakajima,0.0,1,19.0,10.0,0,0,10,22.0,0.0,0.0,2008,1.0,0
2007,8,Kimi,Räikkönen,110.0,17,3.5294117647058822,4.235294117647059,12,6,1,1.0,110.0,6.0,2008,1.0,0
2007,9,Robert,Kubica,39.0,16,6.875,8.875,0,0,4,6.0,39.0,0.0,2008,1.0,0
2007,11,Takuma,Sato,4.0,17,17.235294117647058,14.352941176470589,0,0,6,17.0,4.0,0.0,2008,1.0,0
2007,13,Felipe,Massa,94.0,17,4.235294117647059,5.705882352941177,10,3,1,4.0,94.0,3.0,2008,1.0,0
2007,14,David,Coulthard,14.0,17,13.352941176470589,13.235294117647058,0,0,4,10.0,14.0,0.0,2008,1.0,0
2007,15,Jarno,Trulli,8.0,17,9.176470588235293,12.352941176470589,0,0,6,13.0,8.0,0.0,2008,1.0,0
2007,16,Adrian,Sutil,1.0,17,20.294117647058822,17.11764705882353,0,0,8,19.0,1.0,0.0,2008,1.0,0
2007,17,Mark,Webber,10.0,17,9.058823529411764,13.647058823529411,1,0,3,12.0,10.0,0.0,2008,1.0,0
2007,18,Jenson,Button,6.0,17,13.882352941176471,13.764705882352942,0,0,5,15.0,6.0,0.0,2008,1.0,0
2007,19,Anthony,Davidson,0.0,17,16.058823529411764,15.647058823529411,0,0,11,23.0,0.0,0.0,2008,1.0,0
2007,20,Sebastian,Vettel,6.0,8,14.375,15.375,0,0,4,14.0,6.0,0.0,2008,1.0,0
2007,21,Giancarlo,Fisichella,21.0,17,10.823529411764707,10.588235294117647,0,0,4,8.0,21.0,0.0,2008,1.0,0
2007,22,Rubens,Barrichello,0.0,17,15.058823529411764,12.823529411764707,0,0,9,20.0,0.0,0.0,2008,1.0,0
2007,23,Ralf,Schumacher,5.0,17,12.352941176470589,13.705882352941176,0,0,6,16.0,5.0,0.0,2008,1.0,0
2007,24,Vitantonio,Liuzzi,3.0,17,15.647058823529411,16.0,0,0,6,18.0,3.0,0.0,2008,1.0,0
2007,25,Alexander,Wurz,13.0,16,15.25,12.625,1,0,3,11.0,13.0,0.0,2008,1.0,0
2007,26,Scott,Speed,0.0,10,17.7,17.4,0,0,9,21.0,0.0,0.0,2008,1.0,0
2007,27,Christijan,Albers,0.0,9,21.22222222222222,17.11111111111111,0,0,14,25.0,0.0,0.0,2008,1.0,0
2007,28,Markus,Winkelhock,0.0,1,22.0,17.0,0,0,17,,,,2008,1.0,0
2007,29,Sakon,Yamamoto,0.0,7,21.571428571428573,18.428571428571427,0,0,12,24.0,0.0,0.0,2008,1.0,0
2008,1,Lewis,Hamilton,98.0,18,3.888888888888889,5.222222222222222,10,5,1,1.0,98.0,5.0,2009,18.0,0
2008,2,Nick,Heidfeld,60.0,18,9.0,6.5,4,0,2,6.0,60.0,0.0,2009,18.0,0
2008,3,Nico,Rosberg,17.0,18,12.11111111111111,10.88888888888889,2,0,2,13.0,17.0,0.0,2009,18.0,0
2008,4,Fernando,Alonso,61.0,18,6.888888888888889,7.444444444444445,3,2,1,5.0,61.0,2.0,2009,18.0,0
2008,5,Heikki,Kovalainen,53.0,18,4.388888888888889,7.888888888888889,3,1,1,7.0,53.0,1.0,2009,18.0,0
2008,6,Kazuki,Nakajima,9.0,18,15.055555555555555,12.666666666666666,0,0,6,15.0,9.0,0.0,2009,18.0,0
2008,7,Sébastien,Bourdais,4.0,18,13.666666666666666,14.222222222222221,0,0,7,17.0,4.0,0.0,2009,18.0,0
2008,8,Kimi,Räikkönen,75.0,18,4.388888888888889,7.0,9,2,1,3.0,75.0,2.0,2009,18.0,0
2008,9,Robert,Kubica,75.0,18,5.833333333333333,5.611111111111111,7,1,1,4.0,75.0,1.0,2009,18.0,0
2008,10,Timo,Glock,25.0,18,11.055555555555555,10.444444444444445,1,0,2,10.0,25.0,0.0,2009,18.0,0
2008,11,Takuma,Sato,0.0,4,20.5,14.25,0,0,11,21.0,0.0,0.0,2009,18.0,0
2008,12,Nelson,Piquet Jr.,19.0,18,13.444444444444445,13.055555555555555,1,0,2,12.0,19.0,0.0,2009,18.0,0
2008,13,Felipe,Massa,97.0,18,2.9444444444444446,6.055555555555555,10,6,1,2.0,97.0,6.0,2009,18.0,0
2008,14,David,Coulthard,8.0,18,12.833333333333334,13.222222222222221,1,0,3,16.0,8.0,0.0,2009,18.0,0
2008,15,Jarno,Trulli,31.0,18,7.611111111111111,9.5,1,0,3,9.0,31.0,0.0,2009,18.0,0
2008,16,Adrian,Sutil,0.0,18,19.166666666666668,17.72222222222222,0,0,13,20.0,0.0,0.0,2009,18.0,0
2008,17,Mark,Webber,21.0,18,9.166666666666666,10.0,0,0,4,11.0,21.0,0.0,2009,18.0,0
2008,18,Jenson,Button,3.0,18,14.722222222222221,13.722222222222221,0,0,6,18.0,3.0,0.0,2009,18.0,1
2008,19,Anthony,Davidson,0.0,4,21.0,17.0,0,0,15,22.0,0.0,0.0,2009,18.0,0
2008,20,Sebastian,Vettel,35.0,18,11.0,11.5,1,1,1,8.0,35.0,1.0,2009,18.0,0
2008,21,Giancarlo,Fisichella,0.0,18,18.333333333333332,16.055555555555557,0,0,10,19.0,0.0,0.0,2009,18.0,0
2008,22,Rubens,Barrichello,11.0,18,14.833333333333334,13.88888888888889,1,0,3,14.0,11.0,0.0,2009,18.0,0
2009,1,Lewis,Hamilton,49.0,17,9.176470588235293,9.705882352941176,5,2,1,5.0,49.0,2.0,2010,20.0,0
2009,2,Nick,Heidfeld,19.0,17,12.0,10.470588235294118,1,0,2,13.0,19.0,0.0,2010,20.0,0
2009,3,Nico,Rosberg,34.5,17,8.058823529411764,8.235294117647058,0,0,4,7.0,34.5,0.0,2010,20.0,0
2009,4,Fernando,Alonso,26.0,17,8.882352941176471,9.823529411764707,1,0,3,9.0,26.0,0.0,2010,20.0,0
2009,5,Heikki,Kovalainen,22.0,17,11.0,11.117647058823529,0,0,4,12.0,22.0,0.0,2010,20.0,0
2009,6,Kazuki,Nakajima,0.0,17,12.176470588235293,13.705882352941176,0,0,9,20.0,0.0,0.0,2010,20.0,0
2009,7,Sébastien,Bourdais,2.0,9,17.11111111111111,14.0,0,0,8,19.0,2.0,0.0,2010,20.0,0
2009,8,Kimi,Räikkönen,48.0,17,7.588235294117647,8.235294117647058,5,1,1,6.0,48.0,1.0,2010,20.0,0
2009,9,Robert,Kubica,17.0,17,10.705882352941176,11.705882352941176,1,0,2,14.0,17.0,0.0,2010,20.0,0
2009,10,Timo,Glock,24.0,15,12.333333333333334,8.666666666666666,2,0,2,10.0,24.0,0.0,2010,20.0,0
2009,12,Nelson,Piquet Jr.,0.0,10,14.1,14.0,0,0,10,21.0,0.0,0.0,2010,20.0,0
2009,13,Felipe,Massa,22.0,10,7.8,10.1,1,0,3,11.0,22.0,0.0,2010,20.0,0
2009,15,Jarno,Trulli,32.5,17,8.529411764705882,10.529411764705882,3,0,2,8.0,32.5,0.0,2010,20.0,0
2009,16,Adrian,Sutil,5.0,17,13.705882352941176,14.823529411764707,0,0,4,17.0,5.0,0.0,2010,20.0,0
2009,17,Mark,Webber,69.5,17,6.705882352941177,7.176470588235294,8,2,1,4.0,69.5,2.0,2010,20.0,0
2009,18,Jenson,Button,95.0,17,5.705882352941177,4.352941176470588,9,6,1,1.0,95.0,6.0,2010,20.0,0
2009,20,Sebastian,Vettel,84.0,17,4.411764705882353,6.882352941176471,8,4,1,2.0,84.0,4.0,2010,20.0,1
2009,21,Giancarlo,Fisichella,8.0,17,16.058823529411764,12.411764705882353,1,0,2,15.0,8.0,0.0,2010,20.0,0
2009,22,Rubens,Barrichello,77.0,17,4.529411764705882,5.411764705882353,6,2,1,3.0,77.0,2.0,2010,20.0,0
2009,24,Vitantonio,Liuzzi,0.0,5,16.0,14.4,0,0,12,22.0,0.0,0.0,2010,20.0,0
2009,67,Sébastien,Buemi,6.0,17,14.176470588235293,14.411764705882353,0,0,7,16.0,6.0,0.0,2010,20.0,0
2009,69,Luca,Badoer,0.0,2,20.0,15.5,0,0,14,25.0,0.0,0.0,2010,20.0,0
2009,153,Jaime,Alguersuari,0.0,8,16.125,17.0,0,0,14,24.0,0.0,0.0,2010,20.0,0
2009,154,Romain,Grosjean,0.0,7,16.0,16.428571428571427,0,0,13,23.0,0.0,0.0,2010,20.0,0
2009,155,Kamui,Kobayashi,3.0,2,11.5,8.0,0,0,6,18.0,3.0,0.0,2010,20.0,0
2010,1,Lewis,Hamilton,240.0,19,5.157894736842105,6.421052631578948,9,3,1,4.0,240.0,3.0,2011,20.0,0
2010,2,Nick,Heidfeld,6.0,5,13.4,12.6,0,0,8,18.0,6.0,0.0,2011,20.0,0
2010,3,Nico,Rosberg,142.0,19,7.368421052631579,8.263157894736842,3,0,3,7.0,142.0,0.0,2011,20.0,0
2010,4,Fernando,Alonso,252.0,19,5.7894736842105265,5.421052631578948,10,5,1,2.0,252.0,5.0,2011,20.0,0
2010,5,Heikki,Kovalainen,0.0,19,18.894736842105264,17.0,0,0,12,20.0,0.0,0.0,2011,20.0,0
2010,9,Robert,Kubica,136.0,19,6.947368421052632,8.31578947368421,3,0,2,8.0,136.0,0.0,2011,20.0,0
2010,10,Timo,Glock,0.0,19,20.210526315789473,18.789473684210527,0,0,14,25.0,0.0,0.0,2011,20.0,0
2010,13,Felipe,Massa,144.0,19,7.7368421052631575,7.842105263157895,5,0,2,6.0,144.0,0.0,2011,20.0,0
2010,15,Jarno,Trulli,0.0,19,18.842105263157894,19.263157894736842,0,0,13,21.0,0.0,0.0,2011,20.0,0
2010,16,Adrian,Sutil,47.0,19,12.157894736842104,11.736842105263158,0,0,5,11.0,47.0,0.0,2011,20.0,0
2010,17,Mark,Webber,242.0,19,2.789473684210526,6.052631578947368,10,4,1,3.0,242.0,4.0,2011,20.0,0
2010,18,Jenson,Button,214.0,19,6.842105263157895,6.368421052631579,7,2,1,5.0,214.0,2.0,2011,20.0,0
2010,20,Sebastian,Vettel,256.0,19,1.9473684210526316,6.0,10,5,1,1.0,256.0,5.0,2011,20.0,1
2010,22,Rubens,Barrichello,47.0,19,9.421052631578947,11.052631578947368,0,0,4,10.0,47.0,0.0,2011,20.0,0
2010,24,Vitantonio,Liuzzi,21.0,19,15.052631578947368,14.947368421052632,0,0,6,15.0,21.0,0.0,2011,20.0,0
2010,29,Sakon,Yamamoto,0.0,7,22.714285714285715,18.714285714285715,0,0,15,26.0,0.0,0.0,2011,20.0,0
2010,30,Michael,Schumacher,72.0,19,9.947368421052632,10.052631578947368,0,0,4,9.0,72.0,0.0,2011,20.0,0
2010,32,Christian,Klien,0.0,3,23.0,20.666666666666668,0,0,20,27.0,0.0,0.0,2011,20.0,0
2010,37,Pedro,de la Rosa,6.0,14,14.428571428571429,16.5,0,0,7,17.0,6.0,0.0,2011,20.0,0
2010,67,Sébastien,Buemi,8.0,19,14.789473684210526,14.473684210526315,0,0,8,16.0,8.0,0.0,2011,20.0,0
2010,153,Jaime,Alguersuari,5.0,19,15.263157894736842,12.947368421052632,0,0,9,19.0,5.0,0.0,2011,20.0,0
2010,155,Kamui,Kobayashi,32.0,19,13.947368421052632,14.68421052631579,0,0,6,12.0,32.0,0.0,2011,20.0,0
2010,807,Nico,Hülkenberg,22.0,19,11.210526315789474,14.052631578947368,0,0,6,14.0,22.0,0.0,2011,20.0,0
2010,808,Vitaly,Petrov,27.0,19,14.157894736842104,13.631578947368421,0,0,5,13.0,27.0,0.0,2011,20.0,0
2010,810,Lucas,di Grassi,0.0,19,22.05263157894737,19.31578947368421,0,0,14,24.0,0.0,0.0,2011,20.0,0
2010,811,Bruno,Senna,0.0,18,22.22222222222222,19.27777777777778,0,0,14,23.0,0.0,0.0,2011,20.0,0
2010,812,Karun,Chandhok,0.0,10,23.3,18.0,0,0,14,22.0,0.0,0.0,2011,20.0,0
2011,1,Lewis,Hamilton,227.0,19,3.5789473684210527,6.7368421052631575,6,3,1,5.0,227.0,3.0,2012,20.0,0
2011,2,Nick,Heidfeld,34.0,11,13.363636363636363,12.272727272727273,1,0,3,11.0,34.0,0.0,2012,20.0,0
2011,3,Nico,Rosberg,89.0,19,7.526315789473684,8.947368421052632,0,0,5,7.0,89.0,0.0,2012,20.0,0
2011,4,Fernando,Alonso,257.0,19,4.578947368421052,4.421052631578948,10,1,1,4.0,257.0,1.0,2012,20.0,0
2011,5,Heikki,Kovalainen,0.0,19,18.105263157894736,17.42105263157895,0,0,13,22.0,0.0,0.0,2012,20.0,0
2011,10,Timo,Glock,0.0,19,20.736842105263158,19.263157894736842,0,0,15,25.0,0.0,0.0,2012,20.0,0
2011,13,Felipe,Massa,118.0,19,5.7894736842105265,8.68421052631579,0,0,5,6.0,118.0,0.0,2012,20.0,0
2011,15,Jarno,Trulli,0.0,18,19.22222222222222,18.11111111111111,0,0,13,21.0,0.0,0.0,2012,20.0,0
2011,16,Adrian,Sutil,42.0,19,11.578947368421053,10.947368421052632,0,0,6,9.0,42.0,0.0,2012,20.0,0
2011,17,Mark,Webber,258.0,19,3.789473684210526,4.2105263157894735,10,1,1,3.0,258.0,1.0,2012,20.0,0
2011,18,Jenson,Button,270.0,19,4.473684210526316,4.947368421052632,12,3,1,2.0,270.0,3.0,2012,20.0,0
2011,20,Sebastian,Vettel,392.0,19,1.263157894736842,2.736842105263158,17,11,1,1.0,392.0,11.0,2012,20.0,1
2011,22,Rubens,Barrichello,4.0,19,14.842105263157896,14.368421052631579,0,0,9,17.0,4.0,0.0,2012,20.0,0
2011,24,Vitantonio,Liuzzi,0.0,18,21.055555555555557,20.444444444444443,0,0,13,23.0,0.0,0.0,2012,20.0,0
2011,30,Michael,Schumacher,76.0,19,10.31578947368421,11.894736842105264,0,0,4,8.0,76.0,0.0,2012,20.0,0
2011,37,Pedro,de la Rosa,0.0,1,17.0,12.0,0,0,12,20.0,0.0,0.0,2012,20.0,0
2011,39,Narain,Karthikeyan,0.0,9,20.444444444444443,20.444444444444443,0,0,14,26.0,0.0,0.0,2012,20.0,0
2011,67,Sébastien,Buemi,15.0,19,14.578947368421053,14.105263157894736,0,0,8,15.0,15.0,0.0,2012,20.0,0
2011,153,Jaime,Alguersuari,26.0,19,14.631578947368421,13.526315789473685,0,0,7,14.0,26.0,0.0,2012,20.0,0
2011,155,Kamui,Kobayashi,30.0,19,13.842105263157896,12.789473684210526,0,0,5,12.0,30.0,0.0,2012,20.0,0
2011,808,Vitaly,Petrov,37.0,19,10.473684210526315,12.368421052631579,1,0,3,10.0,37.0,0.0,2012,20.0,0
2011,811,Bruno,Senna,2.0,8,11.625,13.875,0,0,9,18.0,2.0,0.0,2012,20.0,0
2011,812,Karun,Chandhok,0.0,1,20.0,20.0,0,0,20,28.0,0.0,0.0,2012,20.0,0
2011,813,Pastor,Maldonado,1.0,19,14.578947368421053,16.842105263157894,0,0,10,19.0,1.0,0.0,2012,20.0,0
2011,814,Paul,di Resta,27.0,19,11.68421052631579,11.68421052631579,0,0,6,13.0,27.0,0.0,2012,20.0,0
2011,815,Sergio,Pérez,14.0,18,13.222222222222221,14.222222222222221,0,0,7,16.0,14.0,0.0,2012,20.0,0
2011,816,Jérôme,d'Ambrosio,0.0,19,21.894736842105264,18.63157894736842,0,0,14,24.0,0.0,0.0,2012,20.0,0
2011,817,Daniel,Ricciardo,0.0,11,22.545454545454547,19.272727272727273,0,0,16,27.0,0.0,0.0,2012,20.0,0
2012,1,Lewis,Hamilton,190.0,20,4.3,9.6,7,4,1,4.0,190.0,4.0,2013,20.0,0
2012,3,Nico,Rosberg,93.0,20,9.4,10.95,2,1,1,9.0,93.0,1.0,2013,20.0,0
2012,4,Fernando,Alonso,278.0,20,6.1,5.2,13,3,1,2.0,278.0,3.0,2013,20.0,0
2012,5,Heikki,Kovalainen,0.0,20,18.45,16.55,0,0,13,22.0,0.0,0.0,2013,20.0,0
2012,8,Kimi,Räikkönen,207.0,20,7.45,5.45,7,1,1,3.0,207.0,1.0,2013,20.0,0
2012,10,Timo,Glock,0.0,20,19.35,17.7,0,0,12,20.0,0.0,0.0,2013,20.0,0
2012,13,Felipe,Massa,122.0,20,9.85,8.45,2,0,2,7.0,122.0,0.0,2013,20.0,0
2012,17,Mark,Webber,179.0,20,5.85,7.7,4,2,1,6.0,179.0,2.0,2013,20.0,0
2012,18,Jenson,Button,188.0,20,6.45,8.55,6,3,1,5.0,188.0,3.0,2013,20.0,0
2012,20,Sebastian,Vettel,281.0,20,5.05,5.25,10,5,1,1.0,281.0,5.0,2013,20.0,1
2012,30,Michael,Schumacher,49.0,20,9.65,14.2,1,0,3,13.0,49.0,0.0,2013,20.0,0
2012,37,Pedro,de la Rosa,0.0,20,20.75,20.0,0,0,17,25.0,0.0,0.0,2013,20.0,0
2012,39,Narain,Karthikeyan,0.0,20,21.95,20.95,0,0,15,24.0,0.0,0.0,2013,20.0,0
2012,154,Romain,Grosjean,96.0,19,7.7368421052631575,12.842105263157896,3,0,2,8.0,96.0,0.0,2013,20.0,0
2012,155,Kamui,Kobayashi,60.0,20,11.6,12.25,1,0,3,12.0,60.0,0.0,2013,20.0,0
2012,807,Nico,Hülkenberg,63.0,20,11.45,11.1,0,0,4,11.0,63.0,0.0,2013,20.0,0
2012,808,Vitaly,Petrov,0.0,20,18.95,16.95,0,0,11,19.0,0.0,0.0,2013,20.0,0
2012,811,Bruno,Senna,31.0,20,14.25,13.2,0,0,6,16.0,31.0,0.0,2013,20.0,0
2012,813,Pastor,Maldonado,45.0,20,10.85,14.15,1,1,1,15.0,45.0,1.0,2013,20.0,0
2012,814,Paul,di Resta,46.0,20,11.45,11.05,0,0,4,14.0,46.0,0.0,2013,20.0,0
2012,815,Sergio,Pérez,66.0,20,12.2,12.85,3,0,2,10.0,66.0,0.0,2013,20.0,0
2012,816,Jérôme,d'Ambrosio,0.0,1,15.0,13.0,0,0,13,23.0,0.0,0.0,2013,20.0,0
2012,817,Daniel,Ricciardo,10.0,20,14.7,12.3,0,0,9,18.0,10.0,0.0,2013,20.0,0
2012,818,Jean-Éric,Vergne,16.0,20,16.95,14.35,0,0,8,17.0,16.0,0.0,2013,20.0,0
2012,819,Charles,Pic,0.0,20,21.35,18.4,0,0,12,21.0,0.0,0.0,2013,20.0,0
2013,1,Lewis,Hamilton,189.0,19,3.473684210526316,5.947368421052632,5,1,1,4.0,189.0,1.0,2014,1.0,1
2013,3,Nico,Rosberg,171.0,19,4.2631578947368425,7.421052631578948,4,2,1,6.0,171.0,2.0,2014,1.0,0
2013,4,Fernando,Alonso,242.0,19,6.0,5.0,9,2,1,2.0,242.0,2.0,2014,1.0,0
2013,5,Heikki,Kovalainen,0.0,2,9.5,14.5,0,0,14,22.0,0.0,0.0,2014,1.0,0
2013,8,Kimi,Räikkönen,183.0,17,8.352941176470589,6.647058823529412,8,1,1,5.0,183.0,1.0,2014,1.0,0
2013,13,Felipe,Massa,112.0,19,7.947368421052632,8.736842105263158,1,0,3,8.0,112.0,0.0,2014,1.0,0
2013,16,Adrian,Sutil,29.0,19,12.68421052631579,13.368421052631579,0,0,5,13.0,29.0,0.0,2014,1.0,0
2013,17,Mark,Webber,199.0,19,5.421052631578948,7.0,8,0,2,3.0,199.0,0.0,2014,1.0,0
2013,18,Jenson,Button,73.0,19,10.473684210526315,9.105263157894736,0,0,4,9.0,73.0,0.0,2014,1.0,0
2013,20,Sebastian,Vettel,397.0,19,2.0526315789473686,2.6315789473684212,16,13,1,1.0,397.0,13.0,2014,1.0,0
2013,154,Romain,Grosjean,132.0,19,8.105263157894736,9.578947368421053,6,0,2,7.0,132.0,0.0,2014,1.0,0
2013,807,Nico,Hülkenberg,51.0,19,9.631578947368421,11.263157894736842,0,0,4,10.0,51.0,0.0,2014,1.0,0
2013,813,Pastor,Maldonado,1.0,19,16.05263157894737,14.631578947368421,0,0,10,18.0,1.0,0.0,2014,1.0,0
2013,814,Paul,di Resta,48.0,19,12.894736842105264,12.526315789473685,0,0,4,12.0,48.0,0.0,2014,1.0,0
2013,815,Sergio,Pérez,49.0,19,11.0,10.157894736842104,0,0,5,11.0,49.0,0.0,2014,1.0,0
2013,817,Daniel,Ricciardo,20.0,19,10.526315789473685,13.368421052631579,0,0,7,14.0,20.0,0.0,2014,1.0,0
2013,818,Jean-Éric,Vergne,13.0,19,13.368421052631579,14.631578947368421,0,0,6,15.0,13.0,0.0,2014,1.0,0
2013,819,Charles,Pic,0.0,19,19.842105263157894,17.736842105263158,0,0,14,20.0,0.0,0.0,2014,1.0,0
2013,820,Max,Chilton,0.0,19,20.57894736842105,18.157894736842106,0,0,14,23.0,0.0,0.0,2014,1.0,0
2013,821,Esteban,Gutiérrez,6.0,19,16.31578947368421,14.157894736842104,0,0,7,16.0,6.0,0.0,2014,1.0,0
2013,822,Valtteri,Bottas,4.0,19,14.894736842105264,14.421052631578947,0,0,8,17.0,4.0,0.0,2014,1.0,0
2013,823,Giedo,van der Garde,0.0,19,19.36842105263158,18.05263157894737,0,0,14,21.0,0.0,0.0,2014,1.0,0
2013,824,Jules,Bianchi,0.0,19,19.63157894736842,17.63157894736842,0,0,13,19.0,0.0,0.0,2014,1.0,0
2014,1,Lewis,Hamilton,384.0,19,4.2105263157894735,4.105263157894737,16,11,1,1.0,384.0,11.0,2015,1.0,1
2014,3,Nico,Rosberg,317.0,19,1.6842105263157894,4.315789473684211,15,5,1,2.0,317.0,5.0,2015,1.0,0
2014,4,Fernando,Alonso,161.0,19,6.526315789473684,7.105263157894737,2,0,2,6.0,161.0,0.0,2015,1.0,0
2014,8,Kimi,Räikkönen,55.0,19,9.368421052631579,9.842105263157896,0,0,4,12.0,55.0,0.0,2015,1.0,0
2014,13,Felipe,Massa,134.0,19,7.473684210526316,9.526315789473685,3,0,2,7.0,134.0,0.0,2015,1.0,0
2014,16,Adrian,Sutil,0.0,19,14.68421052631579,16.42105263157895,0,0,11,18.0,0.0,0.0,2015,1.0,0
2014,18,Jenson,Button,126.0,19,8.473684210526315,8.052631578947368,1,0,3,8.0,126.0,0.0,2015,1.0,0
2014,20,Sebastian,Vettel,167.0,19,7.7894736842105265,7.368421052631579,4,0,2,5.0,167.0,0.0,2015,1.0,0
2014,154,Romain,Grosjean,8.0,19,14.947368421052632,14.736842105263158,0,0,8,14.0,8.0,0.0,2015,1.0,0
2014,155,Kamui,Kobayashi,0.0,16,18.75,17.5,0,0,13,22.0,0.0,0.0,2015,1.0,0
2014,807,Nico,Hülkenberg,96.0,19,10.947368421052632,8.789473684210526,0,0,5,9.0,96.0,0.0,2015,1.0,0
2014,813,Pastor,Maldonado,2.0,19,17.68421052631579,15.578947368421053,0,0,9,16.0,2.0,0.0,2015,1.0,0
2014,815,Sergio,Pérez,59.0,19,12.052631578947368,11.157894736842104,1,0,3,10.0,59.0,0.0,2015,1.0,0
2014,817,Daniel,Ricciardo,238.0,19,6.2631578947368425,6.105263157894737,8,3,1,3.0,238.0,3.0,2015,1.0,0
2014,818,Jean-Éric,Vergne,22.0,19,11.736842105263158,12.947368421052632,0,0,6,13.0,22.0,0.0,2015,1.0,0
2014,820,Max,Chilton,0.0,16,19.5,17.125,0,0,13,21.0,0.0,0.0,2015,1.0,0
2014,821,Esteban,Gutiérrez,0.0,19,15.68421052631579,16.0,0,0,12,20.0,0.0,0.0,2015,1.0,0
2014,822,Valtteri,Bottas,186.0,19,6.2105263157894735,6.105263157894737,6,0,2,4.0,186.0,0.0,2015,1.0,0
2014,824,Jules,Bianchi,2.0,15,17.8,16.466666666666665,0,0,9,17.0,2.0,0.0,2015,1.0,0
2014,825,Kevin,Magnussen,55.0,19,8.789473684210526,9.842105263157896,1,0,2,11.0,55.0,0.0,2015,1.0,0
2014,826,Daniil,Kvyat,8.0,19,11.157894736842104,13.631578947368421,0,0,9,15.0,8.0,0.0,2015,1.0,0
2014,827,André,Lotterer,0.0,1,21.0,22.0,0,0,22,24.0,0.0,0.0,2015,1.0,0
2014,828,Marcus,Ericsson,0.0,16,20.1875,17.9375,0,0,11,19.0,0.0,0.0,2015,1.0,0
2014,829,Will,Stevens,0.0,1,17.0,17.0,0,0,17,23.0,0.0,0.0,2015,1.0,0
2015,1,Lewis,Hamilton,381.0,19,1.5789473684210527,2.5789473684210527,17,10,1,1.0,381.0,10.0,2016,3.0,0
2015,3,Nico,Rosberg,322.0,19,2.0526315789473686,3.8421052631578947,15,6,1,2.0,322.0,6.0,2016,3.0,1
2015,4,Fernando,Alonso,11.0,18,15.666666666666666,14.88888888888889,0,0,5,17.0,11.0,0.0,2016,3.0,0
2015,8,Kimi,Räikkönen,150.0,19,7.473684210526316,7.947368421052632,3,0,2,4.0,150.0,0.0,2016,3.0,0
2015,13,Felipe,Massa,121.0,19,7.421052631578948,9.0,2,0,3,6.0,121.0,0.0,2016,3.0,0
2015,18,Jenson,Button,16.0,19,15.947368421052632,13.947368421052632,0,0,6,16.0,16.0,0.0,2016,3.0,0
2015,20,Sebastian,Vettel,278.0,19,5.315789473684211,4.105263157894737,13,3,1,3.0,278.0,3.0,2016,3.0,0
2015,154,Romain,Grosjean,51.0,19,10.263157894736842,11.157894736842104,1,0,3,11.0,51.0,0.0,2016,3.0,0
2015,807,Nico,Hülkenberg,58.0,19,9.894736842105264,11.947368421052632,0,0,6,10.0,58.0,0.0,2016,3.0,0
2015,813,Pastor,Maldonado,27.0,19,11.842105263157896,13.894736842105264,0,0,7,14.0,27.0,0.0,2016,3.0,0
2015,815,Sergio,Pérez,78.0,19,10.263157894736842,9.105263157894736,1,0,3,9.0,78.0,0.0,2016,3.0,0
2015,817,Daniel,Ricciardo,92.0,19,8.105263157894736,9.157894736842104,2,0,2,8.0,92.0,0.0,2016,3.0,0
2015,822,Valtteri,Bottas,136.0,19,6.052631578947368,8.0,2,0,3,5.0,136.0,0.0,2016,3.0,0
2015,825,Kevin,Magnussen,0.0,1,17.0,17.0,0,0,17,22.0,0.0,0.0,2016,3.0,0
2015,826,Daniil,Kvyat,95.0,19,9.68421052631579,8.842105263157896,1,0,2,7.0,95.0,0.0,2016,3.0,0
2015,828,Marcus,Ericsson,9.0,19,14.0,13.0,0,0,8,18.0,9.0,0.0,2016,3.0,0
2015,829,Will,Stevens,0.0,18,16.77777777777778,16.61111111111111,0,0,13,21.0,0.0,0.0,2016,3.0,0
2015,830,Max,Verstappen,49.0,19,11.368421052631579,11.157894736842104,0,0,4,12.0,49.0,0.0,2016,3.0,0
2015,831,Felipe,Nasr,27.0,19,13.894736842105264,12.105263157894736,0,0,5,13.0,27.0,0.0,2016,3.0,0
2015,832,Carlos,Sainz,18.0,19,11.31578947368421,12.631578947368421,0,0,7,15.0,18.0,0.0,2016,3.0,0
2015,833,Roberto,Merhi,0.0,13,18.23076923076923,15.692307692307692,0,0,12,19.0,0.0,0.0,2016,3.0,0
2015,834,Alexander,Rossi,0.0,5,17.8,15.4,0,0,12,20.0,0.0,0.0,2016,3.0,0
2016,1,Lewis,Hamilton,380.0,21,4.142857142857143,3.761904761904762,17,10,1,2.0,380.0,10.0,2017,1.0,1
2016,3,Nico,Rosberg,385.0,21,1.8095238095238095,3.1904761904761907,16,9,1,1.0,385.0,9.0,2017,1.0,0
2016,4,Fernando,Alonso,54.0,20,12.15,11.6,0,0,5,10.0,54.0,0.0,2017,1.0,0
2016,8,Kimi,Räikkönen,186.0,21,5.333333333333333,7.523809523809524,4,0,2,6.0,186.0,0.0,2017,1.0,0
2016,13,Felipe,Massa,53.0,21,9.857142857142858,11.380952380952381,0,0,5,11.0,53.0,0.0,2017,1.0,0
2016,18,Jenson,Button,21.0,21,13.0,13.904761904761905,0,0,6,15.0,21.0,0.0,2017,1.0,0
2016,20,Sebastian,Vettel,212.0,21,6.0476190476190474,7.285714285714286,7,0,2,4.0,212.0,0.0,2017,1.0,0
2016,154,Romain,Grosjean,29.0,21,14.047619047619047,13.857142857142858,0,0,5,13.0,29.0,0.0,2017,1.0,0
2016,807,Nico,Hülkenberg,72.0,21,8.380952380952381,11.333333333333334,0,0,4,9.0,72.0,0.0,2017,1.0,0
2016,815,Sergio,Pérez,101.0,21,9.761904761904763,8.571428571428571,2,0,3,7.0,101.0,0.0,2017,1.0,0
2016,817,Daniel,Ricciardo,256.0,21,3.9047619047619047,4.380952380952381,8,1,1,3.0,256.0,1.0,2017,1.0,0
2016,821,Esteban,Gutiérrez,0.0,21,13.952380952380953,15.047619047619047,0,0,11,21.0,0.0,0.0,2017,1.0,0
2016,822,Valtteri,Bottas,85.0,21,8.285714285714286,9.666666666666666,1,0,3,8.0,85.0,0.0,2017,1.0,0
2016,825,Kevin,Magnussen,7.0,21,17.142857142857142,15.047619047619047,0,0,7,16.0,7.0,0.0,2017,1.0,0
2016,826,Daniil,Kvyat,25.0,21,12.666666666666666,14.476190476190476,1,0,3,14.0,25.0,0.0,2017,1.0,0
2016,828,Marcus,Ericsson,0.0,21,18.61904761904762,15.857142857142858,0,0,11,22.0,0.0,0.0,2017,1.0,0
2016,830,Max,Verstappen,204.0,21,5.0476190476190474,6.904761904761905,7,1,1,5.0,204.0,1.0,2017,1.0,0
2016,831,Felipe,Nasr,2.0,21,17.714285714285715,16.0,0,0,9,17.0,2.0,0.0,2017,1.0,0
2016,832,Carlos,Sainz,46.0,21,12.047619047619047,12.047619047619047,0,0,6,12.0,46.0,0.0,2017,1.0,0
2016,835,Jolyon,Palmer,1.0,21,17.238095238095237,16.0,0,0,10,18.0,1.0,0.0,2017,1.0,0
2016,836,Pascal,Wehrlein,1.0,21,18.19047619047619,17.285714285714285,0,0,10,19.0,1.0,0.0,2017,1.0,0
2016,837,Rio,Haryanto,0.0,12,19.833333333333332,18.666666666666668,0,0,15,24.0,0.0,0.0,2017,1.0,0
2016,838,Stoffel,Vandoorne,1.0,1,12.0,10.0,0,0,10,20.0,1.0,0.0,2017,1.0,0
2016,839,Esteban,Ocon,0.0,9,20.444444444444443,17.0,0,0,12,23.0,0.0,0.0,2017,1.0,0
2017,1,Lewis,Hamilton,363.0,20,3.6,2.7,13,9,1,1.0,363.0,9.0,2018,1.0,1
2017,4,Fernando,Alonso,17.0,19,12.736842105263158,13.789473684210526,0,0,6,15.0,17.0,0.0,2018,1.0,0
2017,8,Kimi,Räikkönen,205.0,20,3.75,6.8,7,0,2,4.0,205.0,0.0,2018,1.0,0
2017,13,Felipe,Massa,43.0,19,10.263157894736842,10.210526315789474,0,0,6,11.0,43.0,0.0,2018,1.0,0
2017,18,Jenson,Button,0.0,1,20.0,18.0,0,0,18,24.0,0.0,0.0,2018,1.0,0
2017,20,Sebastian,Vettel,317.0,20,3.15,4.15,13,5,1,2.0,317.0,5.0,2018,1.0,0
2017,154,Romain,Grosjean,28.0,20,13.2,12.25,0,0,6,13.0,28.0,0.0,2018,1.0,0
2017,807,Nico,Hülkenberg,43.0,20,9.65,12.4,0,0,6,10.0,43.0,0.0,2018,1.0,0
2017,814,Paul,di Resta,0.0,1,19.0,18.0,0,0,18,25.0,0.0,0.0,2018,1.0,0
2017,815,Sergio,Pérez,100.0,20,8.85,8.25,0,0,4,7.0,100.0,0.0,2018,1.0,0
2017,817,Daniel,Ricciardo,200.0,20,7.0,8.0,9,1,1,5.0,200.0,1.0,2018,1.0,0
2017,822,Valtteri,Bottas,305.0,20,3.35,3.65,13,3,1,3.0,305.0,3.0,2018,1.0,0
2017,825,Kevin,Magnussen,19.0,20,14.2,12.85,0,0,7,14.0,19.0,0.0,2018,1.0,0
2017,826,Daniil,Kvyat,5.0,15,12.266666666666667,13.4,0,0,9,19.0,5.0,0.0,2018,1.0,0
2017,828,Marcus,Ericsson,0.0,20,16.85,15.35,0,0,11,20.0,0.0,0.0,2018,1.0,0
2017,830,Max,Verstappen,168.0,20,6.1,9.3,4,2,1,6.0,168.0,2.0,2018,1.0,0
2017,832,Carlos,Sainz,54.0,20,11.65,12.25,0,0,4,9.0,54.0,0.0,2018,1.0,0
2017,835,Jolyon,Palmer,8.0,16,15.125,14.3125,0,0,6,17.0,8.0,0.0,2018,1.0,0
2017,836,Pascal,Wehrlein,5.0,18,16.444444444444443,14.777777777777779,0,0,8,18.0,5.0,0.0,2018,1.0,0
2017,838,Stoffel,Vandoorne,13.0,20,14.6,13.7,0,0,7,16.0,13.0,0.0,2018,1.0,0
2017,839,Esteban,Ocon,87.0,20,9.5,8.45,0,0,5,8.0,87.0,0.0,2018,1.0,0
2017,840,Lance,Stroll,40.0,20,14.15,12.4,1,0,3,12.0,40.0,0.0,2018,1.0,0
2017,841,Antonio,Giovinazzi,0.0,2,17.0,15.5,0,0,12,22.0,0.0,0.0,2018,1.0,0
2017,842,Pierre,Gasly,0.0,5,17.0,13.6,0,0,12,21.0,0.0,0.0,2018,1.0,0
2017,843,Brendon,Hartley,0.0,4,18.5,15.75,0,0,13,23.0,0.0,0.0,2018,1.0,0
2018,1,Lewis,Hamilton,408.0,21,2.7142857142857144,2.619047619047619,17,11,1,1.0,408.0,11.0,2019,1.0,1
2018,4,Fernando,Alonso,50.0,21,12.904761904761905,12.666666666666666,0,0,5,11.0,50.0,0.0,2019,1.0,0
2018,8,Kimi,Räikkönen,251.0,21,3.761904761904762,6.0,12,1,1,3.0,251.0,1.0,2019,1.0,0
2018,20,Sebastian,Vettel,320.0,21,2.857142857142857,3.857142857142857,12,5,1,2.0,320.0,5.0,2019,1.0,0
2018,154,Romain,Grosjean,37.0,21,10.142857142857142,12.571428571428571,0,0,4,14.0,37.0,0.0,2019,1.0,0
2018,807,Nico,Hülkenberg,69.0,21,11.285714285714286,11.857142857142858,0,0,5,7.0,69.0,0.0,2019,1.0,0
2018,815,Sergio,Pérez,62.0,21,11.19047619047619,10.571428571428571,1,0,3,8.0,62.0,0.0,2019,1.0,0
2018,817,Daniel,Ricciardo,170.0,21,8.19047619047619,9.19047619047619,2,2,1,6.0,170.0,2.0,2019,1.0,0
2018,822,Valtteri,Bottas,247.0,21,4.142857142857143,5.095238095238095,8,0,2,5.0,247.0,0.0,2019,1.0,0
2018,825,Kevin,Magnussen,56.0,21,10.285714285714286,11.380952380952381,0,0,5,9.0,56.0,0.0,2019,1.0,0
2018,828,Marcus,Ericsson,9.0,21,15.238095238095237,13.19047619047619,0,0,9,17.0,9.0,0.0,2019,1.0,0
2018,830,Max,Verstappen,249.0,21,7.0476190476190474,6.095238095238095,11,2,1,4.0,249.0,2.0,2019,1.0,0
2018,832,Carlos,Sainz,53.0,21,10.0,10.285714285714286,0,0,5,10.0,53.0,0.0,2019,1.0,0
2018,838,Stoffel,Vandoorne,12.0,21,15.904761904761905,12.857142857142858,0,0,8,16.0,12.0,0.0,2019,1.0,0
2018,839,Esteban,Ocon,49.0,21,10.19047619047619,11.80952380952381,0,0,6,12.0,49.0,0.0,2019,1.0,0
2018,840,Lance,Stroll,6.0,21,16.38095238095238,14.285714285714286,0,0,8,18.0,6.0,0.0,2019,1.0,0
2018,842,Pierre,Gasly,29.0,21,13.428571428571429,12.857142857142858,0,0,4,15.0,29.0,0.0,2019,1.0,0
2018,843,Brendon,Hartley,4.0,21,14.666666666666666,14.904761904761905,0,0,9,19.0,4.0,0.0,2019,1.0,0
2018,844,Charles,Leclerc,39.0,21,12.428571428571429,12.380952380952381,0,0,6,13.0,39.0,0.0,2019,1.0,0
2018,845,Sergey,Sirotkin,1.0,21,16.285714285714285,15.523809523809524,0,0,10,20.0,1.0,0.0,2019,1.0,0
2019,1,Lewis,Hamilton,413.0,21,2.3333333333333335,2.380952380952381,17,11,1,1.0,413.0,11.0,2020,1.0,1
2019,8,Kimi,Räikkönen,43.0,21,10.523809523809524,11.619047619047619,0,0,4,12.0,43.0,0.0,2020,1.0,0
2019,9,Robert,Kubica,1.0,21,15.952380952380953,17.0,0,0,10,19.0,1.0,0.0,2020,1.0,0
2019,20,Sebastian,Vettel,240.0,21,4.238095238095238,6.428571428571429,9,1,1,5.0,240.0,1.0,2020,1.0,0
2019,154,Romain,Grosjean,8.0,21,11.571428571428571,15.047619047619047,0,0,7,18.0,8.0,0.0,2020,1.0,0
2019,807,Nico,Hülkenberg,37.0,21,10.428571428571429,11.80952380952381,0,0,5,14.0,37.0,0.0,2020,1.0,0
2019,815,Sergio,Pérez,52.0,21,12.238095238095237,10.80952380952381,0,0,6,10.0,52.0,0.0,2020,1.0,0
2019,817,Daniel,Ricciardo,54.0,21,10.619047619047619,12.142857142857142,0,0,4,9.0,54.0,0.0,2020,1.0,0
2019,822,Valtteri,Bottas,326.0,21,3.7142857142857144,4.095238095238095,15,4,1,2.0,326.0,4.0,2020,1.0,0
2019,825,Kevin,Magnussen,20.0,21,10.952380952380953,13.761904761904763,0,0,6,16.0,20.0,0.0,2020,1.0,0
2019,826,Daniil,Kvyat,37.0,21,13.380952380952381,11.857142857142858,1,0,3,13.0,37.0,0.0,2020,1.0,0
2019,830,Max,Verstappen,278.0,21,4.714285714285714,5.0,9,3,1,3.0,278.0,3.0,2020,1.0,0
2019,832,Carlos,Sainz,96.0,21,10.285714285714286,10.047619047619047,1,0,3,6.0,96.0,0.0,2020,1.0,0
2019,840,Lance,Stroll,21.0,21,15.285714285714286,12.761904761904763,0,0,4,15.0,21.0,0.0,2020,1.0,0
2019,841,Antonio,Giovinazzi,14.0,21,13.80952380952381,13.857142857142858,0,0,5,17.0,14.0,0.0,2020,1.0,0
2019,842,Pierre,Gasly,95.0,21,9.047619047619047,9.333333333333334,1,0,2,7.0,95.0,0.0,2020,1.0,0
2019,844,Charles,Leclerc,264.0,21,4.285714285714286,5.571428571428571,10,2,1,4.0,264.0,2.0,2020,1.0,0
2019,846,Lando,Norris,49.0,21,9.333333333333334,11.333333333333334,0,0,6,11.0,49.0,0.0,2020,1.0,0
2019,847,George,Russell,0.0,21,16.761904761904763,15.80952380952381,0,0,11,20.0,0.0,0.0,2020,1.0,0
2019,848,Alexander,Albon,92.0,21,9.238095238095237,9.333333333333334,0,0,4,8.0,92.0,0.0,2020,1.0,0
2020,1,Lewis,Hamilton,347.0,16,1.875,1.875,14,11,1,1.0,347.0,11.0,2021,830.0,0
2020,8,Kimi,Räikkönen,4.0,17,16.352941176470587,13.058823529411764,0,0,9,16.0,4.0,0.0,2021,830.0,0
2020,20,Sebastian,Vettel,33.0,17,12.058823529411764,11.529411764705882,1,0,3,13.0,33.0,0.0,2021,830.0,0
2020,154,Romain,Grosjean,2.0,15,14.133333333333333,15.333333333333334,0,0,9,19.0,2.0,0.0,2021,830.0,0
2020,807,Nico,Hülkenberg,10.0,3,12.0,11.666666666666666,0,0,7,15.0,10.0,0.0,2021,830.0,0
2020,815,Sergio,Pérez,125.0,15,7.4,7.4,2,1,1,4.0,125.0,1.0,2021,830.0,0
2020,817,Daniel,Ricciardo,119.0,17,7.588235294117647,7.470588235294118,2,0,3,5.0,119.0,0.0,2021,830.0,0
2020,822,Valtteri,Bottas,223.0,17,2.2941176470588234,5.176470588235294,11,2,1,2.0,223.0,2.0,2021,830.0,0
2020,825,Kevin,Magnussen,1.0,17,15.764705882352942,15.941176470588236,0,0,10,20.0,1.0,0.0,2021,830.0,0
2020,826,Daniil,Kvyat,32.0,17,12.235294117647058,11.058823529411764,0,0,4,14.0,32.0,0.0,2021,830.0,0
2020,830,Max,Verstappen,214.0,17,3.0588235294117645,7.117647058823529,11,2,1,3.0,214.0,2.0,2021,830.0,1
2020,832,Carlos,Sainz,105.0,17,8.352941176470589,8.941176470588236,1,0,2,6.0,105.0,0.0,2021,830.0,0
2020,839,Esteban,Ocon,62.0,17,10.058823529411764,10.411764705882353,1,0,2,12.0,62.0,0.0,2021,830.0,0
2020,840,Lance,Stroll,75.0,16,8.4375,10.4375,2,0,3,11.0,75.0,0.0,2021,830.0,0
2020,841,Antonio,Giovinazzi,4.0,17,16.764705882352942,14.647058823529411,0,0,9,17.0,4.0,0.0,2021,830.0,0
2020,842,Pierre,Gasly,75.0,17,10.235294117647058,10.352941176470589,1,1,1,10.0,75.0,1.0,2021,830.0,0
2020,844,Charles,Leclerc,98.0,17,8.470588235294118,9.882352941176471,2,0,2,8.0,98.0,0.0,2021,830.0,0
2020,846,Lando,Norris,97.0,17,8.764705882352942,8.294117647058824,1,0,3,9.0,97.0,0.0,2021,830.0,0
2020,847,George,Russell,3.0,17,13.764705882352942,15.294117647058824,0,0,9,18.0,3.0,0.0,2021,830.0,0
2020,848,Alexander,Albon,105.0,17,7.352941176470588,8.294117647058824,2,0,3,7.0,105.0,0.0,2021,830.0,0
2020,849,Nicholas,Latifi,0.0,17,17.470588235294116,15.764705882352942,0,0,11,21.0,0.0,0.0,2021,830.0,0
2020,850,Pietro,Fittipaldi,0.0,2,18.5,18.0,0,0,17,23.0,0.0,0.0,2021,830.0,0
2020,851,Jack,Aitken,0.0,1,17.0,16.0,0,0,16,22.0,0.0,0.0,2021,830.0,0
2021,1,Lewis,Hamilton,385.5,22,3.090909090909091,3.409090909090909,17,8,1,2.0,387.5,8.0,2022,830.0,0
2021,4,Fernando,Alonso,81.0,22,10.5,9.909090909090908,1,0,3,10.0,81.0,0.0,2022,830.0,0
2021,8,Kimi,Räikkönen,10.0,20,13.4,13.2,0,0,8,16.0,10.0,0.0,2022,830.0,0
2021,9,Robert,Kubica,0.0,2,16.5,14.5,0,0,14,20.0,0.0,0.0,2022,830.0,0
2021,20,Sebastian,Vettel,43.0,22,11.181818181818182,12.045454545454545,1,0,2,12.0,43.0,0.0,2022,830.0,0
2021,815,Sergio,Pérez,190.0,22,4.409090909090909,7.545454545454546,5,1,1,4.0,190.0,1.0,2022,830.0,0
2021,817,Daniel,Ricciardo,114.0,22,9.681818181818182,8.590909090909092,1,1,1,8.0,115.0,1.0,2022,830.0,0
2021,822,Valtteri,Bottas,219.0,22,5.590909090909091,7.409090909090909,11,1,1,3.0,226.0,1.0,2022,830.0,0
2021,830,Max,Verstappen,388.5,22,2.8636363636363638,4.136363636363637,18,10,1,1.0,395.5,10.0,2022,830.0,1
2021,832,Carlos,Sainz,163.5,22,7.909090909090909,6.5,4,0,2,5.0,164.5,0.0,2022,830.0,0
2021,839,Esteban,Ocon,74.0,22,10.681818181818182,10.590909090909092,1,1,1,11.0,74.0,1.0,2022,830.0,0
2021,840,Lance,Stroll,34.0,22,13.090909090909092,11.954545454545455,0,0,6,13.0,34.0,0.0,2022,830.0,0
2021,841,Antonio,Giovinazzi,3.0,22,12.818181818181818,13.090909090909092,0,0,9,18.0,3.0,0.0,2022,830.0,0
2021,842,Pierre,Gasly,110.0,22,6.363636363636363,9.363636363636363,1,0,3,9.0,110.0,0.0,2022,830.0,0
2021,844,Charles,Leclerc,159.0,22,6.454545454545454,7.7272727272727275,1,0,2,7.0,159.0,0.0,2022,830.0,0
2021,846,Lando,Norris,160.0,22,6.863636363636363,7.0,4,0,2,6.0,160.0,0.0,2022,830.0,0
2021,847,George,Russell,16.0,22,13.0,13.909090909090908,1,0,2,15.0,16.0,0.0,2022,830.0,0
2021,849,Nicholas,Latifi,7.0,22,15.227272727272727,15.545454545454545,0,0,7,17.0,7.0,0.0,2022,830.0,0
2021,852,Yuki,Tsunoda,32.0,22,11.5,13.181818181818182,0,0,4,14.0,32.0,0.0,2022,830.0,0
2021,853,Nikita,Mazepin,0.0,22,18.5,17.863636363636363,0,0,14,21.0,0.0,0.0,2022,830.0,0
2021,854,Mick,Schumacher,0.0,22,17.545454545454547,16.90909090909091,0,0,12,19.0,0.0,0.0,2022,830.0,0
2022,1,Lewis,Hamilton,233.0,22,6.5,6.045454545454546,9,0,2,6.0,240.0,0.0,2023,830.0,0
2022,4,Fernando,Alonso,81.0,22,9.409090909090908,10.863636363636363,0,0,5,9.0,81.0,0.0,2023,830.0,0
2022,20,Sebastian,Vettel,37.0,20,12.6,11.45,0,0,6,12.0,37.0,0.0,2023,830.0,0
2022,807,Nico,Hülkenberg,0.0,2,17.0,14.5,0,0,12,22.0,0.0,0.0,2023,830.0,0
2022,815,Sergio,Pérez,291.0,22,4.818181818181818,5.409090909090909,11,2,1,3.0,305.0,2.0,2023,830.0,0
2022,817,Daniel,Ricciardo,34.0,22,11.409090909090908,12.5,0,0,5,11.0,37.0,0.0,2023,830.0,0
2022,822,Valtteri,Bottas,47.0,22,10.454545454545455,12.090909090909092,0,0,5,10.0,49.0,0.0,2023,830.0,0
2022,825,Kevin,Magnussen,21.0,22,12.954545454545455,14.136363636363637,0,0,5,13.0,25.0,0.0,2023,830.0,0
2022,830,Max,Verstappen,433.0,22,3.409090909090909,3.5,17,15,1,1.0,454.0,15.0,2023,830.0,1
2022,832,Carlos,Sainz,228.0,22,4.7272727272727275,7.863636363636363,9,1,1,5.0,246.0,1.0,2023,830.0,0
2022,839,Esteban,Ocon,89.0,22,10.727272727272727,8.863636363636363,0,0,4,8.0,92.0,0.0,2023,830.0,0
2022,840,Lance,Stroll,18.0,22,14.227272727272727,12.045454545454545,0,0,6,15.0,18.0,0.0,2023,830.0,0
2022,842,Pierre,Gasly,23.0,22,10.772727272727273,12.454545454545455,0,0,5,14.0,23.0,0.0,2023,830.0,0
2022,844,Charles,Leclerc,291.0,22,3.909090909090909,5.5,11,3,1,2.0,308.0,3.0,2023,830.0,0
2022,846,Lando,Norris,116.0,22,8.045454545454545,8.772727272727273,1,0,3,7.0,122.0,0.0,2023,830.0,0
2022,847,George,Russell,262.0,22,5.454545454545454,5.0,8,1,1,4.0,275.0,1.0,2023,830.0,0
2022,848,Alexander,Albon,4.0,21,15.619047619047619,13.904761904761905,0,0,9,19.0,4.0,0.0,2023,830.0,0
2022,849,Nicholas,Latifi,2.0,22,17.5,16.227272727272727,0,0,9,20.0,2.0,0.0,2023,830.0,0
2022,852,Yuki,Tsunoda,12.0,22,12.227272727272727,14.590909090909092,0,0,7,17.0,12.0,0.0,2023,830.0,0
2022,854,Mick,Schumacher,12.0,22,13.136363636363637,14.409090909090908,0,0,6,16.0,12.0,0.0,2023,830.0,0
2022,855,Guanyu,Zhou,6.0,22,13.363636363636363,14.318181818181818,0,0,8,18.0,6.0,0.0,2023,830.0,0
2022,856,Nyck,de Vries,2.0,1,8.0,9.0,0,0,9,21.0,2.0,0.0,2023,830.0,0
2023,1,Lewis,Hamilton,217.0,22,6.090909090909091,6.181818181818182,6,0,2,3.0,234.0,0.0,2024,830.0,0
2023,4,Fernando,Alonso,198.0,22,6.045454545454546,6.636363636363637,8,0,2,4.0,206.0,0.0,2024,830.0,0
2023,807,Nico,Hülkenberg,6.0,22,9.681818181818182,14.545454545454545,0,0,7,16.0,9.0,0.0,2024,830.0,0
2023,815,Sergio,Pérez,260.0,22,7.454545454545454,5.863636363636363,9,2,1,2.0,285.0,2.0,2024,830.0,0
2023,817,Daniel,Ricciardo,6.0,7,13.714285714285714,12.714285714285714,0,0,7,17.0,6.0,0.0,2024,830.0,0
2023,822,Valtteri,Bottas,10.0,22,13.0,13.954545454545455,0,0,8,15.0,10.0,0.0,2024,830.0,0
2023,825,Kevin,Magnussen,3.0,22,12.545454545454545,15.590909090909092,0,0,10,19.0,3.0,0.0,2024,830.0,0
2023,830,Max,Verstappen,530.0,22,3.1818181818181817,1.2727272727272727,21,19,1,1.0,575.0,19.0,2024,830.0,1
2023,832,Carlos,Sainz,178.0,22,5.7727272727272725,7.5,3,1,1,7.0,200.0,1.0,2024,830.0,0
2023,839,Esteban,Ocon,56.0,22,10.409090909090908,11.863636363636363,1,0,3,12.0,58.0,0.0,2024,830.0,0
2023,840,Lance,Stroll,68.0,22,10.090909090909092,11.181818181818182,0,0,4,10.0,74.0,0.0,2024,830.0,0
2023,842,Pierre,Gasly,54.0,22,11.136363636363637,10.681818181818182,1,0,3,11.0,62.0,0.0,2024,830.0,0
2023,844,Charles,Leclerc,185.0,22,4.863636363636363,8.227272727272727,6,0,2,5.0,206.0,0.0,2024,830.0,0
2023,846,Lando,Norris,184.0,22,7.954545454545454,8.0,7,0,2,6.0,205.0,0.0,2024,830.0,0
2023,847,George,Russell,157.0,22,6.454545454545454,8.090909090909092,2,0,3,8.0,175.0,0.0,2024,830.0,0
2023,848,Alexander,Albon,25.0,22,11.954545454545455,12.409090909090908,0,0,7,13.0,27.0,0.0,2024,830.0,0
2023,852,Yuki,Tsunoda,14.0,22,13.818181818181818,13.181818181818182,0,0,8,14.0,17.0,0.0,2024,830.0,0
2023,855,Guanyu,Zhou,6.0,22,14.772727272727273,14.045454545454545,0,0,9,18.0,6.0,0.0,2024,830.0,0
2023,856,Nyck,de Vries,0.0,10,14.6,15.9,0,0,12,22.0,0.0,0.0,2024,830.0,0
2023,857,Oscar,Piastri,82.0,22,9.636363636363637,10.909090909090908,2,0,2,9.0,97.0,0.0,2024,830.0,0
2023,858,Logan,Sargeant,1.0,22,15.909090909090908,15.818181818181818,0,0,10,21.0,1.0,0.0,2024,830.0,0
2023,859,Liam,Lawson,2.0,5,13.8,12.2,0,0,9,20.0,2.0,0.0,2024,830.0,0
2024,1,Lewis,Hamilton,207.0,24,8.041666666666666,6.958333333333333,5,2,1,7.0,223.0,2.0,2025,846.0,0
2024,4,Fernando,Alonso,70.0,24,9.416666666666666,10.166666666666666,0,0,5,9.0,70.0,0.0,2025,846.0,0
2024,807,Nico,Hülkenberg,36.0,24,11.833333333333334,11.625,0,0,6,11.0,41.0,0.0,2025,846.0,0
2024,815,Sergio,Pérez,138.0,24,8.541666666666666,9.625,4,0,2,8.0,152.0,0.0,2025,846.0,0
2024,817,Daniel,Ricciardo,7.0,18,13.11111111111111,13.38888888888889,0,0,8,17.0,12.0,0.0,2025,846.0,0
2024,822,Valtteri,Bottas,0.0,24,14.25,15.833333333333334,0,0,11,22.0,0.0,0.0,2025,846.0,0
2024,825,Kevin,Magnussen,14.0,22,13.727272727272727,13.363636363636363,0,0,7,15.0,16.0,0.0,2025,846.0,0
2024,830,Max,Verstappen,399.0,24,3.5416666666666665,3.625,14,9,1,1.0,437.0,9.0,2025,846.0,0
2024,832,Carlos,Sainz,262.0,23,4.826086956521739,5.695652173913044,9,2,1,5.0,290.0,2.0,2025,846.0,0
2024,839,Esteban,Ocon,23.0,23,12.565217391304348,13.695652173913043,1,0,2,14.0,23.0,0.0,2025,846.0,0
2024,840,Lance,Stroll,24.0,24,12.666666666666666,13.375,0,0,6,13.0,24.0,0.0,2025,846.0,0
2024,842,Pierre,Gasly,40.0,24,12.291666666666666,12.875,1,0,3,10.0,42.0,0.0,2025,846.0,0
2024,844,Charles,Leclerc,327.0,24,5.416666666666667,4.541666666666667,13,3,1,3.0,356.0,3.0,2025,846.0,0
2024,846,Lando,Norris,344.0,24,3.375,4.291666666666667,13,4,1,2.0,374.0,4.0,2025,846.0,1
2024,847,George,Russell,226.0,24,5.625,6.75,4,2,1,6.0,245.0,2.0,2025,846.0,0
2024,848,Alexander,Albon,12.0,24,12.041666666666666,14.541666666666666,0,0,7,16.0,12.0,0.0,2025,846.0,0
2024,852,Yuki,Tsunoda,29.0,24,11.083333333333334,13.166666666666666,0,0,7,12.0,30.0,0.0,2025,846.0,0
2024,855,Guanyu,Zhou,4.0,24,16.75,15.5,0,0,8,20.0,4.0,0.0,2025,846.0,0
2024,857,Oscar,Piastri,265.0,24,5.416666666666667,5.125,8,2,1,4.0,292.0,2.0,2025,846.0,0
2024,858,Logan,Sargeant,0.0,14,17.142857142857142,17.142857142857142,0,0,11,23.0,0.0,0.0,2025,846.0,0
2024,859,Liam,Lawson,4.0,6,13.166666666666666,13.5,0,0,9,21.0,4.0,0.0,2025,846.0,0
2024,860,Oliver,Bearman,7.0,3,12.0,9.666666666666666,0,0,7,18.0,7.0,0.0,2025,846.0,0
2024,861,Franco,Colapinto,5.0,9,13.777777777777779,13.555555555555555,0,0,8,19.0,5.0,0.0,2025,846.0,0
2024,862,Jack,Doohan,0.0,1,17.0,15.0,0,0,15,24.0,0.0,0.0,2025,846.0,0
